/*
SQLyog Ultimate v12.09 (64 bit)
MySQL - 8.0.41-0ubuntu0.22.04.1 : Database - mundotango_db
*********************************************************************
*/

/*!40101 SET NAMES utf8 */;

/*!40101 SET SQL_MODE=''*/;

/*!40014 SET @OLD_UNIQUE_CHECKS=@@UNIQUE_CHECKS, UNIQUE_CHECKS=0 */;
/*!40014 SET @OLD_FOREIGN_KEY_CHECKS=@@FOREIGN_KEY_CHECKS, FOREIGN_KEY_CHECKS=0 */;
/*!40101 SET @OLD_SQL_MODE=@@SQL_MODE, SQL_MODE='NO_AUTO_VALUE_ON_ZERO' */;
/*!40111 SET @OLD_SQL_NOTES=@@SQL_NOTES, SQL_NOTES=0 */;
CREATE DATABASE /*!32312 IF NOT EXISTS*/`mundotango_db` /*!40100 DEFAULT CHARACTER SET utf8mb4 COLLATE utf8mb4_0900_ai_ci */ /*!80016 DEFAULT ENCRYPTION='N' */;

USE `mundotango_db`;

/*Table structure for table `activities` */

DROP TABLE IF EXISTS `activities`;

CREATE TABLE `activities` (
  `id` int NOT NULL AUTO_INCREMENT,
  `parent_id` int DEFAULT NULL,
  `name` varchar(255) NOT NULL,
  `icon_url` varchar(255) CHARACTER SET latin1 COLLATE latin1_swedish_ci DEFAULT NULL,
  `createdAt` datetime NOT NULL,
  `updatedAt` datetime NOT NULL,
  `deletedAt` datetime DEFAULT NULL,
  PRIMARY KEY (`id`),
  KEY `parent_id` (`parent_id`),
  CONSTRAINT `activities_ibfk_1` FOREIGN KEY (`parent_id`) REFERENCES `activities` (`id`) ON DELETE CASCADE ON UPDATE CASCADE
) ENGINE=InnoDB AUTO_INCREMENT=6 DEFAULT CHARSET=latin1;

/*Data for the table `activities` */

insert  into `activities`(`id`,`parent_id`,`name`,`icon_url`,`createdAt`,`updatedAt`,`deletedAt`) values (1,NULL,'Hashtags','post/c700c143-993f-4ee0-8d33-9f6752fb79eb.png','2024-10-09 06:57:58','2024-10-09 06:57:58',NULL),(2,1,'Activity 2','post/00d4f127-bd6c-4024-b84a-c4ccc7e3238b.png','2024-10-09 06:58:16','2024-10-09 06:58:16',NULL),(3,1,'dance',NULL,'2025-02-09 22:19:40','2025-02-09 22:19:40',NULL),(4,1,'dance',NULL,'2025-02-09 22:19:40','2025-02-09 22:19:40',NULL),(5,1,'#cars',NULL,'2025-02-13 10:55:25','2025-02-13 10:55:25',NULL);

/*Table structure for table `attachments` */

DROP TABLE IF EXISTS `attachments`;

CREATE TABLE `attachments` (
  `id` int NOT NULL AUTO_INCREMENT,
  `instance_type` varchar(255) DEFAULT NULL,
  `instance_id` int DEFAULT NULL,
  `media_type` varchar(255) DEFAULT NULL,
  `media_url` varchar(255) DEFAULT NULL,
  `thumbnail_url` varchar(255) DEFAULT NULL,
  `createdAt` datetime NOT NULL,
  `updatedAt` datetime NOT NULL,
  `deletedAt` datetime DEFAULT NULL,
  PRIMARY KEY (`id`)
) ENGINE=InnoDB AUTO_INCREMENT=91 DEFAULT CHARSET=utf8mb4 COLLATE=utf8mb4_0900_ai_ci;

/*Data for the table `attachments` */

insert  into `attachments`(`id`,`instance_type`,`instance_id`,`media_type`,`media_url`,`thumbnail_url`,`createdAt`,`updatedAt`,`deletedAt`) values (1,'post',1,'image','post/6a5a5981-fe2d-4f3a-9471-219c98fd1281.jpeg',NULL,'2025-01-08 11:45:23','2025-01-08 11:45:23',NULL),(2,'post',2,'image','post/dbdf1bf7-551c-45f3-81f0-1c18921a1661.png',NULL,'2025-01-21 21:31:41','2025-01-21 21:31:42',NULL),(3,'post',2,'image','post/2a9e2418-371e-4dfc-b3b6-0ba03dc69c67.jpeg',NULL,'2025-01-21 21:31:41','2025-01-21 21:31:42',NULL),(4,'post',2,'image','post/09385b8a-b6da-47c3-87ae-b93dee80cf05.jpeg',NULL,'2025-01-21 21:31:41','2025-01-21 21:31:42',NULL),(5,'post',2,'image','post/05dcfe63-acac-42cb-bf01-b9fa41ef1b33.jpeg',NULL,'2025-01-21 21:31:41','2025-01-21 21:31:42',NULL),(6,'post',2,'image','post/7b1fd71f-908c-4ea4-b323-9700a12a6e09.jpeg',NULL,'2025-01-21 21:31:41','2025-01-21 21:31:42',NULL),(7,'post',2,'image','post/4cbedb26-cac9-40e1-ac26-12646a1ab431.jpeg',NULL,'2025-01-21 21:31:41','2025-01-21 21:31:42',NULL),(8,'post',2,'image','post/94909bfe-87d1-4dae-b9a1-79c9764eaac4.jpeg',NULL,'2025-01-21 21:31:42','2025-01-21 21:31:42',NULL),(9,'post',2,'image','post/32df896b-884f-4cc4-aeab-a12b74d56286.jpeg',NULL,'2025-01-21 21:31:42','2025-01-21 21:31:42',NULL),(10,'post',2,'image','post/f460e6ad-7869-402c-8a49-6e8fc3e70033.jpeg',NULL,'2025-01-21 21:31:42','2025-01-21 21:31:42',NULL),(11,'post',3,'video','post/d6f270bc-4efc-41bf-9806-65c33cfef24f.quicktime',NULL,'2025-01-21 21:38:54','2025-01-21 21:38:54',NULL),(12,'post',4,'video','post/7a01cb57-cdca-4b2a-8f81-98eb30429d37.quicktime',NULL,'2025-01-21 21:45:55','2025-01-21 21:45:55',NULL),(13,'post',5,'image','post/96a69886-08b7-4626-8392-17da67314ac8.webp',NULL,'2025-01-30 07:18:32','2025-01-30 07:18:32',NULL),(14,'post',6,'image','post/a01ae15d-3fcf-46f8-8f1b-23997e778df3.jpeg',NULL,'2025-02-07 13:11:08','2025-02-07 13:11:08',NULL),(15,'housing-host',12,'image','user/20474277-d61f-4c77-aca6-9b233b0015c9.png',NULL,'2025-02-09 21:49:07','2025-02-09 21:49:07',NULL),(16,'post',7,'image','post/4950bbae-dc54-439b-8d22-bbc63e25e9a5.png',NULL,'2025-02-09 22:17:01','2025-02-09 22:17:01',NULL),(17,'post',8,'image','post/4cc0b374-86e6-4db4-a166-7ba1c4a01f1d.png',NULL,'2025-02-09 22:21:04','2025-02-09 22:21:04',NULL),(18,'post',8,'image','post/59fc8822-3288-45e4-b156-a4f36e31839c.png',NULL,'2025-02-09 22:27:11','2025-02-09 22:27:11',NULL),(19,'post',9,'image','post/361b0f4e-9162-4dcf-b52c-073c64735a8b.jpeg',NULL,'2025-02-13 10:56:07','2025-02-13 10:56:07',NULL),(20,'post',9,'image','post/6014c2c2-9303-4ccc-9271-ec68c7013ed0.jpeg',NULL,'2025-02-13 10:56:07','2025-02-13 10:56:07',NULL),(21,'post',9,'image','post/718167ca-901d-4843-a898-ca90d3ef8132.jpeg',NULL,'2025-02-13 10:56:07','2025-02-13 10:56:07',NULL),(22,'post',10,'image','post/5b009b05-4ef9-471a-8b4b-57e506788006.jpeg',NULL,'2025-02-13 13:26:47','2025-02-13 13:26:47',NULL),(23,'post',12,'image','post/b062fe12-996a-43b6-88a0-d1023416b465.avif',NULL,'2025-02-24 09:18:09','2025-02-24 09:18:09',NULL),(24,'post',12,'image','post/1702d47f-c27b-4df6-ab7f-b0a8c0a4bb30.jpeg',NULL,'2025-02-24 09:18:09','2025-02-24 09:18:09',NULL),(25,'post',12,'image','post/334a2cc0-58c0-4a88-b0f8-caad4a4a7aca.avif',NULL,'2025-02-24 09:18:09','2025-02-24 09:18:09',NULL),(26,'post',13,'image','post/9a062c7f-af39-43a9-8821-298effd3a74c.jpeg',NULL,'2025-02-24 12:33:14','2025-02-24 12:33:14',NULL),(27,'post',14,'image','post/a671ad65-6d85-444e-96bc-06048d423c8d.avif',NULL,'2025-02-24 12:58:09','2025-02-24 12:58:09',NULL),(28,'post',14,'image','post/6fe7bac9-9c0c-44f1-9764-0bf257ced343.jpeg',NULL,'2025-02-24 12:58:09','2025-02-24 12:58:09',NULL),(29,'post',14,'image','post/a5d0ee4d-dd17-4348-8104-5190fcb0d560.avif',NULL,'2025-02-24 12:58:09','2025-02-24 12:58:09',NULL),(30,'post',15,'image','post/c454ce47-ca0b-4315-9ee1-6fdcab2aa45e.jpeg',NULL,'2025-02-24 13:01:47','2025-02-24 13:01:47',NULL),(31,'post',15,'image','post/d55aa5ea-265b-417a-a9df-440a177716f4.avif',NULL,'2025-02-24 13:01:47','2025-02-24 13:01:47',NULL),(32,'post',15,'image','post/73cb4353-6fc8-4091-be08-0ae2c411dd33.octet-stream',NULL,'2025-02-24 13:01:47','2025-02-24 13:01:47',NULL),(33,'post',16,'image','post/f66a2383-bd50-4524-8e9d-8017f6f27faa.jpeg',NULL,'2025-02-24 13:06:12','2025-02-24 13:06:12',NULL),(34,'post',16,'image','post/fb19b35e-ab08-4b2e-9620-ed1d6a5ca64d.avif',NULL,'2025-02-24 13:06:12','2025-02-24 13:06:12',NULL),(35,'post',16,'image','post/84f33d78-0c2d-4f97-8cb4-4b3a76cb7b4a.octet-stream',NULL,'2025-02-24 13:06:12','2025-02-24 13:06:12',NULL),(36,'post',17,'image','post/1a88162c-c1d0-4040-ab9a-29440c32471e.jpeg',NULL,'2025-02-24 13:31:59','2025-02-24 13:31:59',NULL),(37,'post',18,'image','post/2ad98b6e-14f8-4f11-b586-5430158eddc9.jpeg',NULL,'2025-02-24 13:39:17','2025-02-24 13:39:17',NULL),(38,'friend',1,'image','post/44d40471-7500-45b1-915b-a3bbb40c304c.webp',NULL,'2025-02-25 09:24:38','2025-02-25 09:24:38',NULL),(39,'post',19,'image','post/33b65120-e9e6-47e0-b418-5b3ced3a7e41.jpeg',NULL,'2025-02-25 09:31:15','2025-02-25 09:31:15',NULL),(40,'post',19,'image','post/7dfbf6d4-7517-4de8-ad62-c6ba8175e68d.jpeg',NULL,'2025-02-25 09:31:15','2025-02-25 09:31:15',NULL),(41,'post',19,'image','post/d200eac7-72c7-4fd5-ac6d-5779a5cad4b8.jpeg',NULL,'2025-02-25 09:31:15','2025-02-25 09:31:15',NULL),(42,'post',20,'image','post/4e37a358-53d8-4ce3-a7b7-bba4c1a05627.png',NULL,'2025-02-25 09:38:01','2025-02-25 09:38:01',NULL),(43,'post',21,'image','post/6d930bb5-a18f-4ada-8d06-c80d9b704805.png',NULL,'2025-02-25 09:38:40','2025-02-25 09:38:40',NULL),(44,'post',22,'image','post/2b35e083-f4b9-440a-b1e1-73d041c4d96a.jpeg',NULL,'2025-02-26 07:13:13','2025-02-26 07:13:13',NULL),(45,'post',22,'image','post/7e2b1cb3-1ed9-4711-bd81-2c33fe904420.jpeg',NULL,'2025-02-26 07:13:13','2025-02-26 07:13:13',NULL),(46,'post',22,'image','post/db0ef248-ea93-4e62-be44-2f82fb35da16.jpeg',NULL,'2025-02-26 07:13:13','2025-02-26 07:13:13',NULL),(47,'post',22,'image','post/2709a1ce-ad33-4551-b3d7-875e86ada44e.jpeg',NULL,'2025-02-26 07:13:13','2025-02-26 07:13:13',NULL),(48,'post',23,'video','post/4f2ab9e9-6778-496c-aa21-c50a6c7b2366.mp4',NULL,'2025-02-26 07:18:10','2025-02-26 07:18:10',NULL),(49,'post',23,'image','post/179d5ee9-ab51-4343-9ee4-36a1fddeef57.jpeg',NULL,'2025-02-26 07:18:10','2025-02-26 07:18:10',NULL),(50,'post',23,'image','post/d017269d-af31-4d67-809d-43476245c3dd.jpeg',NULL,'2025-02-26 07:18:10','2025-02-26 07:18:10',NULL),(51,'post',23,'image','post/b5bf90d5-10a8-4030-8437-3c875ca112bb.jpeg',NULL,'2025-02-26 07:18:10','2025-02-26 07:18:10',NULL),(52,'post',23,'image','post/9b4eca12-422b-40d7-974e-a9105f2a6688.jpeg',NULL,'2025-02-26 07:18:10','2025-02-26 07:18:10',NULL),(53,NULL,NULL,NULL,NULL,NULL,'2025-02-26 07:27:41','2025-02-26 07:27:41',NULL),(54,'post',24,'image','post/e6ad0a95-d71c-4947-8ee8-9e5e475327c1.jpeg',NULL,'2025-02-26 08:57:31','2025-02-26 08:57:31',NULL),(55,'post',25,'image','post/c7c5141b-19c3-4f9d-a420-95ef691e749b.jpeg',NULL,'2025-02-26 08:57:49','2025-02-26 08:57:49',NULL),(56,'post',25,'image','post/671ebd6e-64c1-4849-ac60-ff2e3ed632cb.jpeg',NULL,'2025-02-26 08:57:49','2025-02-26 08:57:49',NULL),(57,'post',25,'image','post/42d1fc47-606d-4eb7-b5c2-7e9d76f505da.jpeg',NULL,'2025-02-26 08:57:49','2025-02-26 08:57:49',NULL),(58,'post',26,'image','post/8bf8e768-39f0-4819-b5ae-15ac6bcd5c8e.jpeg',NULL,'2025-02-26 12:26:30','2025-02-26 12:26:30',NULL),(59,'post',26,'image','post/3d5ca2f6-7bba-48f3-bfc1-a83f20175c01.jpeg',NULL,'2025-02-26 12:26:30','2025-02-26 12:26:30',NULL),(60,'post',26,'image','post/51f9fe7b-61f3-4f7f-b2fe-da46a51eb78f.jpeg',NULL,'2025-02-26 12:26:30','2025-02-26 12:26:30',NULL),(61,'post',27,'image','post/3078d98d-c7ab-4f08-8bec-08fdbc1263bb.jpeg',NULL,'2025-02-26 12:27:01','2025-02-26 12:27:01',NULL),(62,'post',27,'image','post/fa5833dd-8df4-4e75-a153-3bdb48bfc19d.jpeg',NULL,'2025-02-26 12:27:01','2025-02-26 12:27:01',NULL),(63,'post',27,'image','post/65beb2d3-c018-4f37-933a-331d265e0ab2.jpeg',NULL,'2025-02-26 12:27:01','2025-02-26 12:27:01',NULL),(64,'housing-host',18,'image','user/42442dd2-4d90-47ae-9649-ad33914d7a58.png',NULL,'2025-03-02 15:09:57','2025-03-02 15:09:57',NULL),(65,'friend',2,'image','post/9fc11122-ea56-484b-bb51-61c978059376.png',NULL,'2025-03-02 22:51:32','2025-03-02 22:51:32',NULL),(66,'post',29,'image','post/a0c04a75-554d-49bc-a9a7-f057b9fa30b7.webp',NULL,'2025-03-02 23:48:11','2025-03-02 23:48:11',NULL),(67,'post',30,'video','post/08504903-9ead-4c6c-9591-ab43a8f87e00.quicktime',NULL,'2025-03-02 23:52:03','2025-03-02 23:52:03',NULL),(68,'post',31,'image','post/0b7f7571-02b7-4906-a994-dae973fd6774.png',NULL,'2025-03-02 23:55:05','2025-03-02 23:55:05',NULL),(69,'post',32,'video','post/91e29fc8-89f6-4259-b64b-be569e52d01d.quicktime',NULL,'2025-03-03 00:23:01','2025-03-03 00:23:01',NULL),(70,'post',33,'image','post/ab8bc5df-d8a4-4ec6-8eca-192bbac63425.png',NULL,'2025-03-03 00:23:13','2025-03-03 00:23:13',NULL),(71,'post',34,'image','post/8784b47b-c72f-4214-9b09-8faf610a8274.png',NULL,'2025-03-03 02:30:31','2025-03-03 02:30:31',NULL),(72,'post',35,'image','post/58468cfa-cba2-440b-bd57-0050d7077b5b.jpeg',NULL,'2025-03-03 02:31:47','2025-03-03 02:31:47',NULL),(73,'friend',3,'image','post/b6451045-3b8e-4a94-8fe1-3b3811c8139d.png',NULL,'2025-03-03 03:08:26','2025-03-03 03:08:26',NULL),(74,'friend',4,'image','post/c1beb7d5-8e6a-45c9-9fd0-0264b2469dfd.png',NULL,'2025-03-03 03:10:09','2025-03-03 03:10:09',NULL),(75,'post',36,'image','post/ae9d405c-4834-4fbf-ae94-1eabef9f077b.png',NULL,'2025-03-12 10:21:33','2025-03-12 10:21:33',NULL),(76,'post',43,'video','post/ac8cc96a-54fc-42ec-a2b3-e41b2576247a.mp4',NULL,'2025-03-12 11:45:46','2025-03-12 11:45:46',NULL),(77,NULL,NULL,NULL,NULL,NULL,'2025-03-12 11:51:07','2025-03-12 11:51:07',NULL),(78,'post',44,'image','post/bb01e339-778e-4fef-bc43-79121fa27852.jpeg',NULL,'2025-03-13 11:00:01','2025-03-13 11:00:01',NULL),(79,'post',45,'image','post/8aac66ad-b247-45b7-9f61-e0e3da2fca05.jpeg',NULL,'2025-03-13 11:09:05','2025-03-13 11:09:05',NULL),(80,'post',47,'image','post/7cbc8071-2345-4b05-944b-c2ae1a6ea6f3.jpeg',NULL,'2025-03-14 20:37:14','2025-03-14 20:37:14',NULL),(81,'post',48,'image','post/c4a40b06-51e9-4e30-a672-632079efb9a2.jpeg',NULL,'2025-03-14 20:42:06','2025-03-14 20:42:06',NULL),(82,NULL,NULL,NULL,NULL,NULL,'2025-03-14 20:45:58','2025-03-14 20:45:58',NULL),(83,'post',49,'video','post/038416cc-bac7-4683-a415-2de0236fd5c5.mp4',NULL,'2025-03-14 22:24:40','2025-03-14 22:24:40',NULL),(84,'post',50,'video','post/c0ea6f49-a1e7-4357-ab4d-237f32349d61.mp4',NULL,'2025-03-14 23:10:08','2025-03-14 23:10:08',NULL),(85,'post',51,'image','post/3c29012c-0672-44e9-90bb-43f405c9a323.jpeg',NULL,'2025-03-16 23:43:35','2025-03-16 23:43:35',NULL),(86,'post',52,'image','post/4b9c5194-af8c-4b7d-bc40-b9a72eb82af3.jpeg',NULL,'2025-03-17 09:54:13','2025-03-17 09:54:13',NULL),(87,'post',53,'video','post/fdfe397e-1646-4bbd-b52f-aa9d1af066f7.mp4',NULL,'2025-03-17 10:02:26','2025-03-17 10:02:26',NULL),(88,'post',55,'image','post/60b3c0ac-0093-490f-96e8-909c609214c0.jpeg',NULL,'2025-03-17 20:42:39','2025-03-17 20:42:39',NULL),(89,'post',57,'image','post/d62e4e2d-8139-4161-bed7-452a88d2193d.jpeg',NULL,'2025-03-21 12:07:52','2025-03-21 12:07:52',NULL),(90,'post',58,'image','post/16524af2-6ad8-432d-85eb-01c4272511f3.jpeg',NULL,'2025-03-21 17:30:48','2025-03-21 17:30:48',NULL);

/*Table structure for table `blocked_users` */

DROP TABLE IF EXISTS `blocked_users`;

CREATE TABLE `blocked_users` (
  `id` int NOT NULL AUTO_INCREMENT,
  `user_id` int NOT NULL,
  `blocked_user_id` int NOT NULL,
  `createdAt` datetime NOT NULL,
  `updatedAt` datetime NOT NULL,
  `deletedAt` datetime DEFAULT NULL,
  PRIMARY KEY (`id`),
  KEY `user_id` (`user_id`),
  KEY `blocked_user_id` (`blocked_user_id`),
  CONSTRAINT `blocked_users_ibfk_1` FOREIGN KEY (`user_id`) REFERENCES `users` (`id`) ON DELETE CASCADE ON UPDATE CASCADE,
  CONSTRAINT `blocked_users_ibfk_2` FOREIGN KEY (`blocked_user_id`) REFERENCES `users` (`id`) ON DELETE CASCADE ON UPDATE CASCADE
) ENGINE=InnoDB DEFAULT CHARSET=utf8mb4 COLLATE=utf8mb4_0900_ai_ci;

/*Data for the table `blocked_users` */

/*Table structure for table `chat_message_statuses` */

DROP TABLE IF EXISTS `chat_message_statuses`;

CREATE TABLE `chat_message_statuses` (
  `id` int NOT NULL AUTO_INCREMENT,
  `slug` varchar(100) NOT NULL,
  `user_slug` varchar(100) NOT NULL,
  `chat_room_slug` varchar(100) NOT NULL,
  `message_slug` varchar(100) NOT NULL,
  `is_sender` tinyint(1) DEFAULT '0',
  `is_read` tinyint(1) DEFAULT '0',
  `read_timestamp` datetime DEFAULT NULL,
  `deletedAt` datetime DEFAULT NULL,
  `createdAt` datetime NOT NULL,
  `updatedAt` datetime NOT NULL,
  PRIMARY KEY (`id`),
  UNIQUE KEY `slug` (`slug`),
  KEY `user_slug` (`user_slug`),
  KEY `chat_room_slug` (`chat_room_slug`),
  KEY `message_slug` (`message_slug`),
  CONSTRAINT `chat_message_statuses_ibfk_1` FOREIGN KEY (`user_slug`) REFERENCES `users` (`slug`) ON DELETE CASCADE,
  CONSTRAINT `chat_message_statuses_ibfk_2` FOREIGN KEY (`chat_room_slug`) REFERENCES `chat_rooms` (`slug`) ON DELETE CASCADE,
  CONSTRAINT `chat_message_statuses_ibfk_3` FOREIGN KEY (`message_slug`) REFERENCES `chat_messages` (`slug`) ON DELETE CASCADE
) ENGINE=InnoDB AUTO_INCREMENT=11 DEFAULT CHARSET=utf8mb4 COLLATE=utf8mb4_0900_ai_ci;

/*Data for the table `chat_message_statuses` */

insert  into `chat_message_statuses`(`id`,`slug`,`user_slug`,`chat_room_slug`,`message_slug`,`is_sender`,`is_read`,`read_timestamp`,`deletedAt`,`createdAt`,`updatedAt`) values (1,'63df90ed-9f8e-4ab8-8600-b63ffacbd34d','053ceaa5-eaff-4333-a220-5c31222021f5','01dbf8f1-37be-4ee3-a81b-084ee984494e','eb9ddc64-76cf-426c-9929-4e47cb612916',1,1,'2025-01-15 09:13:35',NULL,'2025-01-15 09:13:35','2025-01-15 09:13:35'),(2,'86aed7a2-0190-4428-be81-4dd72d3ca26d','77deadef-d352-43b6-8a98-3d975a76c6c6','01dbf8f1-37be-4ee3-a81b-084ee984494e','eb9ddc64-76cf-426c-9929-4e47cb612916',0,0,NULL,NULL,'2025-01-15 09:13:35','2025-01-15 09:13:35'),(5,'28851c3f-ef15-49fc-a1d7-4cae2898de59','a71e7776-7ded-415f-a0b8-4c3cf6da03c6','52a97613-427d-4491-b12e-e8f3eba5b24d','09863808-e970-4c03-8739-f4e51752409c',1,1,'2025-03-18 22:20:39',NULL,'2025-03-18 22:20:39','2025-03-18 22:20:39'),(6,'694f1596-b02c-4c89-b359-18df1a61382c','f4b11ed8-fd44-4684-8cc7-03f4d034540a','52a97613-427d-4491-b12e-e8f3eba5b24d','09863808-e970-4c03-8739-f4e51752409c',0,0,NULL,NULL,'2025-03-18 22:20:39','2025-03-18 22:20:39'),(7,'8c1e6237-46d4-41b2-a371-7739925e3dad','a71e7776-7ded-415f-a0b8-4c3cf6da03c6','52a97613-427d-4491-b12e-e8f3eba5b24d','820e3d0e-9519-47cd-8c7a-255b4d9b9e98',1,1,'2025-03-18 22:20:54',NULL,'2025-03-18 22:20:54','2025-03-18 22:20:54'),(8,'8675ce6f-f432-4d52-bd94-902c6a2ae98c','f4b11ed8-fd44-4684-8cc7-03f4d034540a','52a97613-427d-4491-b12e-e8f3eba5b24d','820e3d0e-9519-47cd-8c7a-255b4d9b9e98',0,0,NULL,NULL,'2025-03-18 22:20:54','2025-03-18 22:20:54'),(9,'7f51e995-4268-4190-aa98-cb77adca3e8e','a71e7776-7ded-415f-a0b8-4c3cf6da03c6','52a97613-427d-4491-b12e-e8f3eba5b24d','91db3b6b-2f57-4187-9545-a484ca79e7b9',1,1,'2025-03-18 22:21:12',NULL,'2025-03-18 22:21:12','2025-03-18 22:21:12'),(10,'fdd8d948-6ea6-495d-8a65-90d4f91aae49','f4b11ed8-fd44-4684-8cc7-03f4d034540a','52a97613-427d-4491-b12e-e8f3eba5b24d','91db3b6b-2f57-4187-9545-a484ca79e7b9',0,0,NULL,NULL,'2025-03-18 22:21:12','2025-03-18 22:21:12');

/*Table structure for table `chat_messages` */

DROP TABLE IF EXISTS `chat_messages`;

CREATE TABLE `chat_messages` (
  `id` int NOT NULL AUTO_INCREMENT,
  `slug` varchar(100) NOT NULL,
  `chat_room_slug` varchar(100) NOT NULL,
  `user_slug` varchar(100) NOT NULL,
  `message_type` varchar(30) NOT NULL,
  `badge_type` varchar(30) DEFAULT NULL,
  `file_type` varchar(30) DEFAULT NULL,
  `message` varchar(255) DEFAULT NULL,
  `file_name` varchar(300) DEFAULT NULL,
  `file_url` varchar(255) DEFAULT NULL,
  `file_thumb` varchar(255) DEFAULT NULL,
  `is_forwarded` tinyint(1) DEFAULT '0',
  `is_oneTime` tinyint(1) DEFAULT '0',
  `is_reply` tinyint(1) DEFAULT '0',
  `reply_message_slug` varchar(100) DEFAULT NULL,
  `is_disappear` tinyint(1) DEFAULT '0',
  `disappear_timestamp` datetime DEFAULT NULL,
  `is_anonymous` tinyint(1) DEFAULT NULL,
  `deletedAt` datetime DEFAULT NULL,
  `createdAt` datetime NOT NULL,
  `updatedAt` datetime NOT NULL,
  PRIMARY KEY (`id`),
  UNIQUE KEY `slug` (`slug`),
  KEY `chat_room_slug` (`chat_room_slug`),
  KEY `user_slug` (`user_slug`),
  CONSTRAINT `chat_messages_ibfk_1` FOREIGN KEY (`chat_room_slug`) REFERENCES `chat_rooms` (`slug`) ON DELETE CASCADE,
  CONSTRAINT `chat_messages_ibfk_2` FOREIGN KEY (`user_slug`) REFERENCES `users` (`slug`) ON DELETE CASCADE
) ENGINE=InnoDB AUTO_INCREMENT=6 DEFAULT CHARSET=utf8mb4 COLLATE=utf8mb4_0900_ai_ci;

/*Data for the table `chat_messages` */

insert  into `chat_messages`(`id`,`slug`,`chat_room_slug`,`user_slug`,`message_type`,`badge_type`,`file_type`,`message`,`file_name`,`file_url`,`file_thumb`,`is_forwarded`,`is_oneTime`,`is_reply`,`reply_message_slug`,`is_disappear`,`disappear_timestamp`,`is_anonymous`,`deletedAt`,`createdAt`,`updatedAt`) values (1,'eb9ddc64-76cf-426c-9929-4e47cb612916','01dbf8f1-37be-4ee3-a81b-084ee984494e','053ceaa5-eaff-4333-a220-5c31222021f5','TEXT',NULL,NULL,'hi',NULL,NULL,NULL,0,0,0,NULL,0,NULL,NULL,NULL,'2025-01-15 09:13:35','2025-01-15 09:13:35'),(3,'09863808-e970-4c03-8739-f4e51752409c','52a97613-427d-4491-b12e-e8f3eba5b24d','a71e7776-7ded-415f-a0b8-4c3cf6da03c6','TEXT',NULL,NULL,'Hi Scott!',NULL,NULL,NULL,0,0,0,NULL,0,NULL,NULL,NULL,'2025-03-18 22:20:39','2025-03-18 22:20:39'),(4,'820e3d0e-9519-47cd-8c7a-255b4d9b9e98','52a97613-427d-4491-b12e-e8f3eba5b24d','a71e7776-7ded-415f-a0b8-4c3cf6da03c6','TEXT',NULL,NULL,'I see we have messaging now',NULL,NULL,NULL,0,0,0,NULL,0,NULL,NULL,NULL,'2025-03-18 22:20:54','2025-03-18 22:20:54'),(5,'91db3b6b-2f57-4187-9545-a484ca79e7b9','52a97613-427d-4491-b12e-e8f3eba5b24d','a71e7776-7ded-415f-a0b8-4c3cf6da03c6','TEXT',NULL,NULL,'doesn\'t seem to work thou :(',NULL,NULL,NULL,0,0,0,NULL,0,NULL,NULL,NULL,'2025-03-18 22:21:12','2025-03-18 22:21:12');

/*Table structure for table `chat_room_users` */

DROP TABLE IF EXISTS `chat_room_users`;

CREATE TABLE `chat_room_users` (
  `id` int NOT NULL AUTO_INCREMENT,
  `slug` varchar(100) NOT NULL,
  `chat_room_slug` varchar(100) NOT NULL,
  `user_slug` varchar(100) NOT NULL,
  `is_owner` tinyint(1) DEFAULT '0',
  `is_subAdmin` tinyint(1) DEFAULT '0',
  `status` varchar(30) NOT NULL,
  `unread_message_count` int DEFAULT '0',
  `is_anonymous` tinyint(1) DEFAULT NULL,
  `is_leaved` tinyint(1) NOT NULL DEFAULT '0',
  `is_kicked` tinyint(1) NOT NULL DEFAULT '0',
  `is_blocked` tinyint(1) DEFAULT '0',
  `blocked_timestamp` datetime DEFAULT NULL,
  `is_visible` tinyint(1) DEFAULT '1',
  `last_message_timestamp` datetime DEFAULT NULL,
  `deletedAt` datetime DEFAULT NULL,
  `createdAt` datetime NOT NULL,
  `updatedAt` datetime NOT NULL,
  PRIMARY KEY (`id`),
  UNIQUE KEY `slug` (`slug`),
  KEY `chat_room_slug` (`chat_room_slug`),
  KEY `user_slug` (`user_slug`),
  CONSTRAINT `chat_room_users_ibfk_1` FOREIGN KEY (`chat_room_slug`) REFERENCES `chat_rooms` (`slug`) ON DELETE CASCADE,
  CONSTRAINT `chat_room_users_ibfk_2` FOREIGN KEY (`user_slug`) REFERENCES `users` (`slug`) ON DELETE CASCADE
) ENGINE=InnoDB AUTO_INCREMENT=11 DEFAULT CHARSET=utf8mb4 COLLATE=utf8mb4_0900_ai_ci;

/*Data for the table `chat_room_users` */

insert  into `chat_room_users`(`id`,`slug`,`chat_room_slug`,`user_slug`,`is_owner`,`is_subAdmin`,`status`,`unread_message_count`,`is_anonymous`,`is_leaved`,`is_kicked`,`is_blocked`,`blocked_timestamp`,`is_visible`,`last_message_timestamp`,`deletedAt`,`createdAt`,`updatedAt`) values (1,'a5973560-8ee2-4e37-8a9c-5040c28045a2','01dbf8f1-37be-4ee3-a81b-084ee984494e','053ceaa5-eaff-4333-a220-5c31222021f5',1,0,'accepted',0,NULL,0,0,0,NULL,1,'2025-01-15 09:13:35',NULL,'2025-01-15 09:13:28','2025-01-15 09:13:35'),(2,'b409c373-90fe-49a1-9edf-ebdfdd5ded70','01dbf8f1-37be-4ee3-a81b-084ee984494e','77deadef-d352-43b6-8a98-3d975a76c6c6',0,0,'pending',1,NULL,0,0,0,NULL,1,'2025-01-15 09:13:35',NULL,'2025-01-15 09:13:28','2025-01-15 09:13:35'),(9,'c6952ffd-8bdc-4883-b63e-f638b332ba6f','52a97613-427d-4491-b12e-e8f3eba5b24d','a71e7776-7ded-415f-a0b8-4c3cf6da03c6',1,0,'accepted',0,NULL,0,0,0,NULL,1,'2025-03-18 22:21:12',NULL,'2025-03-18 22:20:39','2025-03-18 22:21:12'),(10,'694aa336-ce01-4d2c-8c93-448d376d9346','52a97613-427d-4491-b12e-e8f3eba5b24d','f4b11ed8-fd44-4684-8cc7-03f4d034540a',0,0,'pending',3,NULL,0,0,0,NULL,1,'2025-03-18 22:21:12',NULL,'2025-03-18 22:20:39','2025-03-18 22:21:12');

/*Table structure for table `chat_rooms` */

DROP TABLE IF EXISTS `chat_rooms`;

CREATE TABLE `chat_rooms` (
  `id` int NOT NULL AUTO_INCREMENT,
  `slug` varchar(100) NOT NULL,
  `user_slug` varchar(100) NOT NULL,
  `title` varchar(150) NOT NULL,
  `image_url` varchar(255) DEFAULT NULL,
  `description` varchar(300) DEFAULT NULL,
  `type` varchar(50) NOT NULL,
  `status` varchar(30) DEFAULT NULL,
  `member_limit` int NOT NULL DEFAULT '1024',
  `can_memberEditGroup` tinyint(1) NOT NULL DEFAULT '1',
  `can_memberSendMessage` tinyint(1) NOT NULL DEFAULT '1',
  `can_memberAddMember` tinyint(1) NOT NULL DEFAULT '1',
  `last_message_timestamp` datetime DEFAULT NULL,
  `deletedAt` datetime DEFAULT NULL,
  `createdAt` datetime NOT NULL,
  `updatedAt` datetime NOT NULL,
  PRIMARY KEY (`id`),
  UNIQUE KEY `slug` (`slug`),
  KEY `user_slug` (`user_slug`),
  CONSTRAINT `chat_rooms_ibfk_1` FOREIGN KEY (`user_slug`) REFERENCES `users` (`slug`) ON DELETE CASCADE
) ENGINE=InnoDB AUTO_INCREMENT=6 DEFAULT CHARSET=utf8mb4 COLLATE=utf8mb4_0900_ai_ci;

/*Data for the table `chat_rooms` */

insert  into `chat_rooms`(`id`,`slug`,`user_slug`,`title`,`image_url`,`description`,`type`,`status`,`member_limit`,`can_memberEditGroup`,`can_memberSendMessage`,`can_memberAddMember`,`last_message_timestamp`,`deletedAt`,`createdAt`,`updatedAt`) values (1,'01dbf8f1-37be-4ee3-a81b-084ee984494e','053ceaa5-eaff-4333-a220-5c31222021f5','single',NULL,NULL,'single',NULL,1024,1,1,1,NULL,NULL,'2025-01-15 09:13:28','2025-01-15 09:13:28'),(4,'0d90d3af-cecf-4167-96f4-4b0f31304f3e','a71e7776-7ded-415f-a0b8-4c3cf6da03c6','single',NULL,NULL,'single',NULL,1024,1,1,1,NULL,NULL,'2025-03-18 22:20:25','2025-03-18 22:20:25'),(5,'52a97613-427d-4491-b12e-e8f3eba5b24d','a71e7776-7ded-415f-a0b8-4c3cf6da03c6','single',NULL,NULL,'single',NULL,1024,1,1,1,NULL,NULL,'2025-03-18 22:20:39','2025-03-18 22:20:39');

/*Table structure for table `creator_experiences` */

DROP TABLE IF EXISTS `creator_experiences`;

CREATE TABLE `creator_experiences` (
  `id` int NOT NULL AUTO_INCREMENT,
  `user_id` int NOT NULL,
  `shoes_url` varchar(255) DEFAULT NULL,
  `clothing_url` varchar(255) DEFAULT NULL,
  `jewelry` varchar(255) DEFAULT NULL,
  `vendor_activities` varchar(255) DEFAULT NULL,
  `vendor_url` varchar(255) DEFAULT NULL,
  `createdAt` datetime NOT NULL,
  `updatedAt` datetime NOT NULL,
  `deletedAt` datetime DEFAULT NULL,
  PRIMARY KEY (`id`),
  KEY `user_id` (`user_id`),
  CONSTRAINT `creator_experiences_ibfk_1` FOREIGN KEY (`user_id`) REFERENCES `users` (`id`) ON DELETE CASCADE ON UPDATE CASCADE
) ENGINE=InnoDB AUTO_INCREMENT=12 DEFAULT CHARSET=utf8mb4 COLLATE=utf8mb4_0900_ai_ci;

/*Data for the table `creator_experiences` */

insert  into `creator_experiences`(`id`,`user_id`,`shoes_url`,`clothing_url`,`jewelry`,`vendor_activities`,`vendor_url`,`createdAt`,`updatedAt`,`deletedAt`) values (1,10,'asdf','asdf','asdf','asdf','asdf','2025-01-17 20:15:08','2025-01-17 20:15:08',NULL),(2,7,'','','','test','https://www.youtube.com/','2025-02-07 13:09:17','2025-03-14 09:42:52',NULL),(3,20,'','','','','','2025-02-07 13:24:38','2025-02-07 13:24:38',NULL),(4,25,'','','','','','2025-02-07 15:22:03','2025-02-07 15:22:03',NULL),(5,16,'','','','','','2025-02-09 21:45:32','2025-02-09 21:45:32',NULL),(6,19,'','','','','','2025-02-13 06:49:14','2025-02-13 06:49:14','2025-02-26 07:09:17'),(7,34,'','','','','','2025-03-02 15:08:36','2025-03-02 15:08:36','2025-03-03 01:41:32'),(8,36,'','','','','','2025-03-08 21:03:26','2025-03-08 21:03:26',NULL),(9,37,'','','','','','2025-03-09 17:19:23','2025-03-09 17:19:23',NULL),(10,38,NULL,NULL,NULL,NULL,NULL,'2025-03-12 09:26:25','2025-03-12 09:26:25',NULL),(11,41,'','','','','','2025-03-14 23:08:00','2025-03-14 23:08:00',NULL);

/*Table structure for table `dance_experiences` */

DROP TABLE IF EXISTS `dance_experiences`;

CREATE TABLE `dance_experiences` (
  `id` int NOT NULL AUTO_INCREMENT,
  `user_id` int NOT NULL,
  `social_dancing_cities` text,
  `recent_workshop_cities` text,
  `favourite_dancing_cities` text,
  `annual_event_count` int NOT NULL,
  `createdAt` datetime NOT NULL,
  `updatedAt` datetime NOT NULL,
  `deletedAt` datetime DEFAULT NULL,
  PRIMARY KEY (`id`),
  KEY `user_id` (`user_id`),
  CONSTRAINT `dance_experiences_ibfk_1` FOREIGN KEY (`user_id`) REFERENCES `users` (`id`) ON DELETE CASCADE ON UPDATE CASCADE
) ENGINE=InnoDB AUTO_INCREMENT=24 DEFAULT CHARSET=utf8mb4 COLLATE=utf8mb4_0900_ai_ci;

/*Data for the table `dance_experiences` */

insert  into `dance_experiences`(`id`,`user_id`,`social_dancing_cities`,`recent_workshop_cities`,`favourite_dancing_cities`,`annual_event_count`,`createdAt`,`updatedAt`,`deletedAt`) values (1,10,'Canillo','Canillo','El Tarter',3,'2025-01-21 19:17:23','2025-02-21 17:39:28',NULL),(2,17,'Canillo','Canillo','Canillo',1,'2025-01-22 07:23:34','2025-01-22 07:25:29',NULL),(3,12,'Canillo,Encamp','El Tarter,Pas de la Casa','El Tarter,Pas de la Casa',4,'2025-01-22 09:25:23','2025-01-28 12:00:39',NULL),(4,7,'karachi,lahore','karachi,lahore','karachi,lahore',5,'2025-01-22 09:51:45','2025-03-14 14:40:35',NULL),(5,13,'Encamp','la Massana','Ajman City',0,'2025-02-07 13:11:19','2025-02-20 12:54:09',NULL),(6,20,'Sant Julià de Lòria,Andorra la Vella','','',0,'2025-02-07 13:49:14','2025-02-07 14:07:29',NULL),(7,25,'Al Ain City','les Escaldes','les Escaldes',0,'2025-02-07 15:22:43','2025-02-07 15:23:13',NULL),(8,16,'Canillo','Canillo','Canillo',1,'2025-02-09 21:49:36','2025-02-09 22:01:01',NULL),(9,26,'Canillo','Canillo','Canillo',1,'2025-02-09 22:08:10','2025-02-09 22:10:45','2025-02-26 06:49:41'),(10,19,'El Tarter,Encamp','','',0,'2025-02-13 06:49:58','2025-02-25 09:20:20','2025-02-26 07:09:17'),(11,11,'Encamp,Bani Yas City','Al Ain Municipality','Bani Yas City',0,'2025-02-13 09:09:35','2025-02-26 18:08:58',NULL),(12,29,'Canillo','Canillo','Canillo',1,'2025-02-14 20:18:21','2025-03-03 02:29:33',NULL),(13,30,'Buenos Aires','Buenos Aires','Buenos Aires',2,'2025-02-14 21:16:00','2025-02-14 21:17:14',NULL),(14,31,'Buenos Aires,La Plata','La Plata,Buenos Aires,Varna','La Plata',0,'2025-02-18 07:40:00','2025-03-03 22:29:04',NULL),(15,22,'Al Shamkhah City,Al Batayih','Zayed City,Ras Al Khaimah','Musaffah',0,'2025-02-19 17:31:16','2025-02-19 17:31:29',NULL),(16,32,'Canillo','Canillo','Canillo',1,'2025-02-21 17:43:27','2025-02-21 17:43:37','2025-02-26 07:08:25'),(17,33,'Karachi','','',0,'2025-02-26 07:12:13','2025-02-26 07:12:20',NULL),(18,34,'Canillo','Canillo','Canillo',0,'2025-03-02 15:10:33','2025-03-02 22:39:35','2025-03-03 01:41:32'),(19,35,'Canillo','Canillo','Canillo',0,'2025-03-03 02:36:30','2025-03-03 02:36:41',NULL),(20,36,'Canillo','Encamp','El Tarter,Pas de la Casa',1,'2025-03-08 21:05:52','2025-03-08 21:08:02',NULL),(21,37,'Canillo','El Tarter,Encamp','Canillo,El Tarter',1,'2025-03-09 17:20:29','2025-03-10 20:29:02',NULL),(22,39,'El Tarter','Pas de la Casa','Encamp',4,'2025-03-14 19:59:59','2025-03-14 20:23:23','2025-03-14 22:33:38'),(23,40,'El Tarter','El Tarter','Encamp',9,'2025-03-14 22:36:10','2025-03-14 22:38:42',NULL);

/*Table structure for table `dj_experiences` */

DROP TABLE IF EXISTS `dj_experiences`;

CREATE TABLE `dj_experiences` (
  `id` int NOT NULL AUTO_INCREMENT,
  `user_id` int NOT NULL,
  `performed_events` int NOT NULL,
  `cities` text,
  `favourite_orchestra` varchar(255) DEFAULT NULL,
  `favourite_singer` varchar(255) DEFAULT NULL,
  `milonga_size` varchar(255) DEFAULT NULL,
  `use_external_equipments` tinyint(1) NOT NULL,
  `dj_softwares` text,
  `createdAt` datetime NOT NULL,
  `updatedAt` datetime NOT NULL,
  `deletedAt` datetime DEFAULT NULL,
  PRIMARY KEY (`id`),
  KEY `user_id` (`user_id`),
  CONSTRAINT `dj_experiences_ibfk_1` FOREIGN KEY (`user_id`) REFERENCES `users` (`id`) ON DELETE CASCADE ON UPDATE CASCADE
) ENGINE=InnoDB AUTO_INCREMENT=12 DEFAULT CHARSET=utf8mb4 COLLATE=utf8mb4_0900_ai_ci;

/*Data for the table `dj_experiences` */

insert  into `dj_experiences`(`id`,`user_id`,`performed_events`,`cities`,`favourite_orchestra`,`favourite_singer`,`milonga_size`,`use_external_equipments`,`dj_softwares`,`createdAt`,`updatedAt`,`deletedAt`) values (1,10,1,'Canillo','','','',0,'a','2025-01-17 20:14:59','2025-01-17 20:14:59',NULL),(2,7,8,'karachi,hyderabad,lahore','','','',1,'testing','2025-02-07 13:08:33','2025-03-14 09:45:23',NULL),(3,20,8,'Andorra la Vella,les Escaldes',NULL,NULL,NULL,0,'Rerum tenetur molest','2025-02-07 13:24:33','2025-02-07 13:24:33',NULL),(4,16,1,'Canillo,El Tarter,Encamp,Pas de la Casa',NULL,NULL,NULL,0,'a','2025-02-09 21:45:29','2025-02-09 21:45:29',NULL),(5,19,43,'Canillo,El Tarter','',NULL,'',0,'45345','2025-02-13 06:48:59','2025-02-13 06:48:59','2025-02-26 07:09:17'),(6,34,1,'Canillo',NULL,NULL,NULL,0,'a','2025-03-02 15:08:33','2025-03-02 15:08:33','2025-03-03 01:41:32'),(7,36,1,'Canillo',NULL,NULL,NULL,1,'a','2025-03-08 21:03:01','2025-03-08 21:03:01',NULL),(8,37,1,'El Tarter,Encamp',NULL,NULL,NULL,0,'a','2025-03-09 17:19:19','2025-03-09 17:19:19',NULL),(9,38,6,'Ordino',NULL,NULL,NULL,0,'Rerum tenetur molest','2025-03-12 09:26:21','2025-03-12 09:26:21',NULL),(10,40,2,'Canillo','test',NULL,'12',0,'Test','2025-03-14 22:35:55','2025-03-14 22:37:46',NULL),(11,41,67,'Pas de la Casa,El Tarter',NULL,NULL,NULL,0,'testing','2025-03-14 23:07:55','2025-03-14 23:07:55',NULL);

/*Table structure for table `event_activities` */

DROP TABLE IF EXISTS `event_activities`;

CREATE TABLE `event_activities` (
  `id` int NOT NULL AUTO_INCREMENT,
  `event_id` int NOT NULL,
  `non_tango_activity_id` int NOT NULL,
  `createdAt` datetime NOT NULL,
  `updatedAt` datetime NOT NULL,
  `deletedAt` datetime DEFAULT NULL,
  PRIMARY KEY (`id`),
  KEY `event_id` (`event_id`),
  KEY `non_tango_activity_id` (`non_tango_activity_id`),
  CONSTRAINT `event_activities_ibfk_1` FOREIGN KEY (`event_id`) REFERENCES `events` (`id`) ON DELETE CASCADE ON UPDATE CASCADE,
  CONSTRAINT `event_activities_ibfk_2` FOREIGN KEY (`non_tango_activity_id`) REFERENCES `non_tango_activities` (`id`) ON DELETE CASCADE ON UPDATE CASCADE
) ENGINE=InnoDB AUTO_INCREMENT=11 DEFAULT CHARSET=utf8mb4 COLLATE=utf8mb4_0900_ai_ci;

/*Data for the table `event_activities` */

insert  into `event_activities`(`id`,`event_id`,`non_tango_activity_id`,`createdAt`,`updatedAt`,`deletedAt`) values (1,33,3,'2025-02-19 12:04:28','2025-02-19 12:04:28',NULL),(2,41,1,'2025-02-19 13:14:58','2025-02-19 13:14:58',NULL),(3,42,2,'2025-02-19 17:33:14','2025-02-19 17:33:14',NULL),(4,43,1,'2025-02-21 17:52:54','2025-02-21 17:52:54',NULL),(5,45,2,'2025-02-26 13:10:47','2025-02-26 13:10:47',NULL),(6,46,4,'2025-02-26 13:36:25','2025-02-26 13:36:25',NULL),(7,47,6,'2025-02-26 15:28:34','2025-02-26 15:28:34',NULL),(8,48,6,'2025-02-26 15:32:18','2025-02-26 15:32:18',NULL),(9,49,6,'2025-02-26 15:34:09','2025-02-26 15:34:09',NULL),(10,49,1,'2025-02-26 15:34:09','2025-02-26 15:34:09',NULL);

/*Table structure for table `event_participants` */

DROP TABLE IF EXISTS `event_participants`;

CREATE TABLE `event_participants` (
  `id` int NOT NULL AUTO_INCREMENT,
  `event_id` int NOT NULL,
  `user_id` int NOT NULL,
  `user_type` enum('host','teacher','dj','photographer','musician','general','co-host','admin') CHARACTER SET utf8mb4 COLLATE utf8mb4_0900_ai_ci NOT NULL DEFAULT 'host',
  `status` enum('interested','going','invited') NOT NULL DEFAULT 'going',
  `createdAt` datetime NOT NULL,
  `updatedAt` datetime NOT NULL,
  `deletedAt` datetime DEFAULT NULL,
  PRIMARY KEY (`id`),
  KEY `event_id` (`event_id`),
  KEY `user_id` (`user_id`),
  CONSTRAINT `event_participants_ibfk_1` FOREIGN KEY (`event_id`) REFERENCES `events` (`id`) ON DELETE CASCADE ON UPDATE CASCADE,
  CONSTRAINT `event_participants_ibfk_2` FOREIGN KEY (`user_id`) REFERENCES `users` (`id`) ON DELETE CASCADE ON UPDATE CASCADE
) ENGINE=InnoDB AUTO_INCREMENT=103 DEFAULT CHARSET=utf8mb4 COLLATE=utf8mb4_0900_ai_ci;

/*Data for the table `event_participants` */

insert  into `event_participants`(`id`,`event_id`,`user_id`,`user_type`,`status`,`createdAt`,`updatedAt`,`deletedAt`) values (7,12,7,'general','interested','2025-02-18 15:00:43','2025-02-18 15:00:43',NULL),(8,12,11,'general','interested','2025-02-19 09:17:23','2025-02-19 09:17:23',NULL),(26,41,30,'co-host','going','2025-02-19 13:14:58','2025-02-19 13:14:58',NULL),(27,41,23,'teacher','going','2025-02-19 13:14:58','2025-02-19 13:14:58',NULL),(28,41,23,'photographer','going','2025-02-19 13:14:58','2025-02-19 13:14:58',NULL),(29,41,30,'photographer','going','2025-02-19 13:14:58','2025-02-19 13:14:58',NULL),(30,41,28,'photographer','going','2025-02-19 13:14:58','2025-02-19 13:14:58',NULL),(31,41,23,'dj','going','2025-02-19 13:14:58','2025-02-19 13:14:58',NULL),(32,41,29,'dj','going','2025-02-19 13:14:58','2025-02-19 13:14:58',NULL),(33,41,23,'musician','going','2025-02-19 13:14:58','2025-02-19 13:14:58',NULL),(34,41,22,'musician','going','2025-02-19 13:14:58','2025-02-19 13:14:58',NULL),(35,42,29,'co-host','going','2025-02-19 17:33:14','2025-02-19 17:33:14',NULL),(36,42,23,'photographer','going','2025-02-19 17:33:14','2025-02-19 17:33:14',NULL),(37,42,22,'musician','going','2025-02-19 17:33:14','2025-02-19 17:33:14',NULL),(39,42,27,'dj','going','2025-02-19 17:33:14','2025-02-19 17:33:14',NULL),(40,42,28,'dj','going','2025-02-19 17:33:14','2025-02-19 17:33:14',NULL),(41,43,29,'co-host','going','2025-02-21 17:52:54','2025-02-21 17:52:54',NULL),(42,43,29,'teacher','going','2025-02-21 17:52:54','2025-02-21 17:52:54',NULL),(43,43,31,'teacher','going','2025-02-21 17:52:54','2025-02-21 17:52:54',NULL),(45,44,31,'co-host','going','2025-02-21 21:20:22','2025-02-21 21:20:22',NULL),(46,44,29,'teacher','going','2025-02-21 21:20:22','2025-02-21 21:20:22',NULL),(47,12,10,'general','interested','2025-02-22 17:14:30','2025-02-22 17:14:30',NULL),(48,45,27,'co-host','going','2025-02-26 13:10:47','2025-02-26 13:10:47',NULL),(49,45,13,'general','interested','2025-02-26 13:17:15','2025-02-26 13:17:15',NULL),(50,46,22,'co-host','going','2025-02-26 13:36:25','2025-02-26 13:36:25',NULL),(51,46,21,'photographer','going','2025-02-26 13:36:25','2025-02-26 13:36:25',NULL),(52,47,23,'co-host','going','2025-02-26 15:28:34','2025-02-26 15:28:34',NULL),(53,47,29,'photographer','going','2025-02-26 15:28:34','2025-02-26 15:28:34',NULL),(54,48,23,'co-host','going','2025-02-26 15:32:18','2025-02-26 15:32:18',NULL),(55,48,29,'photographer','going','2025-02-26 15:32:18','2025-02-26 15:32:18',NULL),(56,49,23,'co-host','going','2025-02-26 15:34:09','2025-02-26 15:34:09',NULL),(57,49,22,'teacher','going','2025-02-26 15:34:09','2025-02-26 15:34:09',NULL),(58,49,29,'photographer','going','2025-02-26 15:34:09','2025-02-26 15:34:09',NULL),(62,49,37,'general','interested','2025-03-09 17:39:27','2025-03-09 17:39:27',NULL),(63,51,43,'co-host','going','2025-03-17 20:57:35','2025-03-17 20:57:35',NULL),(64,52,10,'general','interested','2025-03-17 21:11:22','2025-03-17 21:11:22',NULL),(65,51,10,'general','interested','2025-03-17 21:38:15','2025-03-17 21:38:15',NULL),(66,52,41,'general','interested','2025-03-21 10:16:52','2025-03-21 10:16:52',NULL),(69,52,38,'general','invited','2025-03-23 18:58:58','2025-03-23 18:58:58',NULL),(70,52,7,'general','invited','2025-03-23 19:07:56','2025-03-23 19:07:56',NULL),(90,51,38,'general','invited','2025-03-24 10:07:44','2025-03-24 10:07:44',NULL),(91,51,7,'general','invited','2025-03-24 10:07:55','2025-03-24 10:07:55',NULL),(97,58,41,'admin','going','2025-03-25 08:40:18','2025-03-25 08:40:18',NULL),(98,58,7,'general','invited','2025-03-25 08:45:00','2025-03-25 08:45:00',NULL),(99,58,7,'general','going','2025-03-26 11:21:58','2025-03-26 11:21:58',NULL),(100,58,7,'general','going','2025-03-28 12:41:52','2025-03-28 12:41:52',NULL),(101,58,7,'general','going','2025-03-28 12:46:35','2025-03-28 12:46:35',NULL),(102,52,7,'general','going','2025-03-28 12:46:35','2025-03-28 12:46:35',NULL);

/*Table structure for table `event_types` */

DROP TABLE IF EXISTS `event_types`;

CREATE TABLE `event_types` (
  `id` int NOT NULL AUTO_INCREMENT,
  `name` varchar(255) NOT NULL,
  `createdAt` datetime NOT NULL,
  `updatedAt` datetime NOT NULL,
  `deletedAt` datetime DEFAULT NULL,
  PRIMARY KEY (`id`)
) ENGINE=InnoDB AUTO_INCREMENT=9 DEFAULT CHARSET=latin1;

/*Data for the table `event_types` */

insert  into `event_types`(`id`,`name`,`createdAt`,`updatedAt`,`deletedAt`) values (1,'Public Event','2024-10-11 13:59:17','2024-10-11 13:59:17','2024-10-11 13:59:46'),(2,'Public Event','2024-10-11 13:59:58','2024-10-11 13:59:58','2025-02-13 07:20:55'),(3,'practica','2025-02-13 07:20:41','2025-02-13 07:20:41',NULL),(4,'milonga','2025-02-13 07:21:08','2025-02-13 07:21:08',NULL),(5,'marathon','2025-02-13 07:21:17','2025-02-13 07:21:17',NULL),(6,'encuentro','2025-02-13 07:21:22','2025-02-13 07:21:22',NULL),(7,'festival','2025-02-13 07:21:28','2025-02-13 07:21:28',NULL),(8,'competition','2025-02-13 07:21:42','2025-02-13 07:21:42',NULL);

/*Table structure for table `events` */

DROP TABLE IF EXISTS `events`;

CREATE TABLE `events` (
  `id` int NOT NULL AUTO_INCREMENT,
  `user_id` int NOT NULL,
  `event_type_id` int NOT NULL,
  `city_group_id` int DEFAULT NULL,
  `name` varchar(255) NOT NULL,
  `image_url` varchar(255) NOT NULL,
  `start_date` datetime NOT NULL,
  `end_date` datetime NOT NULL,
  `location` varchar(255) NOT NULL,
  `city` varchar(200) NOT NULL,
  `country` varchar(200) NOT NULL,
  `latitude` varchar(255) NOT NULL,
  `longitude` varchar(255) NOT NULL,
  `visibility` enum('public','private','friends') NOT NULL DEFAULT 'public',
  `description` text,
  `about_space` text,
  `status` enum('active','inactive') NOT NULL DEFAULT 'active',
  `createdAt` datetime NOT NULL,
  `updatedAt` datetime NOT NULL,
  `deletedAt` datetime DEFAULT NULL,
  PRIMARY KEY (`id`),
  KEY `user_id` (`user_id`),
  KEY `event_type_id` (`event_type_id`),
  KEY `city_group_id` (`city_group_id`),
  CONSTRAINT `events_ibfk_1` FOREIGN KEY (`user_id`) REFERENCES `users` (`id`) ON DELETE CASCADE ON UPDATE CASCADE,
  CONSTRAINT `events_ibfk_2` FOREIGN KEY (`event_type_id`) REFERENCES `event_types` (`id`) ON DELETE CASCADE ON UPDATE CASCADE,
  CONSTRAINT `events_ibfk_3` FOREIGN KEY (`city_group_id`) REFERENCES `groups` (`id`) ON DELETE CASCADE ON UPDATE CASCADE
) ENGINE=InnoDB AUTO_INCREMENT=59 DEFAULT CHARSET=utf8mb4 COLLATE=utf8mb4_0900_ai_ci;

/*Data for the table `events` */

insert  into `events`(`id`,`user_id`,`event_type_id`,`city_group_id`,`name`,`image_url`,`start_date`,`end_date`,`location`,`city`,`country`,`latitude`,`longitude`,`visibility`,`description`,`about_space`,`status`,`createdAt`,`updatedAt`,`deletedAt`) values (7,7,3,NULL,'Catherine Hill','post/b058421a-c729-4a45-b823-9c37de9f0476.png','2000-09-20 00:00:00','2023-01-29 00:00:00',' ,   Chittoor, Tirupati, Andhra Pradesh, India, ','Tirupati','India','0','0','private','Rerum quam earum atq','At minus voluptas re','active','2025-02-18 14:55:20','2025-02-18 14:55:20',NULL),(8,7,3,NULL,'Catherine Hill','post/66475cfa-6d10-4ced-8cfd-79c5bbf478d0.png','2000-09-20 00:00:00','2023-01-29 00:00:00',' ,   Chittoor, Tirupati, Andhra Pradesh, India, ','Tirupati','India','0','0','private','Rerum quam earum atq','At minus voluptas re','active','2025-02-18 14:55:31','2025-02-18 14:55:31',NULL),(9,7,3,NULL,'Catherine Hill','post/abf5b560-c230-487a-a661-6cf324558d68.png','2000-09-20 00:00:00','2023-01-29 00:00:00',' ,   Chittoor, Tirupati, Andhra Pradesh, India, ','Tirupati','India','0','0','private','Rerum quam earum atq','At minus voluptas re','active','2025-02-18 14:55:43','2025-02-18 14:55:43',NULL),(10,7,3,NULL,'Catherine Hill','post/b311d7d1-be0a-4d10-ab23-b7a61082e451.png','2000-09-20 00:00:00','2023-01-29 00:00:00',' ,   Chittoor, Tirupati, Andhra Pradesh, India, ','Tirupati','India','0','0','private','Rerum quam earum atq','At minus voluptas re','active','2025-02-18 14:56:03','2025-02-18 14:56:03',NULL),(11,7,3,NULL,'Catherine Hill','post/1e779408-a55c-4ddf-97c0-bf6fd558773a.png','2000-09-20 00:00:00','2023-01-29 00:00:00',' ,   Chittoor, Tirupati, Andhra Pradesh, India, ','Tirupati','India','0','0','private','Rerum quam earum atq','At minus voluptas re','active','2025-02-18 14:56:08','2025-02-18 14:56:08',NULL),(12,7,3,NULL,'Catherine Hill','post/0b8f5d22-38c2-40b9-915c-b69c34593209.png','2000-09-20 00:00:00','2023-01-29 00:00:00',' ,   Chittoor, Tirupati, Andhra Pradesh, India, ','Tirupati','India','0','0','private','Rerum quam earum atq','At minus voluptas re','active','2025-02-18 14:56:36','2025-02-18 14:56:36',NULL),(13,11,8,NULL,'Neville Watts','post/a0482015-faa4-4c89-8cc0-2d59d70ccf97.png','2016-11-09 00:00:00','2009-09-05 00:00:00',' ,   Mettmann, Essen, North Rhine-Westphalia, Germany, ','Essen','Germany','0','0','friends','Obcaecati iste venia','Beatae expedita dolo','active','2025-02-19 09:17:51','2025-02-19 09:17:51',NULL),(14,7,8,NULL,'sensor','post/0c8d5087-217c-44e8-9b4f-dbc83a0607d2.jpeg','2024-11-20 05:00:00','2024-11-21 06:00:00','3812 Fahey Isle','Tiaraview','Anguilla','0','0','friends','quo','Direct','active','2025-02-19 10:55:16','2025-02-19 10:55:16',NULL),(15,7,8,NULL,'driver','post/4268a09e-33db-4699-82bf-043749dcbe00.jpeg','2024-11-20 05:00:00','2024-11-21 06:00:00','558 Corwin Pines','Bergstromside','Slovenia','0','0','friends','Et sunt veritatis et officiis sit minima. Distinctio qui porro perspiciatis omnis eaque. Qui quis debitis eum et accusamus sit sit repellat vitae.','Product','active','2025-02-19 10:55:52','2025-02-19 10:55:52',NULL),(16,7,8,NULL,'capacitor','post/c39214d4-ab01-4162-82f0-b08f117e2122.jpeg','2024-11-20 05:00:00','2024-11-21 06:00:00','08229 Tromp Common','South Alekport','Tanzania','0','0','friends','Quaerat perferendis occaecati qui sapiente.','Principal','active','2025-02-19 10:56:19','2025-02-19 10:56:19',NULL),(17,7,8,NULL,'sensor','post/89d8eff7-68cb-44dc-8455-b2a7890dc9a2.jpeg','2024-11-20 05:00:00','2024-11-21 06:00:00','94984 Davon Track','Lake Ramonaberg','Falkland Islands (Malvinas)','0','0','friends','Dolore itaque accusantium eligendi sed eos provident molestiae saepe. Sed magni laudantium exercitationem qui consequatur officia.','International','active','2025-02-19 10:56:35','2025-02-19 10:56:35',NULL),(18,7,8,NULL,'sensor','post/6a63386b-1eec-4baf-8262-f12066b41d49.jpeg','2024-11-20 05:00:00','2024-11-21 06:00:00','819 Gilberto Run','West Covina','Guam','0','0','friends','Qui eos error quia.','Senior','active','2025-02-19 10:58:46','2025-02-19 10:58:46',NULL),(19,7,8,NULL,'card','post/71c7bd93-ec5b-4e57-b5f0-c9563b23ffc2.jpeg','2024-11-20 05:00:00','2024-11-21 06:00:00','7846 Pacocha View','Oletahaven','Finland','0','0','friends','Fugiat animi officia ratione est sed est accusamus sed. Ea deserunt suscipit illo aut aliquid deserunt officiis quia ipsam. Aperiam cum architecto at sit inventore. Qui recusandae aut incidunt id sequi tempora repudiandae. Dolore ullam dolorem amet qui voluptas ut ut est velit. Omnis porro dolore.','Dynamic','active','2025-02-19 11:00:49','2025-02-19 11:00:49',NULL),(20,7,8,NULL,'hard drive','post/10ea3f7b-4c4f-4202-80a1-0867fabe6163.jpeg','2024-11-20 05:00:00','2024-11-21 06:00:00','0569 Emmanuel Glens','Abshireton','Micronesia','0','0','friends','Soluta et occaecati ut accusamus. Atque impedit dolor repellat alias molestiae rerum. Distinctio quia similique sunt officiis omnis ratione. Sunt porro odio suscipit. Aliquid aut delectus et nulla ut praesentium.\n \rDeserunt est non dolores consequatur amet. Aperiam at eos tempore nemo ut debitis molestias quia. Quis totam vel officia.\n \rRecusandae laudantium numquam expedita aut ratione id beatae exercitationem iure. Molestiae reprehenderit ut. Aut expedita delectus commodi.','Forward','active','2025-02-19 11:02:45','2025-02-19 11:02:45',NULL),(21,7,8,NULL,'alarm','post/0e1054fb-8463-4465-bae2-72fec70f768e.jpeg','2024-11-20 05:00:00','2024-11-21 06:00:00','889 Kirlin Lane','Port Travonfort','Puerto Rico','0','0','friends','Cumque aut modi aut et et.\nQuibusdam voluptatibus dolore blanditiis ut quibusdam dignissimos repellat voluptatum.\nNostrum non quod voluptate est et.','Customer','active','2025-02-19 11:02:53','2025-02-19 11:02:53',NULL),(22,7,8,NULL,'port','post/063b33a5-a1f2-44a9-b87e-d372f2715141.jpeg','2024-11-20 05:00:00','2024-11-21 06:00:00','712 Christiansen Meadows','Syracuse','Argentina','0','0','friends','facere','Future','active','2025-02-19 11:03:56','2025-02-19 11:03:56',NULL),(23,7,8,NULL,'panel','post/c09c715c-06f3-4aa6-8e17-dcd97c7c298c.jpeg','2024-11-20 05:00:00','2024-11-21 06:00:00','50451 Grace Spurs','Port Adolph','Virgin Islands, British','0','0','friends','Perferendis reprehenderit quos amet. Quod aut dolorum et quis culpa eos consequatur consequatur vel. Aut culpa quos soluta voluptatem inventore itaque ut eveniet nisi. Natus autem iure. Quia placeat ipsa est rem quae facilis vero quaerat ut. Similique aliquam expedita qui quis qui occaecati repellat blanditiis.','Investor','active','2025-02-19 11:05:53','2025-02-19 11:05:53',NULL),(24,7,8,NULL,'feed','post/efd7f4f8-7236-49e9-870f-a25b4e0f81c9.jpeg','2024-11-20 05:00:00','2024-11-21 06:00:00','392 Schultz Valleys','Federicomouth','Uganda','0','0','friends','Est nostrum sit perspiciatis molestiae molestiae consectetur molestias non architecto.\nDolor unde quia error unde enim dicta.','Principal','active','2025-02-19 11:06:34','2025-02-19 11:06:34',NULL),(25,7,8,NULL,'system','post/ee40acc4-fee9-40c4-9758-04eb1783ed50.jpeg','2024-11-20 05:00:00','2024-11-21 06:00:00','49126 Rowe Locks','North Marguerite','Republic of Korea','0','0','friends','Deserunt eaque rerum odit iure.','Human','active','2025-02-19 11:20:40','2025-02-19 11:20:40',NULL),(26,7,8,NULL,'Cadman Daniels','post/1b0cf85d-451b-4eaf-9e0a-1388a1c1cc8e.png','2011-08-29 00:00:00','2005-07-26 00:00:00',' ,   , Inwood, West Virginia, United States, ','Inwood','United States','0','0','private','Neque ipsum corrupt','Obcaecati temporibus','active','2025-02-19 11:44:51','2025-02-19 11:44:51',NULL),(27,7,8,NULL,'Cadman Daniels','post/a76a4913-3198-4bf3-af64-91a0a200a387.png','2011-08-29 00:00:00','2005-07-26 00:00:00',' ,   , Inwood, West Virginia, United States, ','Inwood','United States','0','0','private','Neque ipsum corrupt','Obcaecati temporibus','active','2025-02-19 11:45:06','2025-02-19 11:45:06',NULL),(28,7,8,NULL,'Cadman Daniels','post/145f08ab-d074-4467-b476-7ae5cc4d1a9d.png','2011-08-29 00:00:00','2005-07-26 00:00:00',' ,   , Inwood, West Virginia, United States, ','Inwood','United States','0','0','private','Neque ipsum corrupt','Obcaecati temporibus','active','2025-02-19 11:49:40','2025-02-19 11:49:40',NULL),(29,7,4,NULL,'Isaac Harmon','post/29adbc93-7fec-4cfe-b880-6abab3ecde0f.png','1987-07-22 00:00:00','1974-04-16 00:00:00',',   Indore, Indore, Madhya Pradesh, India,','Indore','India','0','0','friends','Nisi in corrupti si','Ut esse qui sed ea u','active','2025-02-19 11:51:08','2025-02-19 11:51:08',NULL),(30,7,4,NULL,'Isaac Harmon','post/e267e26a-5234-43b3-8f3d-c399a4136667.png','1987-07-22 00:00:00','1974-04-16 00:00:00',',   Indore, Indore, Madhya Pradesh, India,','Indore','India','0','0','friends','Nisi in corrupti si','Ut esse qui sed ea u','active','2025-02-19 11:57:31','2025-02-19 11:57:31',NULL),(31,7,8,NULL,'Dale Mcknight','post/ffb25db2-6d1b-4f4a-8e2f-fc1787a57c66.png','1973-04-06 00:00:00','1999-12-01 00:00:00',',   , Dubai, Dubai, United Arab Emirates,','Dubai','United Arab Emirates','0','0','private','Non sequi sed sapien','Commodi quia quae su','active','2025-02-19 11:58:12','2025-02-19 11:58:12',NULL),(32,7,4,NULL,'bus','','2024-11-20 00:00:00','2024-11-21 00:00:00','838 Daugherty Flats','Saulland','Republic of Korea','0','0','friends','Ut et omnis voluptatem soluta voluptas nostrum aut.\nItaque est voluptatem pariatur.\nEum reprehenderit voluptatem sit dignissimos ut accusamus quis.\nDignissimos explicabo facere.','Internal','active','2025-02-19 12:03:43','2025-02-19 12:03:43',NULL),(33,7,4,NULL,'driver','','2024-11-20 00:00:00','2024-11-21 00:00:00','735 Tremblay Garden','Lunamouth','Guernsey','0','0','friends','quibusdam','Dynamic','active','2025-02-19 12:04:28','2025-02-19 12:04:28',NULL),(34,7,5,NULL,'Bryar Key','post/a267ad64-982c-4204-9518-bb647ac6fe3d.png','1970-02-28 00:00:00','1999-03-19 00:00:00',' ,   Nagpur, Nagpur, Maharashtra, India, ','Nagpur','India','0','0','friends','Aut architecto asper','Dolorem corporis des','active','2025-02-19 12:55:19','2025-02-19 12:55:19',NULL),(35,7,5,NULL,'Bryar Key','post/16d215fc-4b32-4298-b309-8bc5144eb263.png','1970-02-28 00:00:00','1999-03-19 00:00:00',' ,   Nagpur, Nagpur, Maharashtra, India, ','Nagpur','India','0','0','friends','Aut architecto asper','Dolorem corporis des','active','2025-02-19 12:56:26','2025-02-19 12:56:26',NULL),(36,7,3,NULL,'Vernon Langley','post/b5d2679c-34b4-45be-b689-ef20e06bc3a8.png','1993-06-01 00:00:00','1990-03-26 00:00:00',' ,  Queenstown , Queenstown, Otago, New Zealand, ','Queenstown','New Zealand','0','0','private','Laboriosam error qu','Ut culpa sed quibus','active','2025-02-19 12:57:11','2025-02-19 12:57:11',NULL),(37,7,3,NULL,'Vernon Langley','post/0b8f8732-5908-45b6-8563-bba6b43ebe65.png','1993-06-01 00:00:00','1990-03-26 00:00:00',' ,  Queenstown , Queenstown, Otago, New Zealand, ','Queenstown','New Zealand','0','0','private','Laboriosam error qu','Ut culpa sed quibus','active','2025-02-19 12:57:46','2025-02-19 12:57:46',NULL),(38,7,7,NULL,'Amaya Savage','post/c4b74e4d-8f26-43cb-9c8e-4f66595f952b.png','2014-08-01 00:00:00','1999-09-12 00:00:00',' ,   Nashik, Nashik, Maharashtra, India, ','Nashik','India','0','0','public','Qui sit et magni te','Suscipit commodo dig','active','2025-02-19 13:01:05','2025-02-19 13:01:05',NULL),(39,7,3,NULL,'Glenna Case','post/a8dee32c-9cc9-4b8c-9654-d1e6ec4ca588.png','2000-05-01 00:00:00','1988-05-09 00:00:00',' ,   Indore, Indore, Madhya Pradesh, India, ','Indore','India','0','0','friends','Rerum tempore earum','Odit ipsam sit rerum','active','2025-02-19 13:05:01','2025-02-19 13:05:01',NULL),(40,7,8,NULL,'Lane Dillard','post/1529c6c9-0129-45da-beb6-a75b7a494761.png','1981-07-26 00:00:00','1999-11-06 00:00:00',' ,   , Non, Surin, Thailand, ','Non','Thailand','0','0','public','Minima sequi neque c','Id aut blanditiis qu','active','2025-02-19 13:06:30','2025-02-19 13:06:30',NULL),(41,7,4,NULL,'Raymond Sexton','post/da7f3a0b-a803-404e-9ee5-7c8c05e2a42d.png','1994-02-01 00:00:00','1989-05-20 00:00:00',' ,   Ahmedabad, Ahmedabad, Gujarat, India, ','Ahmedabad','India','0','0','public','Tempora in omnis sin','Amet suscipit volup','active','2025-02-19 13:14:58','2025-02-19 13:14:58',NULL),(42,22,3,NULL,'Azalia Horn','post/c0b58881-52a4-4465-a4ab-6b07ae93f215.jpeg','1982-11-11 00:00:00','1986-10-15 00:00:00',' ,   Ahmedabad, Ahmedabad, Gujarat, India, ','Ahmedabad','India','0','0','friends','Qui commodi id est i','Aliquid cumque ab en','active','2025-02-19 17:33:14','2025-02-19 17:33:14',NULL),(43,10,4,NULL,'Test event','post/e5940c7f-88a8-4384-b67f-ff981205eff1.jpeg','2025-02-28 00:00:00','2025-02-28 00:00:00',' ,   , Buenos Aires, Buenos Aires, Argentina, ','Buenos Aires','Argentina','0','0','private','test','undefined','active','2025-02-21 17:52:54','2025-02-21 17:52:54',NULL),(44,10,4,NULL,'Test event','post/f9710d5a-b757-42ab-81db-87599b16b5c9.jpeg','2025-03-07 00:00:00','2025-03-07 00:00:00',' ,   , Buenos Aires, Buenos Aires, Argentina, ','Buenos Aires','Argentina','0','0','private','test','undefined','active','2025-02-21 21:20:22','2025-02-21 21:20:22',NULL),(45,13,5,9,'Phoebe Dawson','post/9a81b50d-ca3f-4be2-9fe4-4542d11da8f7.jpeg','1994-03-05 00:00:00','2022-06-02 00:00:00',' ,   , Amsterdam, North Holland, Netherlands, ','Amsterdam','Netherlands','0','0','friends','Minima exercitation ','Similique in archite','active','2025-02-26 13:10:47','2025-02-26 13:10:47',NULL),(46,13,3,9,'Carla Maddox','post/9f2231a1-b40f-45c8-a0d6-34a201df9125.jpeg','1975-06-26 00:00:00','1983-05-07 00:00:00',' ,   Ahmedabad, Ahmedabad, Gujarat, India, ','Ahmedabad','India','0','0','public','Quia vero consequatu','Reiciendis amet ess','active','2025-02-26 13:36:25','2025-02-26 13:36:25',NULL),(47,13,7,NULL,'Amos Owens','post/301e73cc-c2b5-4d3a-a855-46ed811ee4fa.jpeg','2003-07-10 00:00:00','2017-07-10 00:00:00',' ,   Nilgiris, Ooty, Tamil Nadu, India, ','Ooty','India','11.4102038','76.6950324','private','Consequat Odio id l','Reprehenderit eum ex','active','2025-02-26 15:28:34','2025-02-26 15:28:34',NULL),(48,13,7,NULL,'Amos Owens','post/3a6ec33b-ca34-4d77-ab8a-1c960f3b03e5.jpeg','2003-07-10 00:00:00','2017-07-10 00:00:00',' ,   Nilgiris, Ooty, Tamil Nadu, India, ','Ooty','India','11.4102038','76.6950324','private','Consequat Odio id l','Reprehenderit eum ex','active','2025-02-26 15:32:18','2025-02-26 15:32:18',NULL),(49,13,7,NULL,'Amos Owens','post/131a7af9-b033-4ce9-8d66-f9cdb158e283.jpeg','2003-07-10 00:00:00','2017-07-10 00:00:00',' ,   Nilgiris, Ooty, Tamil Nadu, India, ','Ooty','India','11.4102038','76.6950324','private','Consequat Odio id l','Reprehenderit eum ex','active','2025-02-26 15:34:09','2025-02-26 15:34:09',NULL),(51,10,4,NULL,'Scott Boddye','post/1088f252-844f-472f-8c87-cf4456a4b716.jpeg','2025-03-17 00:00:00','2025-03-17 00:00:00',' ,   , San Francisco, California, United States, ','San Francisco','United States','37.7749295','-122.4194155','private','event','undefined','active','2025-03-17 20:57:35','2025-03-17 20:57:35',NULL),(52,10,4,13,'sa','post/0f267597-ca6a-48b0-879f-83b495fe9b9b.jpeg','2025-03-17 00:00:00','2025-03-17 00:00:00',' ,   , San Francisco, California, United States, ','San Francisco','United States','37.7749295','-122.4194155','private','asdf','undefined','active','2025-03-17 21:07:09','2025-03-17 21:07:09',NULL),(53,41,8,NULL,'Plato Walter','post/c0a5eb11-e0b3-4d50-863a-914f4dda3b4d.jpeg','2007-07-10 00:00:00','2008-02-06 00:00:00',' ,   , San Francisco, California, United States, ','San Francisco','United States','37.7749295','-122.4194155','friends','Aut maxime itaque ei','Aliqua Velit sed q','active','2025-03-21 10:22:04','2025-03-21 10:22:04','2025-03-24 09:54:05'),(54,41,7,NULL,'Katelyn Chen','','1970-06-05 00:00:00','1980-02-22 00:00:00',' ,   , New Orleans, Louisiana, United States, ','New Orleans','United States','29.9508941','-90.07583559999999','private','Qui sunt est omnis s','Et velit duis minima','active','2025-03-24 09:18:37','2025-03-24 09:18:37','2025-03-25 08:44:18'),(55,41,7,NULL,'Brody Marsh','post/860ab81f-9377-42da-a2d3-e92f8ac6bc55.jpeg','1998-07-23 00:00:00','1998-10-31 00:00:00',' ,   , Queenstown, Otago, New Zealand, ','Queenstown','New Zealand','-45.0301511','168.6615141','private','Tempor voluptas sapi','Adipisicing id minim','active','2025-03-24 09:21:05','2025-03-24 09:21:05','2025-03-24 10:26:46'),(56,41,4,NULL,'Ann Mays','','2017-09-03 00:00:00','1979-10-15 00:00:00','   Maestros   Ensenada Baja California, Mexico, ','Ensenada','Mexico','31.8634478','-116.5936567','public','Veniam iusto dolore','Quia aut eligendi na','active','2025-03-24 10:19:10','2025-03-24 10:19:10','2025-03-24 10:25:37'),(57,41,7,NULL,'Katelyn Chen','','1970-06-05 00:00:00','1980-02-22 00:00:00','New Orleans United States','New Orleans','United States','0','0','private','Qui sunt est omnis s','Et velit duis minima','active','2025-03-25 08:38:44','2025-03-25 08:43:50','2025-03-25 08:44:26'),(58,41,7,NULL,'Katelyn Chen','post/db13436f-a2ed-42df-9918-038916db3e25.jpeg','1970-06-05 00:00:00','1980-02-22 00:00:00','New Orleans United States','New Orleans','United States','0','0','private','Qui sunt est omnis s','Et velit duis minima','active','2025-03-25 08:40:18','2025-03-25 08:44:40',NULL);

/*Table structure for table `faqs` */

DROP TABLE IF EXISTS `faqs`;

CREATE TABLE `faqs` (
  `id` int NOT NULL AUTO_INCREMENT,
  `question` longtext NOT NULL,
  `answer` longtext NOT NULL,
  `createdAt` datetime NOT NULL,
  `updatedAt` datetime NOT NULL,
  `deletedAt` datetime DEFAULT NULL,
  PRIMARY KEY (`id`)
) ENGINE=InnoDB AUTO_INCREMENT=11 DEFAULT CHARSET=utf8mb4 COLLATE=utf8mb4_0900_ai_ci;

/*Data for the table `faqs` */

insert  into `faqs`(`id`,`question`,`answer`,`createdAt`,`updatedAt`,`deletedAt`) values (1,'Molestiae quia iusto quo fugiat rerum sint.','Hic praesentium inventore.\nNemo fugit modi eum.\nLaudantium tenetur unde et beatae.\nDucimus dignissimos rerum voluptas quasi consectetur ex dolorem aut qui.\nAccusamus quis cum eligendi et iusto.','2025-01-08 06:39:58','2025-01-08 06:39:58',NULL),(2,'Ducimus voluptatem quaerat.\nIn et harum laborum.\nQuas voluptatum quisquam quibusdam dolores minus.','Repellendus et necessitatibus unde illum amet aspernatur voluptas fugit.\nNon est eligendi minus quis.\nVoluptatem beatae est repellendus id molestiae ut.\nAut deleniti rerum culpa et rerum voluptatem dolores consequuntur.','2025-01-08 06:40:00','2025-01-08 06:40:00',NULL),(3,'Qui aut ut illo laudantium quae.','Iste commodi quibusdam explicabo hic tempore.\nOfficiis dignissimos ut aperiam voluptates voluptate sit eos ut soluta.\nOmnis provident ut blanditiis dolorum consequatur ut porro.\nAlias illo fuga rerum ut iste.\nVoluptatibus sed asperiores et atque.','2025-01-08 06:40:01','2025-01-08 06:40:01',NULL),(4,'Voluptas fugit nobis libero distinctio quo rerum quod.\nDignissimos beatae non odio.\nDolorem perferendis sed et sequi sed aut eos ea.\nExcepturi esse qui voluptatem totam fuga molestiae dolorum reprehenderit.','Omnis sit id error repellendus id quaerat saepe.\nIusto maxime quis eum.','2025-01-08 06:40:02','2025-01-08 06:40:02',NULL),(5,'Expedita quae ut doloremque amet consectetur voluptatem voluptatibus rerum architecto.\nOmnis voluptas ut.\nAtque dolor expedita alias quis dolor et.\nTotam et animi suscipit quia rerum pariatur a recusandae.\nEst aut quas unde dolorem sed facilis voluptates.','Aperiam sed unde.\nSed quisquam quo saepe unde quod.','2025-01-08 06:40:02','2025-01-08 06:40:02',NULL),(6,'Expedita in quia sed velit aut ipsam suscipit.\nCum repellat maxime voluptas tempore.\nDeserunt ipsum vel officia aut ut aut ut.\nRepellat totam enim.','Aliquid aut aspernatur distinctio at dicta.\nBlanditiis rem ab in id.','2025-01-08 06:40:03','2025-01-08 06:40:03',NULL),(7,'Quam ut at id qui tempora dolorem repudiandae.\nQuo hic id nihil id qui assumenda velit fugit eum.\nA qui eum architecto asperiores atque.\nQui voluptatem iste non qui.','Vero illum nihil corrupti architecto ut.\nDolor voluptas molestiae consequatur.\nAt iure eius et.','2025-01-08 06:40:04','2025-01-08 06:40:04',NULL),(8,'Ut quia beatae.','Iure eum excepturi perferendis repellendus quia excepturi aliquid.','2025-01-08 06:40:05','2025-01-08 06:40:05',NULL),(9,'Quidem in iste nesciunt et et.\nProvident molestiae officiis natus.\nAut et veniam enim optio illo vero provident qui recusandae.','Rerum dolores eveniet amet.\nCorporis dolorum est ratione modi et cumque harum est.\nRerum ut vel.','2025-01-08 06:40:05','2025-01-08 06:40:05',NULL),(10,'Et officiis officiis eum perferendis nihil ratione voluptatibus aut asperiores.','Ut atque in nisi.\nPorro quod fugit sunt ut dolore.\nEa accusantium ipsam repudiandae.','2025-01-08 06:40:06','2025-01-08 06:40:06',NULL);

/*Table structure for table `feelings` */

DROP TABLE IF EXISTS `feelings`;

CREATE TABLE `feelings` (
  `id` int NOT NULL AUTO_INCREMENT,
  `name` varchar(255) NOT NULL,
  `icon_url` varchar(255) NOT NULL,
  `createdAt` datetime NOT NULL,
  `updatedAt` datetime NOT NULL,
  `deletedAt` datetime DEFAULT NULL,
  PRIMARY KEY (`id`)
) ENGINE=InnoDB AUTO_INCREMENT=2 DEFAULT CHARSET=latin1;

/*Data for the table `feelings` */

insert  into `feelings`(`id`,`name`,`icon_url`,`createdAt`,`updatedAt`,`deletedAt`) values (1,'Thirsty','post/bda5d951-235f-4c25-9803-991573441818.png','2024-10-09 06:58:42','2024-10-09 06:58:42',NULL);

/*Table structure for table `friends` */

DROP TABLE IF EXISTS `friends`;

CREATE TABLE `friends` (
  `id` int NOT NULL AUTO_INCREMENT,
  `user_id` int NOT NULL,
  `friend_id` int NOT NULL,
  `have_we_danced` varchar(255) DEFAULT '"No"',
  `city_we_meet` varchar(255) DEFAULT NULL,
  `when_did_we_meet` datetime DEFAULT NULL,
  `event_we_meet` varchar(255) DEFAULT NULL,
  `connect_reason` text,
  `sender_notes` text,
  `receiver_notes` text,
  `status` enum('pending','decline','connected') NOT NULL DEFAULT 'pending',
  `createdAt` datetime NOT NULL,
  `updatedAt` datetime NOT NULL,
  `deletedAt` datetime DEFAULT NULL,
  PRIMARY KEY (`id`),
  KEY `user_id` (`user_id`),
  KEY `friend_id` (`friend_id`),
  CONSTRAINT `friends_ibfk_1` FOREIGN KEY (`user_id`) REFERENCES `users` (`id`) ON DELETE CASCADE ON UPDATE CASCADE,
  CONSTRAINT `friends_ibfk_2` FOREIGN KEY (`friend_id`) REFERENCES `users` (`id`) ON DELETE CASCADE ON UPDATE CASCADE
) ENGINE=InnoDB AUTO_INCREMENT=14 DEFAULT CHARSET=utf8mb4 COLLATE=utf8mb4_0900_ai_ci;

/*Data for the table `friends` */

insert  into `friends`(`id`,`user_id`,`friend_id`,`have_we_danced`,`city_we_meet`,`when_did_we_meet`,`event_we_meet`,`connect_reason`,`sender_notes`,`receiver_notes`,`status`,`createdAt`,`updatedAt`,`deletedAt`) values (3,29,35,'Yes','undefined','2025-03-03 03:08:26','Astasdf','Asdfateasdfasdfasdfasdfasdfasdfad',NULL,NULL,'pending','2025-03-03 03:08:26','2025-03-03 03:08:26',NULL),(4,10,35,'Yes','undefined','2025-03-03 03:10:09','asdfasdfasdf','asdfasdfasdfa',NULL,NULL,'pending','2025-03-03 03:10:09','2025-03-03 03:10:09',NULL),(5,36,29,'Yes','undefined','2025-03-08 21:58:27','this should be autofill from events and not required','We had a great dance',NULL,NULL,'pending','2025-03-08 21:58:27','2025-03-08 21:58:27',NULL),(6,31,10,'No','undefined','2025-03-09 06:02:07','','I think connection should be easier and more straight-forward',NULL,'','connected','2025-03-09 06:02:07','2025-03-09 17:29:19',NULL),(7,37,10,'Yes','undefined','2025-03-09 17:28:35','','youre cool',NULL,'','connected','2025-03-09 17:28:35','2025-03-09 17:29:27',NULL),(8,7,41,'Yes','undefined','2025-03-16 23:10:42','Impedit incididunt ','Eos praesentium dol',NULL,'','connected','2025-03-16 23:10:42','2025-03-16 23:24:33','2025-03-17 09:59:27'),(9,7,38,'Yes','undefined','2025-03-17 08:19:27','Anim in nostrud fugi','Nostrud autem quos f',NULL,NULL,'decline','2025-03-17 08:19:27','2025-03-17 08:32:47','2025-03-17 08:36:23'),(10,7,38,'Yes','Khalifah A City','2025-03-17 08:33:26','Aspernatur illum qu','Omnis aute esse ad ',NULL,'','connected','2025-03-17 08:33:26','2025-03-17 08:33:57','2025-03-17 08:36:57'),(11,7,38,'Yes','Khalifah A City','2025-03-17 08:37:34','Omnis magna eum reru','Velit incididunt of',NULL,'','connected','2025-03-17 08:37:34','2025-03-17 08:39:01',NULL),(12,38,41,'No','Contraalmirante Cordero','2025-03-17 08:40:12','Nesciunt ad volupta','At aliquid quaerat v',NULL,'','connected','2025-03-17 08:40:12','2025-03-17 08:40:53',NULL),(13,7,41,'No','Kafir Qala','2025-03-17 09:59:46','Et eius laborum labo','Omnis consectetur de',NULL,'','connected','2025-03-17 09:59:46','2025-03-17 10:00:39',NULL);

/*Table structure for table `group_activities` */

DROP TABLE IF EXISTS `group_activities`;

CREATE TABLE `group_activities` (
  `id` int NOT NULL AUTO_INCREMENT,
  `group_id` int NOT NULL,
  `non_tango_activity_id` int NOT NULL,
  `createdAt` datetime NOT NULL,
  `updatedAt` datetime NOT NULL,
  `deletedAt` datetime DEFAULT NULL,
  PRIMARY KEY (`id`),
  KEY `group_id` (`group_id`),
  KEY `non_tango_activity_id` (`non_tango_activity_id`),
  CONSTRAINT `group_activities_ibfk_1` FOREIGN KEY (`group_id`) REFERENCES `groups` (`id`) ON DELETE CASCADE ON UPDATE CASCADE,
  CONSTRAINT `group_activities_ibfk_2` FOREIGN KEY (`non_tango_activity_id`) REFERENCES `non_tango_activities` (`id`) ON DELETE CASCADE ON UPDATE CASCADE
) ENGINE=InnoDB DEFAULT CHARSET=utf8mb4 COLLATE=utf8mb4_0900_ai_ci;

/*Data for the table `group_activities` */

/*Table structure for table `group_members` */

DROP TABLE IF EXISTS `group_members`;

CREATE TABLE `group_members` (
  `id` int NOT NULL AUTO_INCREMENT,
  `group_id` int NOT NULL,
  `user_id` int NOT NULL,
  `user_type` varchar(255) NOT NULL DEFAULT 'host',
  `status` enum('invited','requested','joined','rejected') NOT NULL DEFAULT 'requested',
  `createdAt` datetime NOT NULL,
  `updatedAt` datetime NOT NULL,
  `deletedAt` datetime DEFAULT NULL,
  PRIMARY KEY (`id`),
  KEY `group_id` (`group_id`),
  KEY `user_id` (`user_id`),
  CONSTRAINT `group_members_ibfk_1` FOREIGN KEY (`group_id`) REFERENCES `groups` (`id`) ON DELETE CASCADE ON UPDATE CASCADE,
  CONSTRAINT `group_members_ibfk_2` FOREIGN KEY (`user_id`) REFERENCES `users` (`id`) ON UPDATE CASCADE
) ENGINE=InnoDB AUTO_INCREMENT=17 DEFAULT CHARSET=utf8mb4 COLLATE=utf8mb4_0900_ai_ci;

/*Data for the table `group_members` */

insert  into `group_members`(`id`,`group_id`,`user_id`,`user_type`,`status`,`createdAt`,`updatedAt`,`deletedAt`) values (1,1,7,'general','requested','2025-02-19 14:41:08','2025-02-19 14:41:08',NULL),(2,9,13,'general','requested','2025-02-25 09:49:54','2025-02-25 09:49:54',NULL),(4,12,10,'general','requested','2025-03-02 23:41:21','2025-03-02 23:41:21',NULL),(6,13,29,'general','requested','2025-03-03 03:05:21','2025-03-03 03:05:21',NULL),(7,13,31,'general','requested','2025-03-09 06:03:56','2025-03-09 06:03:56',NULL),(8,13,41,'general','requested','2025-03-21 10:05:42','2025-03-21 10:05:42',NULL),(9,18,41,'general','requested','2025-03-21 10:06:09','2025-03-21 10:06:09',NULL),(10,18,9,'general','invited','2025-03-21 10:06:52','2025-03-21 10:06:52',NULL),(11,20,41,'general','requested','2025-03-21 18:26:48','2025-03-21 18:26:48',NULL),(12,20,40,'general','joined','2025-03-22 12:00:20','2025-03-23 17:51:07',NULL),(13,22,41,'admin','joined','2025-03-24 11:19:14','2025-03-24 11:19:14',NULL),(14,13,7,'general','invited','2025-03-24 15:51:04','2025-03-24 15:51:04',NULL),(16,22,43,'general','invited','2025-03-25 09:03:34','2025-03-25 09:03:34',NULL);

/*Table structure for table `group_visitors` */

DROP TABLE IF EXISTS `group_visitors`;

CREATE TABLE `group_visitors` (
  `id` int NOT NULL AUTO_INCREMENT,
  `group_id` int NOT NULL,
  `user_id` int NOT NULL,
  `createdAt` datetime NOT NULL,
  `updatedAt` datetime NOT NULL,
  `deletedAt` datetime DEFAULT NULL,
  PRIMARY KEY (`id`),
  KEY `group_id` (`group_id`),
  KEY `user_id` (`user_id`),
  CONSTRAINT `group_visitors_ibfk_1` FOREIGN KEY (`group_id`) REFERENCES `groups` (`id`) ON DELETE CASCADE ON UPDATE CASCADE,
  CONSTRAINT `group_visitors_ibfk_2` FOREIGN KEY (`user_id`) REFERENCES `users` (`id`) ON DELETE CASCADE ON UPDATE CASCADE
) ENGINE=InnoDB AUTO_INCREMENT=90 DEFAULT CHARSET=utf8mb4 COLLATE=utf8mb4_0900_ai_ci;

/*Data for the table `group_visitors` */

insert  into `group_visitors`(`id`,`group_id`,`user_id`,`createdAt`,`updatedAt`,`deletedAt`) values (1,9,13,'2025-02-26 10:31:47','2025-02-26 10:31:47',NULL),(2,9,13,'2025-02-26 12:34:32','2025-02-26 12:34:32',NULL),(3,9,13,'2025-02-26 13:11:07','2025-02-26 13:11:07',NULL),(4,9,13,'2025-02-26 13:28:08','2025-02-26 13:28:08',NULL),(5,10,13,'2025-02-26 15:37:20','2025-02-26 15:37:20',NULL),(6,6,13,'2025-02-26 15:41:30','2025-02-26 15:41:30',NULL),(7,6,13,'2025-02-26 15:42:41','2025-02-26 15:42:41',NULL),(8,5,13,'2025-02-26 15:42:50','2025-02-26 15:42:50',NULL),(9,10,13,'2025-02-26 15:42:56','2025-02-26 15:42:56',NULL),(10,9,10,'2025-02-28 14:56:54','2025-02-28 14:56:54',NULL),(11,10,10,'2025-02-28 14:57:20','2025-02-28 14:57:20',NULL),(12,9,10,'2025-02-28 22:52:07','2025-02-28 22:52:07',NULL),(14,12,10,'2025-03-02 23:38:20','2025-03-02 23:38:20',NULL),(16,12,10,'2025-03-02 23:41:29','2025-03-02 23:41:29',NULL),(17,12,10,'2025-03-02 23:41:34','2025-03-02 23:41:34',NULL),(18,12,10,'2025-03-02 23:43:03','2025-03-02 23:43:03',NULL),(19,12,10,'2025-03-02 23:44:15','2025-03-02 23:44:15',NULL),(20,12,10,'2025-03-02 23:45:09','2025-03-02 23:45:09',NULL),(24,12,10,'2025-03-03 00:06:11','2025-03-03 00:06:11',NULL),(25,13,10,'2025-03-03 00:08:34','2025-03-03 00:08:34',NULL),(26,13,10,'2025-03-03 02:59:12','2025-03-03 02:59:12',NULL),(27,13,29,'2025-03-03 03:03:10','2025-03-03 03:03:10',NULL),(28,13,29,'2025-03-03 03:15:40','2025-03-03 03:15:40',NULL),(29,13,10,'2025-03-04 15:53:15','2025-03-04 15:53:15',NULL),(30,14,36,'2025-03-08 22:03:51','2025-03-08 22:03:51',NULL),(31,13,31,'2025-03-09 06:03:35','2025-03-09 06:03:35',NULL),(32,14,37,'2025-03-09 17:33:51','2025-03-09 17:33:51',NULL),(33,14,37,'2025-03-10 20:59:46','2025-03-10 20:59:46',NULL),(34,16,38,'2025-03-12 12:29:32','2025-03-12 12:29:32',NULL),(35,16,38,'2025-03-12 12:29:36','2025-03-12 12:29:36',NULL),(36,16,38,'2025-03-12 12:37:35','2025-03-12 12:37:35',NULL),(37,10,38,'2025-03-13 07:41:06','2025-03-13 07:41:06',NULL),(38,16,38,'2025-03-13 08:01:36','2025-03-13 08:01:36',NULL),(39,17,7,'2025-03-13 10:59:01','2025-03-13 10:59:01',NULL),(40,1,7,'2025-03-13 11:20:16','2025-03-13 11:20:16',NULL),(43,1,7,'2025-03-16 22:12:08','2025-03-16 22:12:08',NULL),(44,13,10,'2025-03-17 20:33:58','2025-03-17 20:33:58',NULL),(45,13,10,'2025-03-17 20:37:47','2025-03-17 20:37:47',NULL),(46,13,10,'2025-03-17 20:43:03','2025-03-17 20:43:03',NULL),(47,13,10,'2025-03-17 20:43:07','2025-03-17 20:43:07',NULL),(48,13,10,'2025-03-17 20:43:17','2025-03-17 20:43:17',NULL),(49,13,10,'2025-03-17 21:02:03','2025-03-17 21:02:03',NULL),(50,13,10,'2025-03-17 21:02:56','2025-03-17 21:02:56',NULL),(51,13,10,'2025-03-17 21:03:46','2025-03-17 21:03:46',NULL),(52,13,10,'2025-03-17 21:06:27','2025-03-17 21:06:27',NULL),(53,13,10,'2025-03-17 21:07:26','2025-03-17 21:07:26',NULL),(54,13,31,'2025-03-18 22:21:50','2025-03-18 22:21:50',NULL),(55,17,41,'2025-03-21 09:44:39','2025-03-21 09:44:39',NULL),(56,19,41,'2025-03-21 10:03:49','2025-03-21 10:03:49',NULL),(57,13,41,'2025-03-21 10:05:31','2025-03-21 10:05:31',NULL),(58,18,41,'2025-03-21 10:06:05','2025-03-21 10:06:05',NULL),(59,18,7,'2025-03-21 10:06:37','2025-03-21 10:06:37',NULL),(60,18,7,'2025-03-21 10:08:57','2025-03-21 10:08:57',NULL),(61,18,7,'2025-03-21 10:09:07','2025-03-21 10:09:07',NULL),(62,20,41,'2025-03-21 11:40:03','2025-03-21 11:40:03',NULL),(63,18,41,'2025-03-21 11:44:55','2025-03-21 11:44:55',NULL),(64,20,41,'2025-03-21 17:29:36','2025-03-21 17:29:36',NULL),(65,20,41,'2025-03-21 17:30:11','2025-03-21 17:30:11',NULL),(66,20,41,'2025-03-21 18:15:04','2025-03-21 18:15:04',NULL),(67,18,7,'2025-03-21 18:38:34','2025-03-21 18:38:34',NULL),(68,20,41,'2025-03-21 18:41:17','2025-03-21 18:41:17',NULL),(69,20,41,'2025-03-21 19:02:48','2025-03-21 19:02:48',NULL),(70,20,41,'2025-03-21 19:02:50','2025-03-21 19:02:50',NULL),(71,20,41,'2025-03-21 19:02:58','2025-03-21 19:02:58',NULL),(72,20,41,'2025-03-21 19:02:58','2025-03-21 19:02:58',NULL),(73,20,41,'2025-03-21 19:02:58','2025-03-21 19:02:58',NULL),(74,19,41,'2025-03-21 19:03:06','2025-03-21 19:03:06',NULL),(75,19,41,'2025-03-21 19:03:08','2025-03-21 19:03:08',NULL),(76,19,41,'2025-03-21 19:03:08','2025-03-21 19:03:08',NULL),(77,19,41,'2025-03-21 19:03:08','2025-03-21 19:03:08',NULL),(78,19,41,'2025-03-21 19:03:08','2025-03-21 19:03:08',NULL),(79,19,41,'2025-03-21 19:03:08','2025-03-21 19:03:08',NULL),(80,20,40,'2025-03-22 11:58:56','2025-03-22 11:58:56',NULL),(81,20,40,'2025-03-22 21:57:05','2025-03-22 21:57:05',NULL),(82,20,41,'2025-03-23 17:29:59','2025-03-23 17:29:59',NULL),(83,20,41,'2025-03-24 08:31:47','2025-03-24 08:31:47',NULL),(84,20,41,'2025-03-24 08:32:00','2025-03-24 08:32:00',NULL),(85,20,41,'2025-03-24 10:12:12','2025-03-24 10:12:12',NULL),(86,20,41,'2025-03-24 10:14:49','2025-03-24 10:14:49',NULL),(87,20,41,'2025-03-24 11:39:02','2025-03-24 11:39:02',NULL),(88,20,41,'2025-03-25 08:45:19','2025-03-25 08:45:19',NULL),(89,22,31,'2025-03-27 20:14:56','2025-03-27 20:14:56',NULL);

/*Table structure for table `groups` */

DROP TABLE IF EXISTS `groups`;

CREATE TABLE `groups` (
  `id` int NOT NULL AUTO_INCREMENT,
  `user_id` int NOT NULL,
  `group_type` enum('city-group','normal-group','privacy','public','friends') CHARACTER SET utf8mb4 COLLATE utf8mb4_0900_ai_ci NOT NULL DEFAULT 'public',
  `name` varchar(255) NOT NULL,
  `image_url` varchar(255) CHARACTER SET utf8mb4 COLLATE utf8mb4_0900_ai_ci DEFAULT NULL,
  `location` geometry DEFAULT NULL,
  `city` varchar(255) DEFAULT NULL,
  `country` varchar(255) DEFAULT NULL,
  `latitude` varchar(255) DEFAULT NULL,
  `longitude` varchar(255) DEFAULT NULL,
  `privacy` enum('public','private','friends','privacy') CHARACTER SET utf8mb4 COLLATE utf8mb4_0900_ai_ci NOT NULL DEFAULT 'public',
  `number_of_participants` int NOT NULL,
  `description` text,
  `status` enum('active','inactive') NOT NULL DEFAULT 'active',
  `total_followers` int NOT NULL DEFAULT '0',
  `createdAt` datetime NOT NULL,
  `updatedAt` datetime NOT NULL,
  `deletedAt` datetime DEFAULT NULL,
  `address` longtext,
  PRIMARY KEY (`id`)
) ENGINE=InnoDB AUTO_INCREMENT=23 DEFAULT CHARSET=utf8mb4 COLLATE=utf8mb4_0900_ai_ci;

/*Data for the table `groups` */

insert  into `groups`(`id`,`user_id`,`group_type`,`name`,`image_url`,`location`,`city`,`country`,`latitude`,`longitude`,`privacy`,`number_of_participants`,`description`,`status`,`total_followers`,`createdAt`,`updatedAt`,`deletedAt`,`address`) values (1,7,'privacy','Davis Fitzpatrick','post/57ac3efe-d167-4075-ab48-7fe409f76ca4.png',NULL,NULL,NULL,NULL,NULL,'private',0,'Animi distinctio N','active',0,'2025-02-19 12:29:54','2025-02-19 12:29:54',NULL,NULL),(2,7,'public','Solomon Wooten','post/3a69ed37-533c-4290-9f23-97991423446c.jpeg',NULL,NULL,NULL,NULL,NULL,'private',0,'Dolore doloribus hic','active',0,'2025-02-19 14:46:02','2025-02-19 14:46:02',NULL,NULL),(3,7,'privacy','Venus Merrill','post/7150116b-f25c-4615-b677-7002f91d71ac.jpeg',NULL,NULL,NULL,NULL,NULL,'friends',0,'Natus pariatur Eum ','active',0,'2025-02-19 14:49:42','2025-02-19 14:49:42',NULL,NULL),(4,7,'public','Alice Stevens','post/e2816f5e-98b2-431d-979c-77c322331584.jpeg',NULL,NULL,NULL,NULL,NULL,'public',0,'Hic quo ducimus et ','active',0,'2025-02-19 14:50:32','2025-02-19 14:50:32',NULL,NULL),(5,7,'public','Alice Stevens','post/cec9c015-0efb-4d77-b3e5-b1219b43cc72.jpeg',NULL,NULL,NULL,NULL,NULL,'public',0,'Hic quo ducimus et ','active',0,'2025-02-19 14:53:25','2025-02-19 14:53:25',NULL,NULL),(6,22,'privacy','Ezekiel Bradford','post/cb9ed21a-21a8-407d-9b8f-90142ddb06a0.jpeg',NULL,NULL,NULL,NULL,NULL,'friends',0,'Quisquam sit volupt','active',0,'2025-02-19 17:32:33','2025-02-19 17:32:33',NULL,NULL),(7,7,'privacy','Chester Jacobson','post/14f76cc0-f2eb-452b-96b9-2e10874d18bc.jpeg',NULL,NULL,NULL,NULL,NULL,'private',0,'Distinctio Earum ne','active',0,'2025-02-20 12:49:54','2025-02-20 12:49:54',NULL,NULL),(8,10,'public','Test group','post/73c5fa3a-b75d-4da2-b978-7fb00c1dabbf.jpeg',NULL,NULL,NULL,NULL,NULL,'public',0,'test','active',0,'2025-02-21 17:49:23','2025-02-21 17:49:23','2025-02-21 17:50:40',NULL),(9,10,'public','Test group','post/5067032d-cc40-4628-98e3-c53bc9f46c8e.jpeg',NULL,NULL,NULL,NULL,NULL,'friends',0,'Test','active',0,'2025-02-21 21:13:04','2025-02-21 21:13:04','2025-03-02 23:37:20',NULL),(10,13,'public','Montana Vaughn','post/0a3aa282-aee8-4aa7-ac62-03dfe705bc45.jpeg',NULL,NULL,NULL,'51.19353779999999','8.5275766','public',0,'Labore voluptatum co','active',0,'2025-02-26 15:37:09','2025-02-26 15:37:09',NULL,NULL),(11,10,'public','Test group 2','post/088becc1-5a5e-4398-840c-c46fb65ea7b5.png',NULL,NULL,NULL,'-34.6036844','-58.3815591','public',0,'test','active',0,'2025-03-02 23:37:09','2025-03-02 23:37:09','2025-03-03 00:06:49',NULL),(12,10,'public','Test group 2','post/4333df33-b2b9-42e0-8286-2e0be8c5a8fa.png',NULL,NULL,NULL,'-34.6036844','-58.3815591','public',0,'test','active',0,'2025-03-02 23:37:22','2025-03-02 23:37:22','2025-03-03 00:06:46',NULL),(13,10,'public','Test group','post/9d0437e1-9ab5-4b88-b8d8-7a26eaa26772.png',NULL,NULL,NULL,'0','0','public',0,'test','active',0,'2025-03-03 00:07:31','2025-03-03 00:07:31',NULL,NULL),(14,36,'public','group test in group','post/441fd5e4-ff03-4573-9ec7-677c0dfdd20f.png',NULL,NULL,NULL,'0','0','public',0,'aslkdjfj','active',0,'2025-03-08 22:03:33','2025-03-08 22:03:33',NULL,NULL),(15,38,'public','Violet Bryant','post/76027ebf-598d-4f27-87ad-79fea581d0d6.png',NULL,NULL,NULL,'34.6937249','135.5022535','public',0,'Minima accusantium s','active',0,'2025-03-12 12:23:19','2025-03-12 12:23:19','2025-03-12 12:23:43',NULL),(16,38,'privacy','Stella Chase','post/e548a6e0-3bf3-49ba-9d09-b0bd4f7ea096.jpeg',NULL,NULL,NULL,'0','0','private',0,'Modi dolorem exceptu','active',0,'2025-03-12 12:24:05','2025-03-12 12:24:05',NULL,NULL),(17,7,'public','incentivize Generic Bermudian salmon','post/d2199336-8f2b-4c49-8427-e6de1d386f81.jpeg',NULL,'Karachi','Pakistan','0','0','public',0,'test','active',0,'2025-03-13 10:28:19','2025-03-13 11:42:25',NULL,NULL),(18,7,'friends','Aiko Bryan','post/6450a029-751a-4d78-9654-b6bba47b06b2.png',NULL,NULL,NULL,'0','0','friends',2,'Quia mollitia beatae','active',0,'2025-03-21 09:55:37','2025-03-21 18:38:17',NULL,NULL),(19,41,'public','Noel Potts','post/47ba9529-2778-4179-aa0d-7f0beef75512.jpeg',NULL,NULL,NULL,'13.6287557','79.4191795','private',0,'Aut dolores est sed ','active',0,'2025-03-21 10:00:16','2025-03-21 10:54:57',NULL,NULL),(20,41,'privacy','Solomon Owens','post/4796e9b1-381e-4b5d-8313-f8b314145a2d.jpeg',NULL,NULL,NULL,'0','0','friends',1,'Sit dolor dolores ex','active',0,'2025-03-21 10:56:41','2025-03-21 18:41:08',NULL,NULL),(21,41,'privacy','Shelby Bauer','post/16dd1f6d-6ff8-4e24-ad9f-79e65c178c94.jpeg',NULL,NULL,NULL,'0','0','friends',0,'Voluptatum est fugia','active',0,'2025-03-21 11:10:41','2025-03-21 11:10:41','2025-03-21 11:10:54',NULL),(22,41,'privacy','Emmanuel Wynn','post/ebccc2b1-ba4b-4f7f-a58b-8c4cc9af9493.jpeg',NULL,NULL,NULL,'0','0','private',0,'In atque dolorum cul','active',0,'2025-03-24 11:19:14','2025-03-24 11:19:14',NULL,NULL);

/*Table structure for table `help_supports` */

DROP TABLE IF EXISTS `help_supports`;

CREATE TABLE `help_supports` (
  `id` int NOT NULL AUTO_INCREMENT,
  `name` varchar(255) NOT NULL,
  `email` varchar(255) NOT NULL,
  `phone_number` varchar(255) DEFAULT NULL,
  `query` varchar(255) DEFAULT NULL,
  `createdAt` datetime NOT NULL,
  `updatedAt` datetime NOT NULL,
  `deletedAt` datetime DEFAULT NULL,
  PRIMARY KEY (`id`)
) ENGINE=InnoDB AUTO_INCREMENT=3 DEFAULT CHARSET=utf8mb4 COLLATE=utf8mb4_0900_ai_ci;

/*Data for the table `help_supports` */

insert  into `help_supports`(`id`,`name`,`email`,`phone_number`,`query`,`createdAt`,`updatedAt`,`deletedAt`) values (1,'Emma Chaney','tanuc@mailinator.com','+1 (738) 713-9362','Ex magnam sunt ab a','2025-01-15 09:15:22','2025-01-15 09:15:22',NULL),(2,'Scott Boddye','scott@boddye.com','4802427435','Test','2025-03-03 01:16:10','2025-03-03 01:16:10',NULL);

/*Table structure for table `hide_posts` */

DROP TABLE IF EXISTS `hide_posts`;

CREATE TABLE `hide_posts` (
  `id` int NOT NULL AUTO_INCREMENT,
  `post_id` int DEFAULT NULL,
  `user_id` int DEFAULT NULL,
  `createdAt` datetime NOT NULL,
  `updatedAt` datetime NOT NULL,
  `deletedAt` datetime DEFAULT NULL,
  PRIMARY KEY (`id`),
  KEY `post_id` (`post_id`),
  KEY `user_id` (`user_id`),
  CONSTRAINT `hide_posts_ibfk_1` FOREIGN KEY (`post_id`) REFERENCES `posts` (`id`) ON DELETE SET NULL ON UPDATE CASCADE,
  CONSTRAINT `hide_posts_ibfk_2` FOREIGN KEY (`user_id`) REFERENCES `users` (`id`) ON DELETE SET NULL ON UPDATE CASCADE
) ENGINE=InnoDB AUTO_INCREMENT=3 DEFAULT CHARSET=utf8mb4 COLLATE=utf8mb4_0900_ai_ci;

/*Data for the table `hide_posts` */

insert  into `hide_posts`(`id`,`post_id`,`user_id`,`createdAt`,`updatedAt`,`deletedAt`) values (1,3,10,'2025-01-21 21:39:24','2025-01-21 21:39:24',NULL),(2,4,10,'2025-01-21 21:47:16','2025-01-21 21:47:16',NULL);

/*Table structure for table `host_experiences` */

DROP TABLE IF EXISTS `host_experiences`;

CREATE TABLE `host_experiences` (
  `id` int NOT NULL AUTO_INCREMENT,
  `user_id` int NOT NULL,
  `property_url` varchar(255) DEFAULT NULL,
  `city` varchar(255) DEFAULT NULL,
  `space` varchar(255) DEFAULT NULL,
  `people` int DEFAULT NULL,
  `createdAt` datetime NOT NULL,
  `updatedAt` datetime NOT NULL,
  `deletedAt` datetime DEFAULT NULL,
  PRIMARY KEY (`id`),
  KEY `user_id` (`user_id`),
  CONSTRAINT `host_experiences_ibfk_1` FOREIGN KEY (`user_id`) REFERENCES `users` (`id`) ON DELETE CASCADE ON UPDATE CASCADE
) ENGINE=InnoDB AUTO_INCREMENT=24 DEFAULT CHARSET=utf8mb4 COLLATE=utf8mb4_0900_ai_ci;

/*Data for the table `host_experiences` */

insert  into `host_experiences`(`id`,`user_id`,`property_url`,`city`,`space`,`people`,`createdAt`,`updatedAt`,`deletedAt`) values (7,13,'','','',0,'2025-02-07 13:20:03','2025-02-07 13:20:03',NULL),(9,20,'','','',0,'2025-02-07 13:35:30','2025-02-07 13:35:30',NULL),(11,25,'','','',0,'2025-02-07 15:22:24','2025-02-07 15:22:24',NULL),(12,16,'a','Canillo','',0,'2025-02-09 21:49:05','2025-02-09 21:49:05',NULL),(13,19,'','','',0,'2025-02-13 06:49:40','2025-02-13 06:49:40','2025-02-26 07:09:17'),(14,11,'','','',0,'2025-02-19 09:14:52','2025-02-19 09:14:52',NULL),(17,7,'http://example.com','karachi,lahore,Peshawar','anywhere',33,'2025-02-20 09:06:55','2025-02-20 09:06:55',NULL),(18,34,'','Canillo','',0,'2025-03-02 15:09:48','2025-03-02 15:09:48','2025-03-03 01:41:32'),(19,36,'','','',0,'2025-03-08 21:04:33','2025-03-08 21:04:33',NULL),(20,37,'a','','',0,'2025-03-09 17:20:00','2025-03-09 17:20:00',NULL),(21,38,'','','',0,'2025-03-12 09:26:47','2025-03-12 09:26:47',NULL),(22,41,'','','',0,'2025-03-14 23:08:32','2025-03-14 23:08:32',NULL),(23,43,'','','',0,'2025-03-17 10:11:15','2025-03-17 10:11:15',NULL);

/*Table structure for table `invites` */

DROP TABLE IF EXISTS `invites`;

CREATE TABLE `invites` (
  `id` int NOT NULL AUTO_INCREMENT,
  `invite_from_id` int NOT NULL,
  `invite_to_id` int NOT NULL,
  `instance_type` enum('group','event') NOT NULL DEFAULT 'group',
  `instance_id` int NOT NULL,
  `status` enum('invited','joined','rejected') NOT NULL DEFAULT 'invited',
  `createdAt` datetime NOT NULL,
  `updatedAt` datetime NOT NULL,
  `deletedAt` datetime DEFAULT NULL,
  PRIMARY KEY (`id`),
  KEY `invite_from_id` (`invite_from_id`),
  KEY `invite_to_id` (`invite_to_id`),
  CONSTRAINT `invites_ibfk_1` FOREIGN KEY (`invite_from_id`) REFERENCES `users` (`id`) ON UPDATE CASCADE,
  CONSTRAINT `invites_ibfk_2` FOREIGN KEY (`invite_to_id`) REFERENCES `users` (`id`) ON UPDATE CASCADE
) ENGINE=InnoDB AUTO_INCREMENT=11 DEFAULT CHARSET=utf8mb4 COLLATE=utf8mb4_0900_ai_ci;

/*Data for the table `invites` */

insert  into `invites`(`id`,`invite_from_id`,`invite_to_id`,`instance_type`,`instance_id`,`status`,`createdAt`,`updatedAt`,`deletedAt`) values (1,7,9,'group',18,'invited','2025-03-21 10:06:52','2025-03-21 10:06:52',NULL),(2,41,38,'event',52,'invited','2025-03-23 18:58:58','2025-03-23 18:58:58',NULL),(3,41,7,'event',52,'invited','2025-03-23 19:07:56','2025-03-23 19:07:56',NULL),(4,41,38,'event',53,'invited','2025-03-23 19:19:39','2025-03-23 19:19:39',NULL),(5,41,38,'event',51,'invited','2025-03-24 10:07:44','2025-03-24 10:07:44',NULL),(6,41,7,'event',51,'invited','2025-03-24 10:07:55','2025-03-24 10:07:55',NULL),(7,10,7,'group',13,'invited','2025-03-24 15:51:04','2025-03-24 15:51:04',NULL),(8,41,7,'event',58,'invited','2025-03-25 08:45:00','2025-03-25 08:45:00',NULL),(9,7,43,'group',22,'invited','2025-03-25 09:00:04','2025-03-25 09:00:04',NULL),(10,7,43,'group',22,'invited','2025-03-25 09:03:34','2025-03-25 09:03:34',NULL);

/*Table structure for table `languages` */

DROP TABLE IF EXISTS `languages`;

CREATE TABLE `languages` (
  `id` int NOT NULL AUTO_INCREMENT,
  `name` varchar(255) NOT NULL,
  `code` varchar(255) NOT NULL,
  `country` varchar(255) NOT NULL,
  `isRTL` int NOT NULL DEFAULT '0',
  `createdAt` datetime NOT NULL,
  `updatedAt` datetime NOT NULL,
  `deletedAt` datetime DEFAULT NULL,
  PRIMARY KEY (`id`)
) ENGINE=InnoDB AUTO_INCREMENT=77 DEFAULT CHARSET=latin1;

/*Data for the table `languages` */

insert  into `languages`(`id`,`name`,`code`,`country`,`isRTL`,`createdAt`,`updatedAt`,`deletedAt`) values (1,'English','en','US',0,'2024-08-20 10:03:08','2024-10-24 08:22:13',NULL),(2,'Arabic','ar','SA',1,'2024-08-20 10:05:47','2024-10-24 08:01:04',NULL),(3,'Czech','cs','CZ',0,'2024-08-20 10:12:26','2024-10-24 08:20:01',NULL),(4,'Dutch','nl','NL',0,'2024-08-20 10:22:53','2024-10-24 08:21:31',NULL),(5,'French','fr','FR',0,'2024-08-20 10:23:23','2024-10-24 08:26:46',NULL),(6,'German','de','DE',0,'2024-08-20 10:24:03','2024-10-24 09:04:31',NULL),(7,'Hebrew','he','IL',1,'2024-08-20 10:26:52','2024-10-24 09:06:27',NULL),(8,'Italian','it','IT',0,'2024-08-20 10:27:07','2024-10-24 09:09:56',NULL),(9,'Japanese','ja','JP',0,'2024-08-20 10:27:37','2024-10-24 09:10:34',NULL),(10,'Korean','ko','KR',0,'2024-08-20 10:27:49','2024-10-24 09:16:46',NULL),(11,'Polish','pl','PL',0,'2024-08-20 11:43:49','2024-10-24 09:30:14',NULL),(12,'Portuguese','pt','PT',0,'2024-08-20 11:43:55','2024-10-24 09:30:45',NULL),(13,'Chinese','zh','CN',0,'2024-08-20 11:58:29','2024-10-24 08:17:32',NULL),(14,'Spanish','es','ES',0,'2024-08-20 11:58:47','2024-10-24 09:39:25',NULL),(15,'Swedish','sv','SE',0,'2024-08-20 11:59:02','2024-10-24 09:40:37',NULL),(16,'Turkish','tr','TR',0,'2024-08-20 12:00:07','2024-10-24 09:44:02',NULL),(17,'Bulgarian','bg','BG',0,'2024-08-20 12:00:16','2024-10-24 08:10:56',NULL),(18,'Croatian','hr','HR',0,'2024-08-20 12:00:28','2024-10-24 08:18:48',NULL),(19,'Danish','da','DK',0,'2024-08-20 12:00:40','2024-10-24 08:20:38',NULL),(20,'Estonian','et','EE',0,'2024-08-20 12:00:52','2024-10-24 08:22:52',NULL),(21,'Finnish','fi','FI',0,'2024-08-20 12:03:21','2024-10-24 08:25:06',NULL),(22,'Greek','el','GR',0,'2024-08-20 12:03:35','2024-10-24 09:05:06',NULL),(23,'Hungarian','hu','HU',0,'2024-08-20 12:03:45','2024-10-24 09:07:31',NULL),(24,'Latvian','lv','LV',0,'2024-08-20 12:03:53','2024-10-24 09:20:25',NULL),(25,'Lithuanian','lt','LT',0,'2024-08-20 12:04:03','2024-10-24 09:21:46',NULL),(26,'Norwegian','no','NO',0,'2024-08-20 15:47:44','2024-10-24 09:26:33',NULL),(27,'Romanian','ro','RO',0,'2024-08-20 15:47:54','2024-10-24 09:35:09',NULL),(28,'Slovak','sk','SK',0,'2024-08-20 15:48:02','2024-10-24 09:38:05',NULL),(29,'Slovenian','sl','SI',0,'2024-08-20 15:48:20','2024-10-24 09:38:41',NULL),(30,'Hindi','hi','IN',0,'2024-08-20 15:48:32','2024-10-24 09:06:55',NULL),(31,'Indonesian','id','ID',0,'2024-08-20 15:52:41','2024-10-24 09:08:35',NULL),(32,'Thai','th','TH',0,'2024-08-20 15:52:49','2024-10-24 09:43:36',NULL),(33,'Malay','ms','MY',0,'2024-08-20 15:52:59','2024-10-24 09:23:51',NULL),(34,'Ukrainian','uk','UA',0,'2024-08-20 15:53:08','2024-10-24 09:44:28',NULL),(35,'Vietnamese','vi','VN',0,'2024-08-20 15:53:17','2024-10-24 09:45:35',NULL),(36,'Tagalog','tl','PH',0,'2024-08-20 15:53:25','2024-10-24 09:42:27',NULL),(37,'Bengali','bn','BD',0,'2024-08-20 15:53:33','2024-10-24 08:08:41',NULL),(38,'Filipino','fil','PH',0,'2024-08-20 15:53:43','2024-10-24 08:24:08',NULL),(39,'Gujarati','gu','IN',0,'2024-08-20 15:53:51','2024-10-24 09:05:44',NULL),(40,'Malayalam','ml','IN',0,'2024-08-20 15:54:00','2024-10-24 09:24:16',NULL),(41,'Marathi','mr','IN',0,'2024-08-20 15:56:25','2024-10-24 09:24:40',NULL),(42,'Kannada','kn','IN',0,'2024-08-20 15:56:35','2024-10-24 09:13:52',NULL),(43,'Punjabi','pa','IN',0,'2024-08-20 15:56:45','2024-10-24 10:00:18',NULL),(44,'Tamil','ta','IN',0,'2024-08-20 15:57:14','2024-10-24 09:42:50',NULL),(45,'Telugu','te','IN',0,'2024-08-20 15:57:24','2024-10-24 09:43:09',NULL),(46,'Urdu','ur','PK',1,'2024-08-20 15:57:38','2024-10-24 09:44:48',NULL),(47,'Afrikaans','af','ZA',0,'2024-08-20 15:57:59','2024-10-23 13:13:30',NULL),(48,'Albanian','sq','AL',0,'2024-08-20 15:58:29','2024-10-24 07:55:49',NULL),(49,'Amharic','am','ET',0,'2024-08-20 15:58:38','2024-10-24 07:57:57',NULL),(50,'Armenian','hy','AM',0,'2024-08-20 15:58:47','2024-10-24 08:03:06',NULL),(51,'Bosnian','bs','BA',0,'2024-08-20 16:05:00','2024-10-24 08:10:17',NULL),(52,'Burmese','my','MM',0,'2024-08-20 16:06:22','2024-10-24 08:12:05',NULL),(53,'Cambodian','km','KH',0,'2024-08-20 16:06:31','2024-10-24 08:13:32',NULL),(54,'Azerbaijani','az','AZ',0,'2024-08-20 16:06:40','2024-10-24 08:04:04',NULL),(55,'Basque','eu','ES',0,'2024-08-20 16:06:48','2024-10-24 08:06:41',NULL),(56,'Belarusian','be','BY',0,'2024-08-20 16:06:57','2024-10-24 08:08:10',NULL),(57,'Catalan','ca','ES',0,'2024-08-20 16:07:05','2024-10-24 08:15:52',NULL),(58,'Galician','gl','ES',0,'2024-08-20 16:07:15','2024-10-24 09:03:09',NULL),(59,'Georgian','ka','GE',0,'2024-08-20 16:07:22','2024-10-24 09:03:56',NULL),(60,'Icelandic','is','IS',0,'2024-08-20 16:14:56','2024-10-24 09:08:09',NULL),(61,'Kazakh','kk','KZ',0,'2024-08-20 16:15:06','2024-10-24 09:14:27',NULL),(62,'Kyrgyz','ky','KG',0,'2024-08-20 16:15:16','2024-10-24 09:17:28',NULL),(63,'Laotian','lo','TH',0,'2024-08-20 16:15:25','2024-10-24 09:18:43',NULL),(64,'Macedonian','mk','MK',0,'2024-08-20 16:15:34','2024-10-24 09:49:31',NULL),(65,'Mongolian','mn','CN',0,'2024-08-20 16:15:43','2024-10-24 09:25:32',NULL),(66,'Nepali','ne','NP',0,'2024-08-20 16:15:52','2024-10-24 09:26:01',NULL),(67,'Persian','fr','IR',1,'2024-08-20 16:16:26','2024-10-24 09:27:39',NULL),(68,'Russian','ru','RU',0,'2024-08-20 16:16:41','2024-10-24 09:36:01',NULL),(69,'Serbian','sr','RS',0,'2024-08-20 16:17:53','2024-10-24 09:36:38',NULL),(70,'Swahili','sw','TZ',0,'2024-08-20 16:18:03','2024-10-24 09:40:09',NULL),(71,'Uzbek','uz','UZ',0,'2024-08-20 16:18:12','2024-10-24 09:45:12',NULL),(72,'Zulu','zu','ZA',0,'2024-08-20 16:18:20','2024-10-24 09:46:19',NULL),(73,'Sinhalese','si','LK',0,'2024-08-20 16:18:28','2024-10-24 09:37:26',NULL),(74,'Irish','ga','IE',0,'2024-08-20 16:18:36','2024-10-24 09:09:20',NULL),(75,'Javanese','jv','ID',0,'2024-08-20 16:18:46','2024-10-24 09:12:27',NULL),(76,'Cebuano','ceb','PH',0,'2024-08-20 16:18:55','2024-10-24 08:16:45',NULL);

/*Table structure for table `learning_sources` */

DROP TABLE IF EXISTS `learning_sources`;

CREATE TABLE `learning_sources` (
  `id` int NOT NULL AUTO_INCREMENT,
  `user_id` int NOT NULL,
  `first_teacher` varchar(255) DEFAULT NULL,
  `leading_teachers` text,
  `chacarera_skill` varchar(255) DEFAULT NULL,
  `tango_story` varchar(255) DEFAULT NULL,
  `zamba_skill` int DEFAULT NULL,
  `visited_buenos_aires` tinyint(1) NOT NULL,
  `visited_buenos_aires_at` varchar(255) DEFAULT NULL,
  `createdAt` datetime NOT NULL,
  `updatedAt` datetime NOT NULL,
  `deletedAt` datetime DEFAULT NULL,
  `visited_buenos_aires_end_at` varchar(255) DEFAULT NULL,
  PRIMARY KEY (`id`),
  KEY `user_id` (`user_id`),
  CONSTRAINT `learning_sources_ibfk_1` FOREIGN KEY (`user_id`) REFERENCES `users` (`id`) ON DELETE CASCADE ON UPDATE CASCADE
) ENGINE=InnoDB AUTO_INCREMENT=91 DEFAULT CHARSET=utf8mb4 COLLATE=utf8mb4_0900_ai_ci;

/*Data for the table `learning_sources` */

insert  into `learning_sources`(`id`,`user_id`,`first_teacher`,`leading_teachers`,`chacarera_skill`,`tango_story`,`zamba_skill`,`visited_buenos_aires`,`visited_buenos_aires_at`,`createdAt`,`updatedAt`,`deletedAt`,`visited_buenos_aires_end_at`) values (48,22,'Qui et amet volupta','Aliquam eos omnis au,Dolore autem eiusmod,Eveniet nihil Nam e','4','Accusantium fugit e',8,0,'1994-05-19','2025-02-19 17:31:22','2025-02-19 17:31:22',NULL,'2021-09-25'),(57,34,'test','test,test,test','2','',2,0,'','2025-03-02 15:16:00','2025-03-02 15:16:00','2025-03-03 01:41:32',''),(61,31,'Dante Sanchez','Aoniken Quiroga,Alejandra Mantiñan,Javier Rodriguez','5','',2,1,'','2025-03-03 22:28:51','2025-03-03 22:28:51',NULL,''),(74,39,'Scott','test,test,test','2','test',3,1,'2025-01-14','2025-03-14 20:23:27','2025-03-14 20:23:27','2025-03-14 22:33:38','2025-03-11'),(76,40,'Scott','test,test,test','2','test',3,1,'2025-01-22','2025-03-14 22:43:12','2025-03-14 22:43:12',NULL,'2025-03-16'),(83,7,'','','1','',1,1,'','2025-03-16 23:05:46','2025-03-16 23:05:46',NULL,''),(86,38,'','','8','',1,1,'2025-03-20','2025-03-17 08:49:24','2025-03-17 08:49:24',NULL,'2025-03-26'),(90,43,'','','1','',1,1,'','2025-03-17 10:23:55','2025-03-17 10:23:55',NULL,'');

/*Table structure for table `lookup_data` */

DROP TABLE IF EXISTS `lookup_data`;

CREATE TABLE `lookup_data` (
  `id` int NOT NULL AUTO_INCREMENT,
  `lookup_id` int NOT NULL,
  `title` varchar(100) NOT NULL,
  `deletedAt` datetime DEFAULT NULL,
  `createdAt` datetime NOT NULL,
  `updatedAt` datetime NOT NULL,
  PRIMARY KEY (`id`),
  KEY `lookup_id` (`lookup_id`),
  CONSTRAINT `lookup_data_ibfk_1` FOREIGN KEY (`lookup_id`) REFERENCES `lookups` (`id`) ON DELETE CASCADE ON UPDATE CASCADE
) ENGINE=InnoDB DEFAULT CHARSET=utf8mb4 COLLATE=utf8mb4_0900_ai_ci;

/*Data for the table `lookup_data` */

/*Table structure for table `lookups` */

DROP TABLE IF EXISTS `lookups`;

CREATE TABLE `lookups` (
  `id` int NOT NULL AUTO_INCREMENT,
  `title` varchar(100) NOT NULL,
  `key` varchar(50) NOT NULL,
  `deletedAt` datetime DEFAULT NULL,
  `createdAt` datetime NOT NULL,
  `updatedAt` datetime NOT NULL,
  PRIMARY KEY (`id`),
  UNIQUE KEY `key` (`key`)
) ENGINE=InnoDB DEFAULT CHARSET=utf8mb4 COLLATE=utf8mb4_0900_ai_ci;

/*Data for the table `lookups` */

/*Table structure for table `non_tango_activities` */

DROP TABLE IF EXISTS `non_tango_activities`;

CREATE TABLE `non_tango_activities` (
  `id` int NOT NULL AUTO_INCREMENT,
  `name` varchar(255) NOT NULL,
  `icon_url` varchar(255) CHARACTER SET utf8mb4 COLLATE utf8mb4_0900_ai_ci DEFAULT NULL,
  `createdAt` datetime NOT NULL,
  `updatedAt` datetime NOT NULL,
  `deletedAt` datetime DEFAULT NULL,
  PRIMARY KEY (`id`)
) ENGINE=InnoDB AUTO_INCREMENT=7 DEFAULT CHARSET=utf8mb4 COLLATE=utf8mb4_0900_ai_ci;

/*Data for the table `non_tango_activities` */

insert  into `non_tango_activities`(`id`,`name`,`icon_url`,`createdAt`,`updatedAt`,`deletedAt`) values (1,'Bicycle','post/aeaca9e3-8c0b-48c5-b6f3-3888853e49ae.png','2025-01-08 06:39:12','2025-01-08 06:39:12',NULL),(2,'Shipping','post/7736ff72-2975-4d09-aa7b-d1be64cfca40.png','2025-01-08 06:39:30','2025-01-08 06:39:30',NULL),(3,'Cricket','post/ae9e4533-231f-4ec1-bfec-61d134317224.png','2025-01-08 06:39:39','2025-01-08 06:39:39',NULL),(4,'dancing',NULL,'2025-02-20 12:50:50','2025-02-20 12:50:50',NULL),(5,'Bike Riding ',NULL,'2025-02-26 14:45:43','2025-02-26 14:45:43',NULL),(6,'Scopa Riding ',NULL,'2025-02-26 15:24:40','2025-02-26 15:24:40',NULL);

/*Table structure for table `notifications` */

DROP TABLE IF EXISTS `notifications`;

CREATE TABLE `notifications` (
  `id` int NOT NULL AUTO_INCREMENT,
  `user_id` int NOT NULL,
  `sender_id` int NOT NULL,
  `type` varchar(200) NOT NULL,
  `title` varchar(100) NOT NULL,
  `message` varchar(300) NOT NULL,
  `badge` int NOT NULL DEFAULT '1',
  `mutable_content` int NOT NULL DEFAULT '1',
  `content_available` int NOT NULL DEFAULT '1',
  `image_url` text,
  `payload` text,
  `is_read` tinyint(1) NOT NULL DEFAULT '0',
  `createdAt` datetime NOT NULL,
  `updatedAt` datetime NOT NULL,
  `deletedAt` datetime DEFAULT NULL,
  `instance_id` int DEFAULT '0',
  PRIMARY KEY (`id`),
  KEY `user_id` (`user_id`),
  KEY `sender_id` (`sender_id`),
  CONSTRAINT `notifications_ibfk_1` FOREIGN KEY (`user_id`) REFERENCES `users` (`id`) ON DELETE CASCADE ON UPDATE CASCADE,
  CONSTRAINT `notifications_ibfk_2` FOREIGN KEY (`sender_id`) REFERENCES `users` (`id`) ON DELETE CASCADE ON UPDATE CASCADE
) ENGINE=InnoDB AUTO_INCREMENT=235 DEFAULT CHARSET=utf8mb4 COLLATE=utf8mb4_0900_ai_ci;

/*Data for the table `notifications` */

insert  into `notifications`(`id`,`user_id`,`sender_id`,`type`,`title`,`message`,`badge`,`mutable_content`,`content_available`,`image_url`,`payload`,`is_read`,`createdAt`,`updatedAt`,`deletedAt`,`instance_id`) values (1,4,1,'admin','check test','test check',1,1,1,NULL,NULL,0,'2025-02-07 12:47:22','2025-02-07 12:47:22',NULL,0),(2,5,1,'admin','check test','test check',1,1,1,NULL,NULL,0,'2025-02-07 12:47:22','2025-02-07 12:47:22',NULL,0),(3,6,1,'admin','check test','test check',1,1,1,NULL,NULL,0,'2025-02-07 12:47:22','2025-02-07 12:47:22',NULL,0),(4,8,1,'admin','check test','test check',1,1,1,NULL,NULL,0,'2025-02-07 12:47:22','2025-02-07 12:47:22',NULL,0),(6,15,1,'admin','check test','test check',1,1,1,NULL,NULL,0,'2025-02-07 12:47:22','2025-02-07 12:47:22',NULL,0),(7,9,1,'admin','check test','test check',1,1,1,NULL,NULL,0,'2025-02-07 12:47:22','2025-02-07 12:47:22',NULL,0),(8,16,1,'admin','check test','test check',1,1,1,NULL,NULL,0,'2025-02-07 12:47:22','2025-02-07 12:47:22',NULL,0),(9,17,1,'admin','check test','test check',1,1,1,NULL,NULL,0,'2025-02-07 12:47:22','2025-02-07 12:47:22',NULL,0),(10,11,1,'admin','check test','test check',1,1,1,NULL,NULL,0,'2025-02-07 12:47:22','2025-02-07 12:47:22',NULL,0),(11,3,1,'admin','check test','test check',1,1,1,NULL,NULL,0,'2025-02-07 12:47:22','2025-02-07 12:47:22',NULL,0),(13,10,1,'admin','check test','test check',1,1,1,NULL,NULL,0,'2025-02-07 12:47:22','2025-02-07 12:47:22',NULL,0),(14,12,1,'admin','check test','test check',1,1,1,NULL,NULL,0,'2025-02-07 12:47:22','2025-02-07 12:47:22',NULL,0),(15,7,1,'admin','check test','test check',1,1,1,NULL,NULL,1,'2025-02-07 12:47:22','2025-03-26 09:07:01',NULL,0),(16,13,1,'admin','check test','test check',1,1,1,NULL,NULL,0,'2025-02-07 12:47:22','2025-02-07 12:47:22',NULL,0),(17,1,1,'admin','check test','test check',1,1,1,NULL,NULL,0,'2025-02-07 12:47:22','2025-02-07 12:47:22',NULL,0),(18,4,1,'admin','test','test',1,1,1,NULL,NULL,0,'2025-02-09 23:10:50','2025-02-09 23:10:50',NULL,0),(19,5,1,'admin','test','test',1,1,1,NULL,NULL,0,'2025-02-09 23:10:50','2025-02-09 23:10:50',NULL,0),(20,6,1,'admin','test','test',1,1,1,NULL,NULL,0,'2025-02-09 23:10:50','2025-02-09 23:10:50',NULL,0),(21,8,1,'admin','test','test',1,1,1,NULL,NULL,0,'2025-02-09 23:10:50','2025-02-09 23:10:50',NULL,0),(23,15,1,'admin','test','test',1,1,1,NULL,NULL,0,'2025-02-09 23:10:50','2025-02-09 23:10:50',NULL,0),(24,9,1,'admin','test','test',1,1,1,NULL,NULL,0,'2025-02-09 23:10:50','2025-02-09 23:10:50',NULL,0),(25,3,1,'admin','test','test',1,1,1,NULL,NULL,0,'2025-02-09 23:10:50','2025-02-09 23:10:50',NULL,0),(27,12,1,'admin','test','test',1,1,1,NULL,NULL,0,'2025-02-09 23:10:50','2025-02-09 23:10:50',NULL,0),(28,13,1,'admin','test','test',1,1,1,NULL,NULL,0,'2025-02-09 23:10:50','2025-02-09 23:10:50',NULL,0),(29,11,1,'admin','test','test',1,1,1,NULL,NULL,0,'2025-02-09 23:10:50','2025-02-09 23:10:50',NULL,0),(30,7,1,'admin','test','test',1,1,1,NULL,NULL,0,'2025-02-09 23:10:50','2025-02-09 23:10:50',NULL,0),(31,24,1,'admin','test','test',1,1,1,NULL,NULL,0,'2025-02-09 23:10:50','2025-02-09 23:10:50',NULL,0),(32,25,1,'admin','test','test',1,1,1,NULL,NULL,0,'2025-02-09 23:10:50','2025-02-09 23:10:50',NULL,0),(34,10,1,'admin','test','test',1,1,1,NULL,NULL,0,'2025-02-09 23:10:50','2025-02-09 23:10:50',NULL,0),(35,1,1,'admin','test','test',1,1,1,NULL,NULL,0,'2025-02-09 23:10:50','2025-02-09 23:10:50',NULL,0),(36,4,1,'admin','check test','test check',1,1,1,NULL,NULL,0,'2025-02-19 11:36:22','2025-02-19 11:36:22',NULL,0),(37,6,1,'admin','check test','test check',1,1,1,NULL,NULL,0,'2025-02-19 11:36:22','2025-02-19 11:36:22',NULL,0),(38,8,1,'admin','check test','test check',1,1,1,NULL,NULL,0,'2025-02-19 11:36:22','2025-02-19 11:36:22',NULL,0),(40,15,1,'admin','check test','test check',1,1,1,NULL,NULL,0,'2025-02-19 11:36:22','2025-02-19 11:36:22',NULL,0),(41,9,1,'admin','check test','test check',1,1,1,NULL,NULL,0,'2025-02-19 11:36:22','2025-02-19 11:36:22',NULL,0),(42,3,1,'admin','check test','test check',1,1,1,NULL,NULL,0,'2025-02-19 11:36:22','2025-02-19 11:36:22',NULL,0),(43,12,1,'admin','check test','test check',1,1,1,NULL,NULL,0,'2025-02-19 11:36:22','2025-02-19 11:36:22',NULL,0),(44,24,1,'admin','check test','test check',1,1,1,NULL,NULL,0,'2025-02-19 11:36:22','2025-02-19 11:36:22',NULL,0),(45,25,1,'admin','check test','test check',1,1,1,NULL,NULL,0,'2025-02-19 11:36:22','2025-02-19 11:36:22',NULL,0),(47,28,1,'admin','check test','test check',1,1,1,NULL,NULL,0,'2025-02-19 11:36:22','2025-02-19 11:36:22',NULL,0),(48,13,1,'admin','check test','test check',1,1,1,NULL,NULL,0,'2025-02-19 11:36:22','2025-02-19 11:36:22',NULL,0),(49,29,1,'admin','check test','test check',1,1,1,NULL,NULL,0,'2025-02-19 11:36:22','2025-02-19 11:36:22',NULL,0),(50,30,1,'admin','check test','test check',1,1,1,NULL,NULL,0,'2025-02-19 11:36:22','2025-02-19 11:36:22',NULL,0),(51,5,1,'admin','check test','test check',1,1,1,NULL,NULL,0,'2025-02-19 11:36:22','2025-02-19 11:36:22',NULL,0),(52,31,1,'admin','check test','test check',1,1,1,NULL,NULL,0,'2025-02-19 11:36:22','2025-02-19 11:36:22',NULL,0),(53,10,1,'admin','check test','test check',1,1,1,NULL,NULL,0,'2025-02-19 11:36:22','2025-02-19 11:36:22',NULL,0),(54,11,1,'admin','check test','test check',1,1,1,NULL,NULL,0,'2025-02-19 11:36:22','2025-02-19 11:36:22',NULL,0),(55,7,1,'admin','check test','test check',1,1,1,NULL,NULL,0,'2025-02-19 11:36:22','2025-02-19 11:36:22',NULL,0),(56,1,1,'admin','check test','test check',1,1,1,NULL,NULL,0,'2025-02-19 11:36:22','2025-02-19 11:36:22',NULL,0),(57,4,1,'admin','Sit similique vero s','Quidem eos ad moles',1,1,1,NULL,NULL,0,'2025-02-19 11:39:32','2025-02-19 11:39:32',NULL,0),(58,6,1,'admin','Sit similique vero s','Quidem eos ad moles',1,1,1,NULL,NULL,0,'2025-02-19 11:39:32','2025-02-19 11:39:32',NULL,0),(59,8,1,'admin','Sit similique vero s','Quidem eos ad moles',1,1,1,NULL,NULL,0,'2025-02-19 11:39:32','2025-02-19 11:39:32',NULL,0),(61,15,1,'admin','Sit similique vero s','Quidem eos ad moles',1,1,1,NULL,NULL,0,'2025-02-19 11:39:32','2025-02-19 11:39:32',NULL,0),(62,9,1,'admin','Sit similique vero s','Quidem eos ad moles',1,1,1,NULL,NULL,0,'2025-02-19 11:39:32','2025-02-19 11:39:32',NULL,0),(63,3,1,'admin','Sit similique vero s','Quidem eos ad moles',1,1,1,NULL,NULL,0,'2025-02-19 11:39:32','2025-02-19 11:39:32',NULL,0),(64,12,1,'admin','Sit similique vero s','Quidem eos ad moles',1,1,1,NULL,NULL,0,'2025-02-19 11:39:32','2025-02-19 11:39:32',NULL,0),(65,24,1,'admin','Sit similique vero s','Quidem eos ad moles',1,1,1,NULL,NULL,0,'2025-02-19 11:39:32','2025-02-19 11:39:32',NULL,0),(66,25,1,'admin','Sit similique vero s','Quidem eos ad moles',1,1,1,NULL,NULL,0,'2025-02-19 11:39:32','2025-02-19 11:39:32',NULL,0),(68,28,1,'admin','Sit similique vero s','Quidem eos ad moles',1,1,1,NULL,NULL,0,'2025-02-19 11:39:32','2025-02-19 11:39:32',NULL,0),(69,13,1,'admin','Sit similique vero s','Quidem eos ad moles',1,1,1,NULL,NULL,0,'2025-02-19 11:39:32','2025-02-19 11:39:32',NULL,0),(70,29,1,'admin','Sit similique vero s','Quidem eos ad moles',1,1,1,NULL,NULL,0,'2025-02-19 11:39:32','2025-02-19 11:39:32',NULL,0),(71,30,1,'admin','Sit similique vero s','Quidem eos ad moles',1,1,1,NULL,NULL,0,'2025-02-19 11:39:32','2025-02-19 11:39:32',NULL,0),(72,5,1,'admin','Sit similique vero s','Quidem eos ad moles',1,1,1,NULL,NULL,0,'2025-02-19 11:39:32','2025-02-19 11:39:32',NULL,0),(73,31,1,'admin','Sit similique vero s','Quidem eos ad moles',1,1,1,NULL,NULL,0,'2025-02-19 11:39:32','2025-02-19 11:39:32',NULL,0),(74,10,1,'admin','Sit similique vero s','Quidem eos ad moles',1,1,1,NULL,NULL,0,'2025-02-19 11:39:32','2025-02-19 11:39:32',NULL,0),(75,11,1,'admin','Sit similique vero s','Quidem eos ad moles',1,1,1,NULL,NULL,0,'2025-02-19 11:39:32','2025-02-19 11:39:32',NULL,0),(76,7,1,'admin','Sit similique vero s','Quidem eos ad moles',1,1,1,NULL,NULL,0,'2025-02-19 11:39:32','2025-02-19 11:39:32',NULL,0),(77,1,1,'admin','Sit similique vero s','Quidem eos ad moles',1,1,1,NULL,NULL,0,'2025-02-19 11:39:32','2025-02-19 11:39:32',NULL,0),(78,4,1,'admin','Inventore corporis v','Laboriosam dicta re',1,1,1,NULL,NULL,0,'2025-02-20 13:12:59','2025-02-20 13:12:59',NULL,0),(79,6,1,'admin','Inventore corporis v','Laboriosam dicta re',1,1,1,NULL,NULL,0,'2025-02-20 13:12:59','2025-02-20 13:12:59',NULL,0),(80,8,1,'admin','Inventore corporis v','Laboriosam dicta re',1,1,1,NULL,NULL,0,'2025-02-20 13:12:59','2025-02-20 13:12:59',NULL,0),(82,15,1,'admin','Inventore corporis v','Laboriosam dicta re',1,1,1,NULL,NULL,0,'2025-02-20 13:12:59','2025-02-20 13:12:59',NULL,0),(83,9,1,'admin','Inventore corporis v','Laboriosam dicta re',1,1,1,NULL,NULL,0,'2025-02-20 13:12:59','2025-02-20 13:12:59',NULL,0),(84,3,1,'admin','Inventore corporis v','Laboriosam dicta re',1,1,1,NULL,NULL,0,'2025-02-20 13:12:59','2025-02-20 13:12:59',NULL,0),(85,12,1,'admin','Inventore corporis v','Laboriosam dicta re',1,1,1,NULL,NULL,0,'2025-02-20 13:12:59','2025-02-20 13:12:59',NULL,0),(86,24,1,'admin','Inventore corporis v','Laboriosam dicta re',1,1,1,NULL,NULL,0,'2025-02-20 13:12:59','2025-02-20 13:12:59',NULL,0),(87,25,1,'admin','Inventore corporis v','Laboriosam dicta re',1,1,1,NULL,NULL,0,'2025-02-20 13:12:59','2025-02-20 13:12:59',NULL,0),(89,28,1,'admin','Inventore corporis v','Laboriosam dicta re',1,1,1,NULL,NULL,0,'2025-02-20 13:12:59','2025-02-20 13:12:59',NULL,0),(90,29,1,'admin','Inventore corporis v','Laboriosam dicta re',1,1,1,NULL,NULL,0,'2025-02-20 13:12:59','2025-02-20 13:12:59',NULL,0),(91,30,1,'admin','Inventore corporis v','Laboriosam dicta re',1,1,1,NULL,NULL,0,'2025-02-20 13:12:59','2025-02-20 13:12:59',NULL,0),(92,5,1,'admin','Inventore corporis v','Laboriosam dicta re',1,1,1,NULL,NULL,0,'2025-02-20 13:12:59','2025-02-20 13:12:59',NULL,0),(93,31,1,'admin','Inventore corporis v','Laboriosam dicta re',1,1,1,NULL,NULL,0,'2025-02-20 13:12:59','2025-02-20 13:12:59',NULL,0),(94,10,1,'admin','Inventore corporis v','Laboriosam dicta re',1,1,1,NULL,NULL,0,'2025-02-20 13:12:59','2025-02-20 13:12:59',NULL,0),(95,22,1,'admin','Inventore corporis v','Laboriosam dicta re',1,1,1,NULL,NULL,0,'2025-02-20 13:12:59','2025-02-20 13:12:59',NULL,0),(96,11,1,'admin','Inventore corporis v','Laboriosam dicta re',1,1,1,NULL,NULL,0,'2025-02-20 13:12:59','2025-02-20 13:12:59',NULL,0),(97,1,1,'admin','Inventore corporis v','Laboriosam dicta re',1,1,1,NULL,NULL,0,'2025-02-20 13:12:59','2025-02-20 13:12:59',NULL,0),(100,4,1,'admin','Test','Test',1,1,1,NULL,NULL,0,'2025-03-03 01:00:00','2025-03-03 01:00:00',NULL,0),(101,6,1,'admin','Test','Test',1,1,1,NULL,NULL,0,'2025-03-03 01:00:00','2025-03-03 01:00:00',NULL,0),(102,8,1,'admin','Test','Test',1,1,1,NULL,NULL,0,'2025-03-03 01:00:00','2025-03-03 01:00:00',NULL,0),(104,15,1,'admin','Test','Test',1,1,1,NULL,NULL,0,'2025-03-03 01:00:00','2025-03-03 01:00:00',NULL,0),(105,9,1,'admin','Test','Test',1,1,1,NULL,NULL,0,'2025-03-03 01:00:00','2025-03-03 01:00:00',NULL,0),(106,3,1,'admin','Test','Test',1,1,1,NULL,NULL,0,'2025-03-03 01:00:00','2025-03-03 01:00:00',NULL,0),(107,12,1,'admin','Test','Test',1,1,1,NULL,NULL,0,'2025-03-03 01:00:00','2025-03-03 01:00:00',NULL,0),(108,24,1,'admin','Test','Test',1,1,1,NULL,NULL,0,'2025-03-03 01:00:00','2025-03-03 01:00:00',NULL,0),(109,25,1,'admin','Test','Test',1,1,1,NULL,NULL,0,'2025-03-03 01:00:00','2025-03-03 01:00:00',NULL,0),(110,28,1,'admin','Test','Test',1,1,1,NULL,NULL,0,'2025-03-03 01:00:00','2025-03-03 01:00:00',NULL,0),(111,29,1,'admin','Test','Test',1,1,1,NULL,NULL,0,'2025-03-03 01:00:00','2025-03-03 01:00:00',NULL,0),(112,30,1,'admin','Test','Test',1,1,1,NULL,NULL,0,'2025-03-03 01:00:00','2025-03-03 01:00:00',NULL,0),(113,5,1,'admin','Test','Test',1,1,1,NULL,NULL,0,'2025-03-03 01:00:00','2025-03-03 01:00:00',NULL,0),(114,31,1,'admin','Test','Test',1,1,1,NULL,NULL,0,'2025-03-03 01:00:00','2025-03-03 01:00:00',NULL,0),(115,22,1,'admin','Test','Test',1,1,1,NULL,NULL,0,'2025-03-03 01:00:00','2025-03-03 01:00:00',NULL,0),(116,32,1,'admin','Test','Test',1,1,1,NULL,NULL,0,'2025-03-03 01:00:00','2025-03-03 01:00:00',NULL,0),(117,19,1,'admin','Test','Test',1,1,1,NULL,NULL,0,'2025-03-03 01:00:00','2025-03-03 01:00:00',NULL,0),(118,33,1,'admin','Test','Test',1,1,1,NULL,NULL,0,'2025-03-03 01:00:00','2025-03-03 01:00:00',NULL,0),(119,13,1,'admin','Test','Test',1,1,1,NULL,NULL,0,'2025-03-03 01:00:00','2025-03-03 01:00:00',NULL,0),(120,11,1,'admin','Test','Test',1,1,1,NULL,NULL,0,'2025-03-03 01:00:00','2025-03-03 01:00:00',NULL,0),(121,7,1,'admin','Test','Test',1,1,1,NULL,NULL,0,'2025-03-03 01:00:00','2025-03-03 01:00:00',NULL,0),(123,1,1,'admin','Test','Test',1,1,1,NULL,NULL,0,'2025-03-03 01:00:00','2025-03-03 01:00:00',NULL,0),(124,10,1,'admin','Test','Test',1,1,1,NULL,NULL,0,'2025-03-03 01:00:00','2025-03-03 01:00:00',NULL,0),(125,4,1,'admin','Test Notification','test test',1,1,1,NULL,NULL,0,'2025-03-03 01:20:42','2025-03-03 01:20:42',NULL,0),(126,6,1,'admin','Test Notification','test test',1,1,1,NULL,NULL,0,'2025-03-03 01:20:42','2025-03-03 01:20:42',NULL,0),(127,8,1,'admin','Test Notification','test test',1,1,1,NULL,NULL,0,'2025-03-03 01:20:42','2025-03-03 01:20:42',NULL,0),(129,15,1,'admin','Test Notification','test test',1,1,1,NULL,NULL,0,'2025-03-03 01:20:42','2025-03-03 01:20:42',NULL,0),(130,9,1,'admin','Test Notification','test test',1,1,1,NULL,NULL,0,'2025-03-03 01:20:42','2025-03-03 01:20:42',NULL,0),(131,3,1,'admin','Test Notification','test test',1,1,1,NULL,NULL,0,'2025-03-03 01:20:42','2025-03-03 01:20:42',NULL,0),(132,12,1,'admin','Test Notification','test test',1,1,1,NULL,NULL,0,'2025-03-03 01:20:42','2025-03-03 01:20:42',NULL,0),(133,24,1,'admin','Test Notification','test test',1,1,1,NULL,NULL,0,'2025-03-03 01:20:42','2025-03-03 01:20:42',NULL,0),(134,25,1,'admin','Test Notification','test test',1,1,1,NULL,NULL,0,'2025-03-03 01:20:42','2025-03-03 01:20:42',NULL,0),(135,28,1,'admin','Test Notification','test test',1,1,1,NULL,NULL,0,'2025-03-03 01:20:42','2025-03-03 01:20:42',NULL,0),(136,29,1,'admin','Test Notification','test test',1,1,1,NULL,NULL,0,'2025-03-03 01:20:42','2025-03-03 01:20:42',NULL,0),(137,30,1,'admin','Test Notification','test test',1,1,1,NULL,NULL,0,'2025-03-03 01:20:42','2025-03-03 01:20:42',NULL,0),(138,5,1,'admin','Test Notification','test test',1,1,1,NULL,NULL,0,'2025-03-03 01:20:42','2025-03-03 01:20:42',NULL,0),(139,31,1,'admin','Test Notification','test test',1,1,1,NULL,NULL,0,'2025-03-03 01:20:42','2025-03-03 01:20:42',NULL,0),(140,22,1,'admin','Test Notification','test test',1,1,1,NULL,NULL,0,'2025-03-03 01:20:42','2025-03-03 01:20:42',NULL,0),(141,32,1,'admin','Test Notification','test test',1,1,1,NULL,NULL,0,'2025-03-03 01:20:42','2025-03-03 01:20:42',NULL,0),(142,19,1,'admin','Test Notification','test test',1,1,1,NULL,NULL,0,'2025-03-03 01:20:42','2025-03-03 01:20:42',NULL,0),(143,33,1,'admin','Test Notification','test test',1,1,1,NULL,NULL,0,'2025-03-03 01:20:42','2025-03-03 01:20:42',NULL,0),(144,13,1,'admin','Test Notification','test test',1,1,1,NULL,NULL,0,'2025-03-03 01:20:42','2025-03-03 01:20:42',NULL,0),(145,11,1,'admin','Test Notification','test test',1,1,1,NULL,NULL,0,'2025-03-03 01:20:42','2025-03-03 01:20:42',NULL,0),(146,7,1,'admin','Test Notification','test test',1,1,1,NULL,NULL,0,'2025-03-03 01:20:42','2025-03-03 01:20:42',NULL,0),(148,1,1,'admin','Test Notification','test test',1,1,1,NULL,NULL,0,'2025-03-03 01:20:42','2025-03-03 01:20:42',NULL,0),(149,10,1,'admin','Test Notification','test test',1,1,1,NULL,NULL,0,'2025-03-03 01:20:42','2025-03-03 01:20:42',NULL,0),(150,31,10,'friend-request','Friend request','Scott Boddye has accepted your friend request. ',1,1,1,'https://api.mundotango.trangotechdevs.com/user/user-placeholder.jpeg',NULL,0,'2025-03-09 17:29:19','2025-03-09 17:29:19',NULL,0),(151,37,10,'friend-request','Friend request','Scott Boddye has accepted your friend request. ',1,1,1,'https://api.mundotango.trangotechdevs.com/user/user-placeholder.jpeg',NULL,0,'2025-03-09 17:29:27','2025-03-09 17:29:27',NULL,0),(152,7,41,'friend-request','Friend request','Cruz Chapman has accepted your friend request. ',1,1,1,'https://api.mundotango.trangotechdevs.com/user/user-placeholder.jpeg',NULL,1,'2025-03-16 23:24:33','2025-03-26 09:59:12',NULL,0),(153,7,38,'friend-request','Friend request','Anjolie Sweeney has accepted your friend request. ',1,1,1,'https://api.mundotango.life/user/f347c34e-bd75-47f5-8238-3b137c1517b7.png',NULL,1,'2025-03-17 08:33:57','2025-03-26 10:00:38',NULL,0),(154,7,38,'friend-request','Friend request','Anjolie Sweeney has accepted your friend request. ',1,1,1,'https://api.mundotango.life/user/f347c34e-bd75-47f5-8238-3b137c1517b7.png',NULL,1,'2025-03-17 08:39:01','2025-03-26 10:24:50',NULL,0),(155,38,41,'friend-request','Friend request','Cruz Chapman has accepted your friend request. ',1,1,1,'https://api.mundotango.trangotechdevs.com/user/user-placeholder.jpeg',NULL,0,'2025-03-17 08:40:53','2025-03-17 08:40:53',NULL,0),(156,7,41,'friend-request','Friend request','Cruz Chapman has accepted your friend request. ',1,1,1,'https://api.mundotango.trangotechdevs.com/user/user-placeholder.jpeg',NULL,1,'2025-03-17 10:00:39','2025-03-26 10:00:36',NULL,0),(157,9,7,'request-group','Florence Shields invited to join group','You are invited to join a group.',1,1,1,'https://api.mundotango.trangotechdevs.com/user/user-placeholder.jpeg',NULL,0,'2025-03-21 10:06:52','2025-03-21 10:06:52',NULL,0),(158,38,41,'invite-event','Event invitation','Cruz Chapman  invited you in an event. ',1,1,1,'https://api.mundotango.trangotechdevs.com/user/user-placeholder.jpeg',NULL,0,'2025-03-23 18:58:58','2025-03-23 18:58:58',NULL,0),(159,7,41,'invite-event','Event invitation','Cruz Chapman  invited you in an event. ',1,1,1,'https://api.mundotango.trangotechdevs.com/user/user-placeholder.jpeg',NULL,1,'2025-03-23 19:07:56','2025-03-26 09:59:29',NULL,0),(160,38,41,'invite-event','Event invitation','Cruz Chapman  invited you in an event. ',1,1,1,'https://api.mundotango.trangotechdevs.com/user/user-placeholder.jpeg',NULL,0,'2025-03-23 19:19:39','2025-03-23 19:19:39',NULL,0),(161,38,41,'invite-event','Event invitation','Cruz Chapman  invited you in an event. ',1,1,1,'https://api.mundotango.trangotechdevs.com/user/user-placeholder.jpeg',NULL,0,'2025-03-24 10:07:44','2025-03-24 10:07:44',NULL,0),(162,7,41,'invite-event','Event invitation','Cruz Chapman  invited you in an event. ',1,1,1,'https://api.mundotango.trangotechdevs.com/user/user-placeholder.jpeg',NULL,0,'2025-03-24 10:07:55','2025-03-24 10:07:55',NULL,0),(163,7,10,'request-group','Scott Boddye invited to join group','You are invited to join a group.',1,1,1,'https://api.mundotango.trangotechdevs.com/user/user-placeholder.jpeg',NULL,1,'2025-03-24 15:51:04','2025-03-26 09:59:48',NULL,0),(164,7,41,'invite-event','Event invitation','Cruz Chapman  invited you in an event. ',1,1,1,'https://api.mundotango.trangotechdevs.com/user/user-placeholder.jpeg',NULL,1,'2025-03-25 08:45:00','2025-03-26 10:00:31',NULL,0),(165,43,7,'request-group','Florence Shields invited to join group','You are invited to join a group.',1,1,1,'https://api.mundotango.trangotechdevs.com/user/user-placeholder.jpeg',NULL,0,'2025-03-25 09:00:04','2025-03-25 09:00:04',NULL,0),(166,43,7,'request-group','Florence Shields invited to join group','You are invited to join a group.',1,1,1,'https://api.mundotango.trangotechdevs.com/user/user-placeholder.jpeg',NULL,0,'2025-03-25 09:03:34','2025-03-25 09:03:34',NULL,0),(167,10,41,'post-like','Post Like','Cruz Chapman has liked your post.',1,1,1,'https://api.mundotango.trangotechdevs.com/user/user-placeholder.jpeg',NULL,0,'2025-03-25 11:29:19','2025-03-25 11:29:19',NULL,0),(168,10,41,'post-comment','Post Comment','Cruz Chapman has commented your post.',1,1,1,'https://api.mundotango.trangotechdevs.com/user/user-placeholder.jpeg',NULL,0,'2025-03-25 11:38:50','2025-03-25 11:38:50',NULL,0),(169,10,41,'post-comment','Post Comment','Cruz Chapman has commented your post.',1,1,1,'https://api.mundotango.trangotechdevs.com/user/user-placeholder.jpeg',NULL,0,'2025-03-25 11:40:18','2025-03-25 11:40:18',NULL,0),(170,10,41,'post-comment','Post Comment','Cruz Chapman has commented your post.',1,1,1,'https://api.mundotango.trangotechdevs.com/user/user-placeholder.jpeg',NULL,0,'2025-03-25 11:40:20','2025-03-25 11:40:20',NULL,0),(171,10,41,'post-comment','Post Comment','Cruz Chapman has commented your post.',1,1,1,'https://api.mundotango.trangotechdevs.com/user/user-placeholder.jpeg',NULL,0,'2025-03-25 11:41:25','2025-03-25 11:41:25',NULL,0),(172,10,41,'post-comment','Post Comment','Cruz Chapman has commented your post.',1,1,1,'https://api.mundotango.trangotechdevs.com/user/user-placeholder.jpeg',NULL,0,'2025-03-25 11:42:16','2025-03-25 11:42:16',NULL,0),(173,10,41,'post-comment','Post Comment','Cruz Chapman has commented your post.',1,1,1,'https://api.mundotango.trangotechdevs.com/user/user-placeholder.jpeg',NULL,0,'2025-03-25 11:42:25','2025-03-25 11:42:25',NULL,0),(174,10,41,'post-like','Post Like','Cruz Chapman has liked your post.',1,1,1,'https://api.mundotango.trangotechdevs.com/user/user-placeholder.jpeg',NULL,0,'2025-03-25 11:43:55','2025-03-25 11:43:55',NULL,0),(175,10,41,'post-like','Post Like','Cruz Chapman has liked your post.',1,1,1,'https://api.mundotango.trangotechdevs.com/user/user-placeholder.jpeg',NULL,0,'2025-03-25 11:43:56','2025-03-25 11:43:56',NULL,0),(176,10,41,'post-like','Post Like','Cruz Chapman has liked your post.',1,1,1,'https://api.mundotango.trangotechdevs.com/user/user-placeholder.jpeg',NULL,0,'2025-03-25 11:43:56','2025-03-25 11:43:56',NULL,0),(177,10,41,'post-like','Post Like','Cruz Chapman has liked your post.',1,1,1,'https://api.mundotango.trangotechdevs.com/user/user-placeholder.jpeg',NULL,0,'2025-03-25 11:43:56','2025-03-25 11:43:56',NULL,0),(178,10,41,'post-like','Post Like','Cruz Chapman has liked your post.',1,1,1,'https://api.mundotango.trangotechdevs.com/user/user-placeholder.jpeg',NULL,0,'2025-03-25 11:43:57','2025-03-25 11:43:57',NULL,0),(179,10,41,'post-like','Post Like','Cruz Chapman has liked your post.',1,1,1,'https://api.mundotango.trangotechdevs.com/user/user-placeholder.jpeg',NULL,0,'2025-03-25 11:43:57','2025-03-25 11:43:57',NULL,0),(180,10,41,'post-like','Post Like','Cruz Chapman has liked your post.',1,1,1,'https://api.mundotango.trangotechdevs.com/user/user-placeholder.jpeg',NULL,0,'2025-03-25 11:43:58','2025-03-25 11:43:58',NULL,0),(181,10,41,'post-like','Post Like','Cruz Chapman has liked your post.',1,1,1,'https://api.mundotango.trangotechdevs.com/user/user-placeholder.jpeg',NULL,0,'2025-03-25 11:43:58','2025-03-25 11:43:58',NULL,0),(182,10,41,'post-like','Post Like','Cruz Chapman has liked your post.',1,1,1,'https://api.mundotango.trangotechdevs.com/user/user-placeholder.jpeg',NULL,0,'2025-03-25 11:43:58','2025-03-25 11:43:58',NULL,0),(183,10,41,'post-like','Post Like','Cruz Chapman has liked your post.',1,1,1,'https://api.mundotango.trangotechdevs.com/user/user-placeholder.jpeg',NULL,0,'2025-03-25 11:43:58','2025-03-25 11:43:58',NULL,0),(184,10,41,'post-like','Post Like','Cruz Chapman has liked your post.',1,1,1,'https://api.mundotango.trangotechdevs.com/user/user-placeholder.jpeg',NULL,0,'2025-03-25 11:43:59','2025-03-25 11:43:59',NULL,0),(185,10,41,'post-like','Post Like','Cruz Chapman has liked your post.',1,1,1,'https://api.mundotango.trangotechdevs.com/user/user-placeholder.jpeg',NULL,0,'2025-03-25 11:44:00','2025-03-25 11:44:00',NULL,0),(186,10,41,'post-like','Post Like','Cruz Chapman has liked your post.',1,1,1,'https://api.mundotango.trangotechdevs.com/user/user-placeholder.jpeg',NULL,0,'2025-03-25 11:44:00','2025-03-25 11:44:00',NULL,0),(187,10,41,'post-like','Post Like','Cruz Chapman has liked your post.',1,1,1,'https://api.mundotango.trangotechdevs.com/user/user-placeholder.jpeg',NULL,0,'2025-03-25 11:44:00','2025-03-25 11:44:00',NULL,0),(188,10,41,'post-like','Post Like','Cruz Chapman has liked your post.',1,1,1,'https://api.mundotango.trangotechdevs.com/user/user-placeholder.jpeg',NULL,0,'2025-03-25 11:44:01','2025-03-25 11:44:01',NULL,0),(189,10,41,'post-like','Post Like','Cruz Chapman has liked your post.',1,1,1,'https://api.mundotango.trangotechdevs.com/user/user-placeholder.jpeg',NULL,0,'2025-03-25 11:44:01','2025-03-25 11:44:01',NULL,0),(190,10,41,'post-like','Post Like','Cruz Chapman has liked your post.',1,1,1,'https://api.mundotango.trangotechdevs.com/user/user-placeholder.jpeg',NULL,0,'2025-03-25 11:44:01','2025-03-25 11:44:01',NULL,0),(191,10,41,'post-like','Post Like','Cruz Chapman has liked your post.',1,1,1,'https://api.mundotango.trangotechdevs.com/user/user-placeholder.jpeg',NULL,0,'2025-03-25 11:44:01','2025-03-25 11:44:01',NULL,0),(192,10,41,'post-like','Post Like','Cruz Chapman has liked your post.',1,1,1,'https://api.mundotango.trangotechdevs.com/user/user-placeholder.jpeg',NULL,0,'2025-03-25 11:44:01','2025-03-25 11:44:01',NULL,0),(193,10,41,'post-like','Post Like','Cruz Chapman has liked your post.',1,1,1,'https://api.mundotango.trangotechdevs.com/user/user-placeholder.jpeg',NULL,0,'2025-03-25 11:44:01','2025-03-25 11:44:01',NULL,0),(194,10,41,'post-like','Post Like','Cruz Chapman has liked your post.',1,1,1,'https://api.mundotango.trangotechdevs.com/user/user-placeholder.jpeg',NULL,0,'2025-03-25 11:44:02','2025-03-25 11:44:02',NULL,0),(195,10,41,'post-like','Post Like','Cruz Chapman has liked your post.',1,1,1,'https://api.mundotango.trangotechdevs.com/user/user-placeholder.jpeg',NULL,0,'2025-03-25 11:44:02','2025-03-25 11:44:02',NULL,0),(196,10,41,'post-like','Post Like','Cruz Chapman has liked your post.',1,1,1,'https://api.mundotango.trangotechdevs.com/user/user-placeholder.jpeg',NULL,0,'2025-03-25 11:44:02','2025-03-25 11:44:02',NULL,0),(197,10,41,'post-like','Post Like','Cruz Chapman has liked your post.',1,1,1,'https://api.mundotango.trangotechdevs.com/user/user-placeholder.jpeg',NULL,0,'2025-03-25 11:44:02','2025-03-25 11:44:02',NULL,0),(198,10,41,'post-like','Post Like','Cruz Chapman has liked your post.',1,1,1,'https://api.mundotango.trangotechdevs.com/user/user-placeholder.jpeg',NULL,0,'2025-03-25 11:44:02','2025-03-25 11:44:02',NULL,0),(199,10,41,'post-like','Post Like','Cruz Chapman has liked your post.',1,1,1,'https://api.mundotango.trangotechdevs.com/user/user-placeholder.jpeg',NULL,0,'2025-03-25 11:44:02','2025-03-25 11:44:02',NULL,0),(200,10,41,'post-like','Post Like','Cruz Chapman has liked your post.',1,1,1,'https://api.mundotango.trangotechdevs.com/user/user-placeholder.jpeg',NULL,0,'2025-03-25 11:44:02','2025-03-25 11:44:02',NULL,0),(201,10,41,'post-like','Post Like','Cruz Chapman has liked your post.',1,1,1,'https://api.mundotango.trangotechdevs.com/user/user-placeholder.jpeg',NULL,0,'2025-03-25 11:44:02','2025-03-25 11:44:02',NULL,0),(202,10,41,'post-like','Post Like','Cruz Chapman has liked your post.',1,1,1,'https://api.mundotango.trangotechdevs.com/user/user-placeholder.jpeg',NULL,0,'2025-03-25 11:44:47','2025-03-25 11:44:47',NULL,0),(203,10,41,'post-like','Post Like','Cruz Chapman has liked your post.',1,1,1,'https://api.mundotango.trangotechdevs.com/user/user-placeholder.jpeg',NULL,0,'2025-03-25 11:45:44','2025-03-25 11:45:44',NULL,0),(204,10,41,'post-like','Post Like','Cruz Chapman has liked your post.',1,1,1,'https://api.mundotango.trangotechdevs.com/user/user-placeholder.jpeg',NULL,0,'2025-03-25 11:45:46','2025-03-25 11:45:46',NULL,0),(205,10,41,'post-like','Post Like','Cruz Chapman has liked your post.',1,1,1,'https://api.mundotango.trangotechdevs.com/user/user-placeholder.jpeg',NULL,0,'2025-03-25 11:45:47','2025-03-25 11:45:47',NULL,0),(206,10,41,'post-like','Post Like','Cruz Chapman has liked your post.',1,1,1,'https://api.mundotango.trangotechdevs.com/user/user-placeholder.jpeg',NULL,0,'2025-03-25 11:45:49','2025-03-25 11:45:49',NULL,0),(207,10,41,'post-like','Post Like','Cruz Chapman has liked your post.',1,1,1,'https://api.mundotango.trangotechdevs.com/user/user-placeholder.jpeg',NULL,0,'2025-03-25 11:45:50','2025-03-25 11:45:50',NULL,0),(208,10,41,'post-like','Post Like','Cruz Chapman has liked your post.',1,1,1,'https://api.mundotango.trangotechdevs.com/user/user-placeholder.jpeg',NULL,0,'2025-03-25 11:45:50','2025-03-25 11:45:50',NULL,0),(209,10,41,'post-like','Post Like','Cruz Chapman has liked your post.',1,1,1,'https://api.mundotango.trangotechdevs.com/user/user-placeholder.jpeg',NULL,0,'2025-03-25 11:45:52','2025-03-25 11:45:52',NULL,0),(210,10,41,'post-like','Post Like','Cruz Chapman has liked your post.',1,1,1,'https://api.mundotango.trangotechdevs.com/user/user-placeholder.jpeg',NULL,0,'2025-03-25 11:45:53','2025-03-25 11:45:53',NULL,0),(211,10,41,'post-like','Post Like','Cruz Chapman has liked your post.',1,1,1,'https://api.mundotango.trangotechdevs.com/user/user-placeholder.jpeg',NULL,0,'2025-03-25 11:45:55','2025-03-25 11:45:55',NULL,0),(212,10,41,'post-like','Post Like','Cruz Chapman has liked your post.',1,1,1,'https://api.mundotango.trangotechdevs.com/user/user-placeholder.jpeg',NULL,0,'2025-03-25 11:45:56','2025-03-25 11:45:56',NULL,0),(213,10,41,'post-like','Post Like','Cruz Chapman has liked your post.',1,1,1,'https://api.mundotango.trangotechdevs.com/user/user-placeholder.jpeg',NULL,0,'2025-03-25 11:45:57','2025-03-25 11:45:57',NULL,0),(214,10,41,'post-like','Post Like','Cruz Chapman has liked your post.',1,1,1,'https://api.mundotango.trangotechdevs.com/user/user-placeholder.jpeg',NULL,0,'2025-03-25 11:45:58','2025-03-25 11:45:58',NULL,0),(215,10,41,'post-like','Post Like','Cruz Chapman has liked your post.',1,1,1,'https://api.mundotango.trangotechdevs.com/user/user-placeholder.jpeg',NULL,0,'2025-03-25 11:45:59','2025-03-25 11:45:59',NULL,0),(216,10,41,'post-like','Post Like','Cruz Chapman has liked your post.',1,1,1,'https://api.mundotango.trangotechdevs.com/user/user-placeholder.jpeg',NULL,0,'2025-03-25 11:46:00','2025-03-25 11:46:00',NULL,0),(217,10,41,'post-like','Post Like','Cruz Chapman has liked your post.',1,1,1,'https://api.mundotango.trangotechdevs.com/user/user-placeholder.jpeg',NULL,0,'2025-03-25 11:46:02','2025-03-25 11:46:02',NULL,0),(218,10,41,'post-like','Post Like','Cruz Chapman has liked your post.',1,1,1,'https://api.mundotango.trangotechdevs.com/user/user-placeholder.jpeg',NULL,0,'2025-03-25 11:46:03','2025-03-25 11:46:03',NULL,0),(219,10,41,'post-comment','Post Comment','Cruz Chapman has commented your post.',1,1,1,'https://api.mundotango.trangotechdevs.com/user/user-placeholder.jpeg',NULL,0,'2025-03-25 11:48:37','2025-03-25 11:48:37',NULL,0),(220,10,41,'post-comment','Post Comment','Cruz Chapman has commented your post.',1,1,1,'https://api.mundotango.trangotechdevs.com/user/user-placeholder.jpeg',NULL,0,'2025-03-25 11:49:22','2025-03-25 11:49:22',NULL,0),(221,10,41,'post-comment','Post Comment','Cruz Chapman has commented your post.',1,1,1,'https://api.mundotango.trangotechdevs.com/user/user-placeholder.jpeg',NULL,0,'2025-03-25 11:53:51','2025-03-25 11:53:51',NULL,0),(222,10,41,'post-like','Post Like','Cruz Chapman has liked your post.',1,1,1,'https://api.mundotango.trangotechdevs.com/user/user-placeholder.jpeg',NULL,0,'2025-03-25 11:55:36','2025-03-25 11:55:36',NULL,0),(223,10,41,'post-like','Post Like','Cruz Chapman has liked your post.',1,1,1,'https://api.mundotango.trangotechdevs.com/user/user-placeholder.jpeg',NULL,0,'2025-03-25 11:55:36','2025-03-25 11:55:36',NULL,0),(224,10,41,'post-like','Post Like','Cruz Chapman has liked your post.',1,1,1,'https://api.mundotango.trangotechdevs.com/user/user-placeholder.jpeg',NULL,0,'2025-03-25 11:55:37','2025-03-25 11:55:37',NULL,0),(225,10,41,'post-comment','Post Comment','Cruz Chapman has commented your post.',1,1,1,'https://api.mundotango.trangotechdevs.com/user/user-placeholder.jpeg',NULL,0,'2025-03-25 12:02:08','2025-03-25 12:02:08',NULL,0),(226,10,41,'post-comment','Post Comment','Cruz Chapman has commented your post.',1,1,1,'https://api.mundotango.trangotechdevs.com/user/user-placeholder.jpeg',NULL,0,'2025-03-25 12:02:25','2025-03-25 12:02:25',NULL,0),(227,41,41,'post-like','Post Like','Cruz Chapman has liked your post.',1,1,1,'https://api.mundotango.trangotechdevs.com/user/user-placeholder.jpeg',NULL,0,'2025-03-25 12:12:03','2025-03-25 12:12:03',NULL,0),(228,33,41,'post-like','Post Like','Cruz Chapman has liked your post.',1,1,1,'https://api.mundotango.trangotechdevs.com/user/user-placeholder.jpeg',NULL,0,'2025-03-25 12:22:04','2025-03-25 12:22:04',NULL,0),(229,33,41,'post-like','Post Like','Cruz Chapman has liked your post.',1,1,1,'https://api.mundotango.trangotechdevs.com/user/user-placeholder.jpeg',NULL,0,'2025-03-25 12:49:32','2025-03-25 12:49:32',NULL,0),(230,33,41,'post-like','Post Like','Cruz Chapman has liked your post.',1,1,1,'https://api.mundotango.trangotechdevs.com/user/user-placeholder.jpeg',NULL,0,'2025-03-25 12:49:33','2025-03-25 12:49:33',NULL,0),(231,33,41,'post-like','Post Like','Cruz Chapman has liked your post.',1,1,1,'https://api.mundotango.trangotechdevs.com/user/user-placeholder.jpeg',NULL,0,'2025-03-25 12:49:33','2025-03-25 12:49:33',NULL,0),(232,33,41,'post-like','Post Like','Cruz Chapman has liked your post.',1,1,1,'https://api.mundotango.trangotechdevs.com/user/user-placeholder.jpeg',NULL,0,'2025-03-25 12:49:35','2025-03-25 12:49:35',NULL,0),(233,41,38,'post-like','Post Like','Anjolie Sweeney has liked your post.',1,1,1,'https://api.mundotango.life/user/f347c34e-bd75-47f5-8238-3b137c1517b7.png',NULL,0,'2025-03-28 18:47:33','2025-03-28 18:47:33',NULL,58),(234,41,38,'post-comment','Post Comment','Anjolie Sweeney has commented your post.',1,1,1,'https://api.mundotango.life/user/f347c34e-bd75-47f5-8238-3b137c1517b7.png',NULL,0,'2025-03-28 18:47:44','2025-03-28 18:47:44',NULL,58);

/*Table structure for table `organizer_experiences` */

DROP TABLE IF EXISTS `organizer_experiences`;

CREATE TABLE `organizer_experiences` (
  `id` int NOT NULL AUTO_INCREMENT,
  `user_id` int NOT NULL,
  `hosted_events` int NOT NULL,
  `hosted_event_types` text,
  `cities` text,
  `createdAt` datetime NOT NULL,
  `updatedAt` datetime NOT NULL,
  `deletedAt` datetime DEFAULT NULL,
  PRIMARY KEY (`id`),
  KEY `user_id` (`user_id`),
  CONSTRAINT `organizer_experiences_ibfk_1` FOREIGN KEY (`user_id`) REFERENCES `users` (`id`) ON DELETE CASCADE ON UPDATE CASCADE
) ENGINE=InnoDB AUTO_INCREMENT=13 DEFAULT CHARSET=utf8mb4 COLLATE=utf8mb4_0900_ai_ci;

/*Data for the table `organizer_experiences` */

insert  into `organizer_experiences`(`id`,`user_id`,`hosted_events`,`hosted_event_types`,`cities`,`createdAt`,`updatedAt`,`deletedAt`) values (1,10,2,'milonga,,,,','Buenos Aires','2025-01-17 19:10:30','2025-01-18 03:05:34',NULL),(2,13,35,'marathon,milonga,encuentro,,,','Encamp,El Tarter','2025-01-30 11:46:48','2025-02-07 12:22:20',NULL),(3,7,9,'life,dsfs,dfs,,competition,festival,,,,,,sdasd,tessdfsfd,life,life','karachi,lahore','2025-02-07 13:08:58','2025-03-14 14:40:35',NULL),(4,20,8,'competition,marathon,','El Tarter,Pas de la Casa','2025-02-07 13:24:08','2025-02-07 13:24:08',NULL),(5,16,1,'practica,milonga,','Canillo','2025-02-09 21:45:10','2025-02-09 21:45:10',NULL),(6,19,333,'milonga,','Canillo,El Tarter','2025-02-13 06:48:15','2025-02-13 06:48:15','2025-02-26 07:09:17'),(7,34,1,'practica,','Canillo','2025-03-02 15:08:19','2025-03-02 15:08:19','2025-03-03 01:41:32'),(8,36,1,'practica,','Buenos Aires','2025-03-08 21:02:40','2025-03-08 21:02:40',NULL),(9,37,1,'practica,milonga,','Canillo','2025-03-09 17:19:01','2025-03-09 17:19:01',NULL),(10,38,7,'competition,,Other ','Encamp','2025-03-12 09:25:54','2025-03-14 15:27:11',NULL),(11,39,1,'milonga,','Encamp','2025-03-14 19:58:35','2025-03-14 19:58:35','2025-03-14 22:33:38'),(12,41,5,'festival,encuentro,competition,,','Arinsal','2025-03-14 23:07:37','2025-03-14 23:09:19',NULL);

/*Table structure for table `pages` */

DROP TABLE IF EXISTS `pages`;

CREATE TABLE `pages` (
  `id` int NOT NULL AUTO_INCREMENT,
  `slug` varchar(100) NOT NULL,
  `url` varchar(200) NOT NULL,
  `title` varchar(200) NOT NULL,
  `content` text NOT NULL,
  `createdAt` datetime NOT NULL,
  `updatedAt` datetime NOT NULL,
  `deletedAt` datetime DEFAULT NULL,
  PRIMARY KEY (`id`),
  UNIQUE KEY `slug` (`slug`)
) ENGINE=InnoDB AUTO_INCREMENT=3 DEFAULT CHARSET=utf8mb4 COLLATE=utf8mb4_0900_ai_ci;

/*Data for the table `pages` */

insert  into `pages`(`id`,`slug`,`url`,`title`,`content`,`createdAt`,`updatedAt`,`deletedAt`) values (1,'terms-conditions','https://trangotech.com/privacy-policy-terms-of-service/','Terms And Conditions','Lorem Ipsum is simply dummy text of the printing and typesetting industry. Lorem Ipsum has been the industry\'s standard dummy text ever since the 1500s, when an unknown printer took a galley of type and scrambled it to make a type specimen book. It has survived not only five centuries, but also the leap into electronic typesetting, remaining essentially unchanged. It was popularised in the 1960s with the release of Letraset sheets containing Lorem Ipsum passages, and more recently with desktop publishing software like Aldus PageMaker including versions of Lorem Ipsum.','2025-01-08 06:41:23','2025-01-08 06:41:23',NULL),(2,'privacy-policy','https://trangotech.com/privacy-policy-terms-of-service/','Privacy Policy','Lorem Ipsum is simply dummy text of the printing and typesetting industry. Lorem Ipsum has been the industry\'s standard dummy text ever since the 1500s, when an unknown printer took a galley of type and scrambled it to make a type specimen book. It has survived not only five centuries, but also the leap into electronic typesetting, remaining essentially unchanged. It was popularised in the 1960s with the release of Letraset sheets containing Lorem Ipsum passages, and more recently with desktop publishing software like Aldus PageMaker including versions of Lorem Ipsum.','2025-01-08 06:41:58','2025-01-08 06:41:58',NULL);

/*Table structure for table `performer_experiences` */

DROP TABLE IF EXISTS `performer_experiences`;

CREATE TABLE `performer_experiences` (
  `id` int NOT NULL AUTO_INCREMENT,
  `user_id` int NOT NULL,
  `partner_profile_link` text,
  `recent_performance_url` varchar(255) DEFAULT NULL,
  `createdAt` datetime NOT NULL,
  `updatedAt` datetime NOT NULL,
  `deletedAt` datetime DEFAULT NULL,
  PRIMARY KEY (`id`),
  KEY `user_id` (`user_id`),
  CONSTRAINT `performer_experiences_ibfk_1` FOREIGN KEY (`user_id`) REFERENCES `users` (`id`) ON DELETE CASCADE ON UPDATE CASCADE
) ENGINE=InnoDB AUTO_INCREMENT=13 DEFAULT CHARSET=utf8mb4 COLLATE=utf8mb4_0900_ai_ci;

/*Data for the table `performer_experiences` */

insert  into `performer_experiences`(`id`,`user_id`,`partner_profile_link`,`recent_performance_url`,`createdAt`,`updatedAt`,`deletedAt`) values (1,10,'asdf,asdf,asdf','asdf','2025-01-17 20:15:33','2025-01-18 03:03:57',NULL),(2,7,',,','Enim dolorum test','2025-02-07 13:09:03','2025-03-14 10:05:09',NULL),(3,20,'Perspiciatis volupt,Omnis neque impedit,Rerum elit assumend','Sequi quo velit del','2025-02-07 13:25:10','2025-02-07 13:33:45',NULL),(4,16,',,','a','2025-02-09 21:47:58','2025-02-09 21:47:58',NULL),(5,19,',,','email@domain.com','2025-02-13 06:49:37','2025-02-13 06:49:37','2025-02-26 07:09:17'),(6,31,',,','https://www.facebook.com/share/v/1DDs8smDAd/','2025-02-18 07:33:46','2025-02-18 07:33:46',NULL),(7,34,',,','a','2025-03-02 15:08:52','2025-03-02 15:08:52','2025-03-03 01:41:32'),(8,36,',,','a','2025-03-08 21:03:56','2025-03-08 21:03:56',NULL),(9,37,',,','a','2025-03-09 17:19:44','2025-03-09 17:19:44',NULL),(10,38,',,','h','2025-03-12 09:26:44','2025-03-12 09:26:44',NULL),(11,41,',,','Enim dolorum test','2025-03-14 23:08:23','2025-03-14 23:08:23',NULL),(12,43,',,','aaaa','2025-03-17 10:11:11','2025-03-17 10:11:11',NULL);

/*Table structure for table `photographer_experiences` */

DROP TABLE IF EXISTS `photographer_experiences`;

CREATE TABLE `photographer_experiences` (
  `id` int NOT NULL AUTO_INCREMENT,
  `user_id` int NOT NULL,
  `role` enum('photographer','videographer','both') NOT NULL DEFAULT 'photographer',
  `facebook_profile_url` varchar(255) DEFAULT NULL,
  `videos_taken_count` int DEFAULT NULL,
  `cities` text,
  `createdAt` datetime NOT NULL,
  `updatedAt` datetime NOT NULL,
  `deletedAt` datetime DEFAULT NULL,
  PRIMARY KEY (`id`),
  KEY `user_id` (`user_id`),
  CONSTRAINT `photographer_experiences_ibfk_1` FOREIGN KEY (`user_id`) REFERENCES `users` (`id`) ON DELETE CASCADE ON UPDATE CASCADE
) ENGINE=InnoDB AUTO_INCREMENT=13 DEFAULT CHARSET=utf8mb4 COLLATE=utf8mb4_0900_ai_ci;

/*Data for the table `photographer_experiences` */

insert  into `photographer_experiences`(`id`,`user_id`,`role`,`facebook_profile_url`,`videos_taken_count`,`cities`,`createdAt`,`updatedAt`,`deletedAt`) values (1,10,'both','asdf',12,'Canillo','2025-01-17 20:15:26','2025-01-18 03:01:25',NULL),(2,7,'videographer','https://www.youtube.com/',5,'karachi,lahore','2025-02-07 13:09:22','2025-03-14 09:41:21',NULL),(3,20,'both','gsdfhs',2,'Khalifah A City,Bani Yas City','2025-02-07 13:25:00','2025-02-07 13:25:00',NULL),(4,16,'both','a',1,'Canillo,El Tarter,Encamp','2025-02-09 21:47:51','2025-02-09 21:47:51',NULL),(5,19,'photographer','https://www.facebook.com/profile.php?id=100012345678901',345,'Pas de la Casa,Encamp','2025-02-13 06:49:28','2025-02-13 06:49:28','2025-02-26 07:09:17'),(6,29,'photographer','m',1,'Canillo','2025-02-14 20:18:03','2025-02-14 20:18:03',NULL),(7,34,'both',NULL,0,'Canillo','2025-03-02 15:08:46','2025-03-02 15:08:46','2025-03-03 01:41:32'),(8,36,'both',NULL,1,'Canillo','2025-03-08 21:03:43','2025-03-08 21:03:43',NULL),(9,37,'both',NULL,1,'Canillo','2025-03-09 17:19:35','2025-03-09 17:19:35',NULL),(10,38,'both',NULL,0,'Abu Dhabi Municipality','2025-03-12 09:26:36','2025-03-12 09:26:36',NULL),(11,39,'both','Mundotango.life',1,'Encamp','2025-03-14 19:58:58','2025-03-14 20:23:20','2025-03-14 22:33:38'),(12,41,'both',NULL,0,'Encamp','2025-03-14 23:08:13','2025-03-14 23:08:13',NULL);

/*Table structure for table `pin_groups` */

DROP TABLE IF EXISTS `pin_groups`;

CREATE TABLE `pin_groups` (
  `id` int NOT NULL AUTO_INCREMENT,
  `group_id` int DEFAULT NULL,
  `user_id` int DEFAULT NULL,
  `createdAt` datetime NOT NULL,
  `updatedAt` datetime NOT NULL,
  `deletedAt` datetime DEFAULT NULL,
  PRIMARY KEY (`id`),
  KEY `group_id` (`group_id`),
  KEY `user_id` (`user_id`),
  CONSTRAINT `pin_groups_ibfk_1` FOREIGN KEY (`group_id`) REFERENCES `groups` (`id`),
  CONSTRAINT `pin_groups_ibfk_2` FOREIGN KEY (`user_id`) REFERENCES `users` (`id`)
) ENGINE=InnoDB DEFAULT CHARSET=utf8mb4 COLLATE=utf8mb4_0900_ai_ci;

/*Data for the table `pin_groups` */

/*Table structure for table `post_comment_likes` */

DROP TABLE IF EXISTS `post_comment_likes`;

CREATE TABLE `post_comment_likes` (
  `id` int NOT NULL AUTO_INCREMENT,
  `user_id` int NOT NULL,
  `comment_id` int NOT NULL,
  `createdAt` datetime NOT NULL,
  `updatedAt` datetime NOT NULL,
  `deletedAt` datetime DEFAULT NULL,
  PRIMARY KEY (`id`),
  KEY `user_id` (`user_id`),
  KEY `comment_id` (`comment_id`),
  CONSTRAINT `post_comment_likes_ibfk_1` FOREIGN KEY (`user_id`) REFERENCES `users` (`id`) ON DELETE CASCADE ON UPDATE CASCADE,
  CONSTRAINT `post_comment_likes_ibfk_2` FOREIGN KEY (`comment_id`) REFERENCES `post_comments` (`id`) ON DELETE CASCADE ON UPDATE CASCADE
) ENGINE=InnoDB AUTO_INCREMENT=2 DEFAULT CHARSET=utf8mb4 COLLATE=utf8mb4_0900_ai_ci;

/*Data for the table `post_comment_likes` */

insert  into `post_comment_likes`(`id`,`user_id`,`comment_id`,`createdAt`,`updatedAt`,`deletedAt`) values (1,10,1,'2025-01-21 21:57:06','2025-01-21 21:57:06',NULL);

/*Table structure for table `post_comments` */

DROP TABLE IF EXISTS `post_comments`;

CREATE TABLE `post_comments` (
  `id` int NOT NULL AUTO_INCREMENT,
  `parent_id` int DEFAULT NULL,
  `user_id` int NOT NULL,
  `post_id` int NOT NULL,
  `comment` text NOT NULL,
  `total_likes` int NOT NULL DEFAULT '0',
  `createdAt` datetime NOT NULL,
  `updatedAt` datetime NOT NULL,
  `deletedAt` datetime DEFAULT NULL,
  PRIMARY KEY (`id`),
  KEY `parent_id` (`parent_id`),
  KEY `user_id` (`user_id`),
  KEY `post_id` (`post_id`),
  CONSTRAINT `post_comments_ibfk_1` FOREIGN KEY (`parent_id`) REFERENCES `post_comments` (`id`),
  CONSTRAINT `post_comments_ibfk_2` FOREIGN KEY (`user_id`) REFERENCES `users` (`id`) ON DELETE CASCADE ON UPDATE CASCADE,
  CONSTRAINT `post_comments_ibfk_3` FOREIGN KEY (`post_id`) REFERENCES `posts` (`id`) ON DELETE CASCADE ON UPDATE CASCADE
) ENGINE=InnoDB AUTO_INCREMENT=20 DEFAULT CHARSET=utf8mb4 COLLATE=utf8mb4_0900_ai_ci;

/*Data for the table `post_comments` */

insert  into `post_comments`(`id`,`parent_id`,`user_id`,`post_id`,`comment`,`total_likes`,`createdAt`,`updatedAt`,`deletedAt`) values (1,NULL,10,2,'Love it!',1,'2025-01-21 21:57:04','2025-01-21 21:57:06',NULL),(2,NULL,10,35,'hello',0,'2025-03-03 02:33:41','2025-03-03 02:33:41',NULL),(3,NULL,35,4,'hello',0,'2025-03-03 02:37:12','2025-03-03 02:37:12',NULL),(4,NULL,29,35,'Test',0,'2025-03-03 02:54:52','2025-03-03 02:54:52',NULL),(5,NULL,29,34,'Test',0,'2025-03-03 02:55:17','2025-03-03 02:55:17',NULL),(6,NULL,31,56,'Seems like you\'re not getting any notifications ?',0,'2025-03-18 22:23:27','2025-03-18 22:23:27',NULL),(7,NULL,31,55,'let\'s see if you get a notification for comments',0,'2025-03-18 22:24:09','2025-03-18 22:24:09',NULL),(8,NULL,41,55,'sdsfdsfsdf',0,'2025-03-25 11:38:50','2025-03-25 11:38:50',NULL),(9,NULL,41,55,'sdsfdsfsdf',0,'2025-03-25 11:40:18','2025-03-25 11:40:18',NULL),(10,NULL,41,55,'sdsfdsfsdf',0,'2025-03-25 11:40:20','2025-03-25 11:40:20',NULL),(11,NULL,41,55,'tesing',0,'2025-03-25 11:41:25','2025-03-25 11:41:25',NULL),(12,NULL,41,55,'test',0,'2025-03-25 11:42:16','2025-03-25 11:42:16',NULL),(13,NULL,41,55,'test',0,'2025-03-25 11:42:25','2025-03-25 11:42:25',NULL),(14,NULL,41,55,'tesiing ',0,'2025-03-25 11:48:37','2025-03-25 11:48:37',NULL),(15,NULL,41,55,'test ',0,'2025-03-25 11:49:22','2025-03-25 11:49:22',NULL),(16,NULL,41,55,'checing',0,'2025-03-25 11:53:51','2025-03-25 11:53:51',NULL),(17,14,41,55,'okay',0,'2025-03-25 12:02:08','2025-03-25 12:02:08',NULL),(18,10,41,55,'got it ',0,'2025-03-25 12:02:25','2025-03-25 12:02:25',NULL),(19,NULL,38,58,'test',0,'2025-03-28 18:47:44','2025-03-28 18:47:44',NULL);

/*Table structure for table `post_likes` */

DROP TABLE IF EXISTS `post_likes`;

CREATE TABLE `post_likes` (
  `id` int NOT NULL AUTO_INCREMENT,
  `user_id` int NOT NULL,
  `post_id` int NOT NULL,
  `createdAt` datetime NOT NULL,
  `updatedAt` datetime NOT NULL,
  `deletedAt` datetime DEFAULT NULL,
  PRIMARY KEY (`id`),
  KEY `user_id` (`user_id`),
  KEY `post_id` (`post_id`),
  CONSTRAINT `post_likes_ibfk_1` FOREIGN KEY (`user_id`) REFERENCES `users` (`id`) ON DELETE CASCADE ON UPDATE CASCADE,
  CONSTRAINT `post_likes_ibfk_2` FOREIGN KEY (`post_id`) REFERENCES `posts` (`id`) ON DELETE CASCADE ON UPDATE CASCADE
) ENGINE=InnoDB AUTO_INCREMENT=38 DEFAULT CHARSET=utf8mb4 COLLATE=utf8mb4_0900_ai_ci;

/*Data for the table `post_likes` */

insert  into `post_likes`(`id`,`user_id`,`post_id`,`createdAt`,`updatedAt`,`deletedAt`) values (1,5,1,'2025-01-08 11:45:51','2025-01-08 11:45:51',NULL),(3,13,2,'2025-01-30 10:05:36','2025-01-30 10:05:36',NULL),(6,10,2,'2025-03-02 22:57:36','2025-03-02 22:57:36',NULL),(7,35,4,'2025-03-03 02:37:13','2025-03-03 02:37:13',NULL),(8,29,35,'2025-03-03 02:54:46','2025-03-03 02:54:46',NULL),(9,31,2,'2025-03-09 05:58:14','2025-03-09 05:58:14',NULL),(11,38,24,'2025-03-12 12:13:51','2025-03-12 12:13:51',NULL),(31,41,55,'2025-03-25 11:55:37','2025-03-25 11:55:37',NULL),(32,41,58,'2025-03-25 12:12:03','2025-03-25 12:12:03',NULL),(36,41,26,'2025-03-25 12:49:35','2025-03-25 12:49:35',NULL),(37,38,58,'2025-03-28 18:47:33','2025-03-28 18:47:33',NULL);

/*Table structure for table `post_shares` */

DROP TABLE IF EXISTS `post_shares`;

CREATE TABLE `post_shares` (
  `id` int NOT NULL AUTO_INCREMENT,
  `user_id` int NOT NULL,
  `post_id` int NOT NULL,
  `createdAt` datetime NOT NULL,
  `updatedAt` datetime NOT NULL,
  `deletedAt` datetime DEFAULT NULL,
  PRIMARY KEY (`id`),
  KEY `user_id` (`user_id`),
  KEY `post_id` (`post_id`),
  CONSTRAINT `post_shares_ibfk_1` FOREIGN KEY (`user_id`) REFERENCES `users` (`id`) ON DELETE CASCADE ON UPDATE CASCADE,
  CONSTRAINT `post_shares_ibfk_2` FOREIGN KEY (`post_id`) REFERENCES `posts` (`id`) ON DELETE CASCADE ON UPDATE CASCADE
) ENGINE=InnoDB AUTO_INCREMENT=4 DEFAULT CHARSET=utf8mb4 COLLATE=utf8mb4_0900_ai_ci;

/*Data for the table `post_shares` */

insert  into `post_shares`(`id`,`user_id`,`post_id`,`createdAt`,`updatedAt`,`deletedAt`) values (1,35,4,'2025-03-03 02:38:35','2025-03-03 02:38:35','2025-03-03 02:40:00'),(2,35,4,'2025-03-03 02:40:00','2025-03-03 02:40:00','2025-03-03 02:40:06'),(3,35,4,'2025-03-03 02:40:06','2025-03-03 02:40:06',NULL);

/*Table structure for table `posts` */

DROP TABLE IF EXISTS `posts`;

CREATE TABLE `posts` (
  `id` int NOT NULL AUTO_INCREMENT,
  `user_id` int NOT NULL,
  `group_id` int DEFAULT NULL,
  `event_id` int DEFAULT NULL,
  `activity_id` int DEFAULT NULL,
  `feeling_id` int DEFAULT NULL,
  `shared_by` int DEFAULT NULL,
  `is_shared` int DEFAULT '0',
  `original_post_id` int DEFAULT NULL,
  `content` text,
  `caption` text,
  `total_likes` int NOT NULL DEFAULT '0',
  `total_comments` int NOT NULL DEFAULT '0',
  `total_shares` int NOT NULL DEFAULT '0',
  `visibility` enum('public','friend','private') NOT NULL DEFAULT 'public',
  `location` text,
  `country` varchar(200) DEFAULT NULL,
  `city` varchar(200) DEFAULT NULL,
  `latitude` double DEFAULT NULL,
  `longitude` double DEFAULT NULL,
  `status` enum('active','inactive') NOT NULL DEFAULT 'active',
  `createdAt` datetime NOT NULL,
  `updatedAt` datetime NOT NULL,
  `deletedAt` datetime DEFAULT NULL,
  `user_travel_id` int DEFAULT NULL,
  PRIMARY KEY (`id`),
  KEY `user_id` (`user_id`),
  KEY `group_id` (`group_id`),
  KEY `event_id` (`event_id`),
  KEY `activity_id` (`activity_id`),
  KEY `feeling_id` (`feeling_id`),
  KEY `shared_by` (`shared_by`),
  CONSTRAINT `posts_ibfk_1` FOREIGN KEY (`user_id`) REFERENCES `users` (`id`),
  CONSTRAINT `posts_ibfk_2` FOREIGN KEY (`group_id`) REFERENCES `groups` (`id`),
  CONSTRAINT `posts_ibfk_3` FOREIGN KEY (`event_id`) REFERENCES `events` (`id`),
  CONSTRAINT `posts_ibfk_4` FOREIGN KEY (`activity_id`) REFERENCES `activities` (`id`),
  CONSTRAINT `posts_ibfk_5` FOREIGN KEY (`feeling_id`) REFERENCES `feelings` (`id`),
  CONSTRAINT `posts_ibfk_6` FOREIGN KEY (`shared_by`) REFERENCES `users` (`id`)
) ENGINE=InnoDB AUTO_INCREMENT=59 DEFAULT CHARSET=utf8mb4 COLLATE=utf8mb4_0900_ai_ci;

/*Data for the table `posts` */

insert  into `posts`(`id`,`user_id`,`group_id`,`event_id`,`activity_id`,`feeling_id`,`shared_by`,`is_shared`,`original_post_id`,`content`,`caption`,`total_likes`,`total_comments`,`total_shares`,`visibility`,`location`,`country`,`city`,`latitude`,`longitude`,`status`,`createdAt`,`updatedAt`,`deletedAt`,`user_travel_id`) values (1,5,NULL,NULL,NULL,NULL,NULL,0,NULL,'nature image ',NULL,1,0,0,'public',NULL,NULL,NULL,0,0,'active','2025-01-08 11:45:23','2025-02-24 11:31:48',NULL,NULL),(2,10,NULL,NULL,NULL,NULL,NULL,0,NULL,'The first Milonga Magia in Buenos Aires! Jan 18, 2025 with Ravi Agarwal, Club Atroden, La Mucho Tango with Chino Laborde, Pamela Tello, Exodo Criollo, and Calle Hidalgo, DJ Krishna Olmedo, and Magician Juan Miraz! It was an awesome magical night!',NULL,3,1,0,'public',NULL,'Buenos Aires, Argentina','Buenos Aires, Argentina',-34.6036844,-58.3815591,'active','2025-01-21 21:31:41','2025-03-09 05:58:14',NULL,NULL),(3,10,NULL,NULL,NULL,NULL,NULL,0,NULL,'Test Friend post',NULL,0,0,0,'friend',NULL,'Uriarte 1658, C1414 Cdad. Autónoma de Buenos Aires, Argentina','Uriarte 1658, C1414 Cdad. Autónoma de Buenos Aires, Argentina',-34.58701120000001,-58.43158940000001,'active','2025-01-21 21:38:54','2025-01-21 21:38:54',NULL,NULL),(4,10,NULL,NULL,NULL,NULL,NULL,0,NULL,'Test Friend post',NULL,1,1,3,'friend',NULL,'Uriarte 1658, C1414 Cdad. Autónoma de Buenos Aires, Argentina','Uriarte 1658, C1414 Cdad. Autónoma de Buenos Aires, Argentina',-34.58701120000001,-58.43158940000001,'active','2025-01-21 21:45:55','2025-03-03 02:40:06',NULL,NULL),(5,3,NULL,NULL,1,1,NULL,0,NULL,'Quo eius voluptas est debitis.\nNemo explicabo et et.',NULL,0,0,0,'friend',NULL,'Pakistan','Karachi',0,0,'active','2025-01-30 07:18:32','2025-01-30 07:18:32',NULL,NULL),(6,7,NULL,NULL,1,1,NULL,0,NULL,'Going to attend an event in new york come and join me in event',NULL,0,0,0,'friend',NULL,'Pakistan','Karachi',24.8607,67.0011,'active','2025-02-07 13:11:08','2025-02-07 13:11:08',NULL,NULL),(10,7,NULL,NULL,1,1,NULL,0,NULL,'Omnis enim sunt eligendi omnis consequuntur neque voluptas ut.\nNon enim accusantium temporibus eos atque.',NULL,0,0,0,'friend','3930 Sydney Overpass','Pakistan','Karachi',24.8607,67.0011,'active','2025-02-13 13:26:47','2025-02-13 13:26:47',NULL,NULL),(11,7,NULL,NULL,NULL,NULL,NULL,0,NULL,NULL,NULL,0,0,0,'friend',NULL,NULL,NULL,NULL,NULL,'active','2025-02-19 14:24:11','2025-02-19 14:24:11',NULL,7),(12,7,NULL,NULL,1,1,NULL,0,NULL,'Provident et eos beatae quaerat et.',NULL,0,0,0,'public','450 Hammes Wells','New Caledonia','Murphyburgh',-28.4933,167.6778,'active','2025-02-24 09:18:09','2025-02-24 09:18:09',NULL,NULL),(13,13,9,NULL,1,NULL,NULL,0,NULL,'Sapiente esse est ',NULL,0,0,0,'public',NULL,NULL,NULL,0,0,'active','2025-02-24 12:33:14','2025-02-24 12:33:14','2025-02-24 12:33:35',NULL),(14,7,NULL,NULL,1,1,NULL,0,NULL,'Nobis officia asperiores.\nQuis accusantium repellat.\nQui quo accusamus.\nSed culpa facere iure recusandae cumque odio aliquid nemo repellat.',NULL,0,0,0,'public','usa, australia, canada','Cuba','Hamilton',-73.1523,-112.7186,'active','2025-02-24 12:58:09','2025-02-24 12:58:09',NULL,NULL),(15,7,NULL,NULL,1,1,NULL,0,NULL,'Sit nulla consequatur magni ut accusantium rerum ab.',NULL,0,0,0,'public','3019 Clousson Road, Sergeant Bluff, IA, Iowa, ','Kenya','North Sammy',-86.2118,-92.7887,'active','2025-02-24 13:01:47','2025-02-24 13:01:47',NULL,NULL),(16,7,NULL,NULL,1,1,NULL,0,NULL,'Voluptatibus ut eum et.\r\nLabore porro quisquam mollitia id.\r\nAut quam quia.',NULL,0,0,0,'public','Location','Pakistan','Karachi',37.0437,34.4821,'active','2025-02-24 13:06:12','2025-03-17 09:57:54',NULL,NULL),(17,13,NULL,NULL,3,1,NULL,0,NULL,'? tehkjn,',NULL,0,0,0,'public','   Film Nagar Hyderabad  Hyderabad Telangana  India  ','India','Hyderabad',17.41499559999999,78.4161592,'active','2025-02-24 13:31:59','2025-02-24 13:31:59',NULL,NULL),(18,22,NULL,NULL,NULL,1,NULL,0,NULL,'dsad',NULL,0,0,0,'public','      West Palm Beach Florida  United States  ','United States','West Palm Beach',26.7144532,-80.0549456,'active','2025-02-24 13:39:17','2025-02-24 13:39:17',NULL,NULL),(20,13,NULL,NULL,NULL,1,NULL,0,NULL,'sdfghjkl/.',NULL,0,0,0,'public','      Le Lamentin Fort-de-France  Martinique  ','Martinique','Le Lamentin',14.5953326,-61.000174,'active','2025-02-25 09:38:01','2025-02-25 09:38:01',NULL,NULL),(21,13,NULL,NULL,NULL,1,NULL,0,NULL,'dfghjkl./',NULL,0,0,0,'friend','         Trinidad and Tobago  ','Trinidad and Tobago',NULL,10.691803,-61.222503,'active','2025-02-25 09:38:40','2025-02-25 09:38:40',NULL,NULL),(22,33,NULL,NULL,NULL,1,NULL,0,NULL,'Expedita non dolorem',NULL,0,0,0,'friend','       Sindh  Pakistan  ','Pakistan',NULL,25.1071903,67.237117,'active','2025-02-26 07:13:13','2025-02-26 07:14:32',NULL,NULL),(23,33,NULL,NULL,5,1,NULL,0,NULL,'Elit fugiat repudi??',NULL,0,0,0,'public','         United States  ','United States',NULL,38.7945952,-106.5348379,'active','2025-02-26 07:18:10','2025-02-26 07:18:10',NULL,NULL),(24,33,NULL,NULL,NULL,1,NULL,0,NULL,'Eum voluptas quis hi',NULL,1,0,0,'public','undefined','undefined',NULL,0,0,'active','2025-02-26 08:57:31','2025-03-12 12:13:51',NULL,NULL),(25,33,NULL,NULL,NULL,1,NULL,0,NULL,'Culpa pariatur Lab',NULL,0,0,0,'friend','undefined','undefined',NULL,0,0,'active','2025-02-26 08:57:49','2025-02-26 08:57:49',NULL,NULL),(26,33,NULL,NULL,NULL,1,NULL,0,NULL,'Nulla reprehenderit ',NULL,1,0,0,'public','  DSK Vishwa Dhayari Pune  Pune Maharashtra  India  ','India','Pune',18.4427627,73.7992634,'active','2025-02-26 12:26:30','2025-03-25 12:49:35',NULL,NULL),(27,33,NULL,NULL,NULL,1,NULL,0,NULL,'Aut necessitatibus n',NULL,0,0,0,'friend','      San Francisco California  United States  ','United States','San Francisco',37.7749295,-122.4194155,'active','2025-02-26 12:27:01','2025-02-26 12:27:01',NULL,NULL),(29,10,12,NULL,NULL,NULL,NULL,0,NULL,'Test',NULL,0,0,0,'public','',NULL,NULL,0,0,'active','2025-03-02 23:48:11','2025-03-02 23:48:11','2025-03-02 23:48:44',NULL),(30,10,12,NULL,NULL,NULL,NULL,0,NULL,'test',NULL,0,0,0,'public','',NULL,NULL,0,0,'active','2025-03-02 23:52:03','2025-03-02 23:52:03','2025-03-03 00:41:33',NULL),(31,10,12,NULL,NULL,NULL,NULL,0,NULL,'test',NULL,0,0,0,'public','',NULL,NULL,0,0,'active','2025-03-02 23:55:05','2025-03-02 23:55:05','2025-03-03 00:41:40',NULL),(32,10,NULL,12,NULL,NULL,NULL,0,NULL,'test video',NULL,0,0,0,'public','',NULL,NULL,0,0,'active','2025-03-03 00:23:01','2025-03-03 00:23:01','2025-03-03 00:41:28',NULL),(33,10,NULL,12,NULL,NULL,NULL,0,NULL,'test photo',NULL,0,0,0,'public','',NULL,NULL,0,0,'active','2025-03-03 00:23:13','2025-03-03 00:23:13','2025-03-03 01:04:29',NULL),(34,29,NULL,NULL,NULL,1,NULL,0,NULL,'Test mobile public ',NULL,0,1,0,'public','      Buenos Aires Buenos Aires  Argentina  ','Argentina','Buenos Aires',-34.6036844,-58.3815591,'active','2025-03-03 02:30:31','2025-03-03 02:55:17',NULL,NULL),(35,29,NULL,NULL,NULL,1,NULL,0,NULL,'Test mobile friend',NULL,1,2,0,'public','undefined','undefined',NULL,0,0,'active','2025-03-03 02:31:47','2025-03-03 02:54:52',NULL,NULL),(36,38,NULL,NULL,1,1,NULL,0,NULL,'Sit ea exercitation',NULL,0,0,0,'public','      Rio de Janeiro State of Rio de Janeiro  Brazil  ','Brazil','Rio de Janeiro',-22.9068467,-43.1728965,'active','2025-03-12 10:21:33','2025-03-12 10:30:15','2025-03-12 10:46:25',NULL),(37,38,NULL,NULL,1,1,NULL,0,NULL,'testing ',NULL,0,0,0,'public','Location','Pakistan','Karachi',0,0,'active','2025-03-12 10:46:05','2025-03-12 10:46:05','2025-03-12 10:46:32',NULL),(38,38,NULL,NULL,1,1,NULL,0,NULL,'testing ',NULL,0,0,0,'public','Location','Pakistan','Karachi',0,0,'active','2025-03-12 10:48:04','2025-03-12 10:48:04','2025-03-12 10:49:22',NULL),(39,38,NULL,NULL,1,1,NULL,0,NULL,'testing ',NULL,0,0,0,'public','Location','Pakistan','Karachi',0,0,'active','2025-03-12 10:48:18','2025-03-12 10:48:18','2025-03-12 10:49:28',NULL),(40,38,NULL,NULL,1,1,NULL,0,NULL,'testing ',NULL,0,0,0,'public','Location','Pakistan','Karachi',0,0,'active','2025-03-12 10:49:58','2025-03-12 10:49:58','2025-03-12 10:53:43',NULL),(41,38,NULL,NULL,1,1,NULL,0,NULL,'testing ',NULL,0,0,0,'public','Location','Pakistan','Karachi',0,0,'active','2025-03-12 10:53:37','2025-03-12 10:53:47','2025-03-12 10:53:51',NULL),(42,38,NULL,NULL,1,1,NULL,0,NULL,'testing ',NULL,0,0,0,'public','Location','Pakistan','Karachi',0,0,'active','2025-03-12 10:58:33','2025-03-12 10:58:33','2025-03-12 10:59:40',NULL),(43,38,NULL,NULL,1,1,NULL,0,NULL,'testing ',NULL,0,0,0,'public','Location','Pakistan','Karachi',0,0,'active','2025-03-12 11:45:46','2025-03-17 08:45:06',NULL,NULL),(44,7,17,NULL,4,1,NULL,0,NULL,'test',NULL,0,0,0,'public','         Estonia  ','Estonia',NULL,58.595272,25.013607,'active','2025-03-13 11:00:01','2025-03-16 21:44:52','2025-03-17 09:51:39',NULL),(45,7,NULL,12,NULL,NULL,NULL,0,NULL,'test',NULL,0,0,0,'public','',NULL,NULL,0,0,'active','2025-03-13 11:09:05','2025-03-13 11:09:05','2025-03-17 09:51:32',NULL),(46,7,NULL,NULL,NULL,NULL,NULL,0,NULL,NULL,NULL,0,0,0,'friend',NULL,NULL,NULL,NULL,NULL,'active','2025-03-14 11:15:32','2025-03-14 11:15:32','2025-03-17 09:57:47',7),(49,7,NULL,NULL,1,1,NULL,0,NULL,'testing ',NULL,0,0,0,'public','Location','Pakistan','Karachi',0,0,'active','2025-03-14 22:24:40','2025-03-17 09:57:33',NULL,NULL),(50,41,NULL,NULL,NULL,1,NULL,0,NULL,'testing video',NULL,0,0,0,'public','undefined','undefined',NULL,0,0,'active','2025-03-14 23:10:08','2025-03-14 23:10:08','2025-03-16 23:39:42',NULL),(51,41,NULL,NULL,4,1,NULL,0,NULL,'testing update',NULL,0,0,0,'public','         United States  ','United States',NULL,38.7945952,-106.5348379,'active','2025-03-16 23:43:35','2025-03-17 10:01:20',NULL,NULL),(52,7,NULL,NULL,1,1,NULL,0,NULL,'test',NULL,0,0,0,'public','         El Salvador  ','El Salvador','Karachi',13.794185,-88.89653,'active','2025-03-17 09:54:13','2025-03-17 09:58:52','2025-03-17 10:02:11',NULL),(53,7,NULL,NULL,1,1,NULL,0,NULL,'test',NULL,0,0,0,'public','undefined','undefined',NULL,0,0,'active','2025-03-17 10:02:26','2025-03-17 10:38:05',NULL,NULL),(54,10,13,NULL,NULL,NULL,NULL,0,NULL,'test',NULL,0,0,0,'public','',NULL,NULL,0,0,'active','2025-03-17 20:41:27','2025-03-17 20:41:27',NULL,NULL),(55,10,13,NULL,NULL,NULL,NULL,0,NULL,'test',NULL,1,12,0,'public','',NULL,NULL,0,0,'active','2025-03-17 20:42:39','2025-03-25 12:02:25','2025-03-27 20:01:01',NULL),(56,31,13,NULL,NULL,NULL,NULL,0,NULL,'I asked to join the group a week ago and it\'s still pending. ',NULL,0,1,0,'public','',NULL,NULL,0,0,'active','2025-03-18 22:22:36','2025-03-18 22:23:27',NULL,NULL),(57,41,NULL,52,1,NULL,NULL,0,NULL,'Sapiente esse est ',NULL,0,0,0,'public','','null',NULL,0,0,'active','2025-03-21 12:07:52','2025-03-21 18:40:50',NULL,NULL),(58,41,20,NULL,1,NULL,NULL,0,NULL,'Veniam autem',NULL,2,1,0,'public','         Indonesia  ','Indonesia',NULL,-0.789275,113.921327,'active','2025-03-21 17:30:48','2025-03-28 18:47:44',NULL,NULL);

/*Table structure for table `report_types` */

DROP TABLE IF EXISTS `report_types`;

CREATE TABLE `report_types` (
  `id` int NOT NULL AUTO_INCREMENT,
  `parent_id` int DEFAULT NULL,
  `name` varchar(255) NOT NULL,
  `createdAt` datetime NOT NULL,
  `updatedAt` datetime NOT NULL,
  `deletedAt` datetime DEFAULT NULL,
  PRIMARY KEY (`id`),
  KEY `parent_id` (`parent_id`),
  CONSTRAINT `report_types_ibfk_1` FOREIGN KEY (`parent_id`) REFERENCES `report_types` (`id`)
) ENGINE=InnoDB AUTO_INCREMENT=4 DEFAULT CHARSET=utf8mb4 COLLATE=utf8mb4_0900_ai_ci;

/*Data for the table `report_types` */

insert  into `report_types`(`id`,`parent_id`,`name`,`createdAt`,`updatedAt`,`deletedAt`) values (1,NULL,'Harresment','2025-01-08 06:38:13','2025-01-08 06:38:13',NULL),(2,NULL,'Inappropriate','2025-01-08 06:38:22','2025-01-08 06:38:22',NULL),(3,NULL,'Irrelevant','2025-01-08 06:38:40','2025-01-08 06:38:40',NULL);

/*Table structure for table `reports` */

DROP TABLE IF EXISTS `reports`;

CREATE TABLE `reports` (
  `id` int NOT NULL AUTO_INCREMENT,
  `user_id` int NOT NULL,
  `report_type_id` int NOT NULL,
  `instance_type` enum('user','post','event','group') NOT NULL DEFAULT 'user',
  `instance_id` int NOT NULL,
  `description` text,
  `status` enum('resolved','unresolved') DEFAULT 'unresolved',
  `createdAt` datetime NOT NULL,
  `updatedAt` datetime NOT NULL,
  `deletedAt` datetime DEFAULT NULL,
  PRIMARY KEY (`id`),
  KEY `user_id` (`user_id`),
  KEY `report_type_id` (`report_type_id`),
  CONSTRAINT `reports_ibfk_1` FOREIGN KEY (`user_id`) REFERENCES `users` (`id`) ON DELETE CASCADE ON UPDATE CASCADE,
  CONSTRAINT `reports_ibfk_2` FOREIGN KEY (`report_type_id`) REFERENCES `report_types` (`id`) ON DELETE CASCADE ON UPDATE CASCADE
) ENGINE=InnoDB AUTO_INCREMENT=3 DEFAULT CHARSET=utf8mb4 COLLATE=utf8mb4_0900_ai_ci;

/*Data for the table `reports` */

insert  into `reports`(`id`,`user_id`,`report_type_id`,`instance_type`,`instance_id`,`description`,`status`,`createdAt`,`updatedAt`,`deletedAt`) values (2,10,1,'post',26,'Test','unresolved','2025-03-03 01:11:47','2025-03-03 01:11:47',NULL);

/*Table structure for table `reset_passwords` */

DROP TABLE IF EXISTS `reset_passwords`;

CREATE TABLE `reset_passwords` (
  `id` int NOT NULL AUTO_INCREMENT,
  `email` varchar(50) NOT NULL,
  `token` text NOT NULL,
  `deletedAt` datetime DEFAULT NULL,
  `createdAt` datetime NOT NULL,
  `updatedAt` datetime NOT NULL,
  PRIMARY KEY (`id`)
) ENGINE=InnoDB AUTO_INCREMENT=4 DEFAULT CHARSET=utf8mb4 COLLATE=utf8mb4_0900_ai_ci;

/*Data for the table `reset_passwords` */

insert  into `reset_passwords`(`id`,`email`,`token`,`deletedAt`,`createdAt`,`updatedAt`) values (1,'admin.mundotango@yopmail.com','MSU3QzE3MzYzMTgxOTQzMDk=',NULL,'2025-01-08 06:36:34','2025-01-08 06:36:34'),(2,'admin.mundotango@yopmail.com','MSU3QzE3Mzg5MzIxNDcxNzU=',NULL,'2025-02-07 12:42:27','2025-02-07 12:42:27'),(3,'admin.mundotango@yopmail.com','MSU3QzE3Mzk5NjUwMjg5NjU=',NULL,'2025-02-19 11:37:08','2025-02-19 11:37:08');

/*Table structure for table `save_posts` */

DROP TABLE IF EXISTS `save_posts`;

CREATE TABLE `save_posts` (
  `id` int NOT NULL AUTO_INCREMENT,
  `post_id` int DEFAULT NULL,
  `user_id` int DEFAULT NULL,
  `createdAt` datetime NOT NULL,
  `updatedAt` datetime NOT NULL,
  `deletedAt` datetime DEFAULT NULL,
  PRIMARY KEY (`id`),
  KEY `post_id` (`post_id`),
  KEY `user_id` (`user_id`),
  CONSTRAINT `save_posts_ibfk_1` FOREIGN KEY (`post_id`) REFERENCES `posts` (`id`) ON DELETE SET NULL ON UPDATE CASCADE,
  CONSTRAINT `save_posts_ibfk_2` FOREIGN KEY (`user_id`) REFERENCES `users` (`id`) ON DELETE SET NULL ON UPDATE CASCADE
) ENGINE=InnoDB AUTO_INCREMENT=3 DEFAULT CHARSET=utf8mb4 COLLATE=utf8mb4_0900_ai_ci;

/*Data for the table `save_posts` */

insert  into `save_posts`(`id`,`post_id`,`user_id`,`createdAt`,`updatedAt`,`deletedAt`) values (1,2,10,'2025-01-21 21:35:52','2025-01-21 21:35:52',NULL),(2,1,10,'2025-01-31 19:37:48','2025-01-31 19:37:48',NULL);

/*Table structure for table `settings` */

DROP TABLE IF EXISTS `settings`;

CREATE TABLE `settings` (
  `id` int NOT NULL AUTO_INCREMENT,
  `title` varchar(200) NOT NULL,
  `text` text NOT NULL,
  `type` varchar(50) NOT NULL,
  `deletedAt` datetime DEFAULT NULL,
  `createdAt` datetime NOT NULL,
  `updatedAt` datetime NOT NULL,
  PRIMARY KEY (`id`)
) ENGINE=InnoDB AUTO_INCREMENT=3 DEFAULT CHARSET=utf8mb4 COLLATE=utf8mb4_0900_ai_ci;

/*Data for the table `settings` */

insert  into `settings`(`id`,`title`,`text`,`type`,`deletedAt`,`createdAt`,`updatedAt`) values (1,'Privacy Policy','Lorem epsum','privacy-policy',NULL,'2025-01-08 06:15:00','2025-01-08 06:15:00'),(2,'Terms And Conditions','Lorem epsum','terms-and-condition',NULL,'2025-01-08 06:15:00','2025-01-08 06:15:00');

/*Table structure for table `social_users` */

DROP TABLE IF EXISTS `social_users`;

CREATE TABLE `social_users` (
  `id` int NOT NULL AUTO_INCREMENT,
  `name` varchar(50) DEFAULT NULL,
  `email` varchar(50) NOT NULL,
  `platform_type` varchar(100) DEFAULT NULL,
  `platform_id` varchar(100) DEFAULT NULL,
  `deletedAt` datetime DEFAULT NULL,
  `createdAt` datetime NOT NULL,
  `updatedAt` datetime NOT NULL,
  PRIMARY KEY (`id`)
) ENGINE=InnoDB AUTO_INCREMENT=12 DEFAULT CHARSET=utf8mb4 COLLATE=utf8mb4_0900_ai_ci;

/*Data for the table `social_users` */

insert  into `social_users`(`id`,`name`,`email`,`platform_type`,`platform_id`,`deletedAt`,`createdAt`,`updatedAt`) values (1,'Muhammad Junaid','junaidmuhammad2002@gmail.com','google','F3RDWKjFJOcW9EF7e332EUZj9b82',NULL,'2025-01-08 11:42:32','2025-01-08 11:42:32'),(2,'Support 1','support1@trangotech.com','google','xBjSBHR2cOTNSpYMHEr5Y0oxv372',NULL,'2025-01-15 09:12:05','2025-01-15 09:12:05'),(3,'m junaid','m.junaid@trangotech.com','google','TuJi3TXx3OQLf3eUDrk6VYLChZF3',NULL,'2025-01-15 16:37:13','2025-01-15 16:37:13'),(4,'admin TrangoTech','admin@mundotango.life','google','k4oiqBswqvebRSGO0Qm1rtvRNxi1',NULL,'2025-01-22 07:02:28','2025-01-22 07:02:28'),(5,'Syed Shaheer Aamir','syed.shaheer@trangotech.com','google','jlZ01HkHqWf04X0rUtXVpW8ADyU2',NULL,'2025-02-04 11:39:33','2025-02-04 11:39:33'),(6,'Saad Ameer','saad.ameer@trangotech.com','google','jNEdgtEbHeMGxpvbPnXRVlwqWE23',NULL,'2025-02-04 20:42:22','2025-02-04 20:42:22'),(7,'Scott Boddye','scott@boddye.com','google','qDl66xOeDZgx10VV53fBgi6t70H2',NULL,'2025-02-12 20:16:52','2025-02-12 20:16:52'),(8,'Faaiz Hassan','faaiz.hassan@trangotech.com','google','ISnvj6Kgo4hAOAcDXCiSVkNih662',NULL,'2025-02-14 14:17:02','2025-02-14 14:17:02'),(9,'Scott Boddye','sboddye@gmail.com','google','on5uIzNbldcUOPwDXl8WVuIBFOG2',NULL,'2025-02-14 20:14:29','2025-02-14 20:14:29'),(10,'Pacho Georgiev','pacho2ge@gmail.com','google','yvKpndUARMbj4ZolCZSjIOQVd5s1',NULL,'2025-02-18 07:13:28','2025-02-18 07:13:28'),(11,'syed shaheer','syedshaheer0331@gmail.com','google','cZfLyo4K2Pc8aLVlF3T0KT9Aj0r1',NULL,'2025-03-15 10:10:49','2025-03-15 10:10:49');

/*Table structure for table `subscriptions` */

DROP TABLE IF EXISTS `subscriptions`;

CREATE TABLE `subscriptions` (
  `id` int NOT NULL AUTO_INCREMENT,
  `name` varchar(255) NOT NULL,
  `description` text,
  `stripe_price_id` varchar(255) NOT NULL,
  `amount` float NOT NULL DEFAULT '0',
  `duration` int NOT NULL COMMENT 'in months',
  `status` enum('active','inactive') DEFAULT 'active',
  `createdAt` datetime NOT NULL,
  `updatedAt` datetime NOT NULL,
  `deletedAt` datetime DEFAULT NULL,
  PRIMARY KEY (`id`)
) ENGINE=InnoDB AUTO_INCREMENT=3 DEFAULT CHARSET=utf8mb4 COLLATE=utf8mb4_0900_ai_ci;

/*Data for the table `subscriptions` */

insert  into `subscriptions`(`id`,`name`,`description`,`stripe_price_id`,`amount`,`duration`,`status`,`createdAt`,`updatedAt`,`deletedAt`) values (1,'smtp.com','bi-directional','32aerwrsdd',500,2,'active','2025-01-08 06:40:14','2025-01-08 06:40:14','2025-01-08 06:40:14'),(2,'Member','fault-tolerant','price_1R6bdrPWgXkvbq8n1jYpsAnb',5,1,'active','2025-01-08 06:40:15','2025-01-08 06:40:15',NULL);

/*Table structure for table `tango_activities` */

DROP TABLE IF EXISTS `tango_activities`;

CREATE TABLE `tango_activities` (
  `id` int NOT NULL AUTO_INCREMENT,
  `user_id` int NOT NULL,
  `teacher_at` datetime DEFAULT NULL,
  `dj_at` datetime DEFAULT NULL,
  `photographer_at` datetime DEFAULT NULL,
  `host_at` datetime DEFAULT NULL,
  `organizer_at` datetime DEFAULT NULL,
  `creator_at` datetime DEFAULT NULL,
  `performer_at` datetime DEFAULT NULL,
  `tour_operator_at` datetime DEFAULT NULL,
  `other` text,
  `social_dancer` tinyint(1) DEFAULT NULL,
  `createdAt` datetime NOT NULL,
  `updatedAt` datetime NOT NULL,
  `deletedAt` datetime DEFAULT NULL,
  PRIMARY KEY (`id`),
  KEY `user_id` (`user_id`),
  CONSTRAINT `tango_activities_ibfk_1` FOREIGN KEY (`user_id`) REFERENCES `users` (`id`) ON DELETE CASCADE ON UPDATE CASCADE
) ENGINE=InnoDB AUTO_INCREMENT=29 DEFAULT CHARSET=utf8mb4 COLLATE=utf8mb4_0900_ai_ci;

/*Data for the table `tango_activities` */

insert  into `tango_activities`(`id`,`user_id`,`teacher_at`,`dj_at`,`photographer_at`,`host_at`,`organizer_at`,`creator_at`,`performer_at`,`tour_operator_at`,`other`,`social_dancer`,`createdAt`,`updatedAt`,`deletedAt`) values (1,14,'2024-05-16 00:00:00','2025-01-16 00:00:00','2025-01-16 00:00:00','2025-01-16 00:00:00','2025-01-16 00:00:00','2025-01-16 00:00:00','2025-01-16 00:00:00','2025-01-16 00:00:00','tryte',1,'2025-01-16 18:23:54','2025-01-16 18:23:54','2025-03-14 19:44:34'),(2,3,'2024-05-13 00:00:00','2024-05-13 05:00:00','2024-05-13 05:00:00','2024-05-13 05:00:00','2024-05-13 05:00:00','2024-05-13 05:00:00','2024-05-13 05:00:00','2024-05-13 05:00:00','text string',1,'2025-01-17 04:24:46','2025-01-17 05:32:34',NULL),(3,7,'2014-04-21 00:00:00','2010-01-06 00:00:00','1995-04-14 00:00:00','1984-12-27 00:00:00','1979-06-10 00:00:00','2015-02-25 00:00:00','1979-04-10 00:00:00','1990-12-28 00:00:00','Proident fuga Sunt',1,'2025-01-17 11:08:01','2025-02-20 09:06:22',NULL),(4,12,NULL,NULL,NULL,NULL,NULL,NULL,NULL,NULL,NULL,NULL,'2025-01-17 13:50:07','2025-01-28 12:00:35',NULL),(5,10,NULL,NULL,NULL,NULL,NULL,NULL,NULL,'2000-12-28 00:00:00',NULL,NULL,'2025-01-17 19:02:57','2025-02-21 17:39:16',NULL),(6,17,NULL,NULL,NULL,NULL,NULL,NULL,NULL,NULL,NULL,1,'2025-01-22 07:23:19','2025-01-22 07:24:36',NULL),(7,13,NULL,NULL,NULL,NULL,NULL,NULL,NULL,NULL,'Sunt fugit ',1,'2025-01-30 11:27:31','2025-02-20 12:53:54',NULL),(8,20,'2018-03-24 00:00:00','2008-12-27 00:00:00','2018-02-03 00:00:00','2017-09-13 00:00:00','1974-10-24 00:00:00','2018-05-13 00:00:00','1995-12-10 00:00:00','1991-09-16 00:00:00','Qui aliquid aperiam ',1,'2025-02-07 13:22:51','2025-02-07 13:23:14',NULL),(9,11,NULL,NULL,NULL,'2025-02-17 00:00:00',NULL,NULL,NULL,NULL,NULL,NULL,'2025-02-07 14:56:05','2025-02-19 09:14:48',NULL),(10,25,NULL,NULL,NULL,'2025-02-25 00:00:00',NULL,'2025-02-18 00:00:00',NULL,NULL,NULL,1,'2025-02-07 15:21:57','2025-02-07 15:21:57',NULL),(11,16,'2025-02-09 00:00:00','2025-02-09 00:00:00','2025-02-09 00:00:00','2025-02-09 00:00:00','2025-02-09 00:00:00','2025-02-09 00:00:00','2025-02-09 00:00:00','2025-02-09 00:00:00',NULL,NULL,'2025-02-09 21:43:51','2025-02-09 21:43:51',NULL),(12,26,NULL,NULL,NULL,NULL,NULL,NULL,NULL,NULL,NULL,NULL,'2025-02-09 22:07:50','2025-02-09 22:07:50','2025-02-26 06:49:41'),(13,19,NULL,NULL,NULL,NULL,NULL,NULL,NULL,NULL,'dsfsdf',1,'2025-02-13 06:45:19','2025-02-25 09:20:07','2025-02-26 07:09:17'),(14,29,NULL,NULL,'2025-02-14 00:00:00',NULL,NULL,NULL,NULL,NULL,NULL,NULL,'2025-02-14 20:16:47','2025-02-14 20:16:47',NULL),(15,30,'2025-01-27 00:00:00',NULL,NULL,NULL,NULL,NULL,NULL,NULL,'None',NULL,'2025-02-14 21:15:11','2025-02-14 21:15:11',NULL),(16,31,'2018-05-18 00:00:00',NULL,NULL,NULL,NULL,NULL,'2022-06-26 00:00:00','2018-01-18 00:00:00',NULL,NULL,'2025-02-18 07:27:47','2025-02-18 07:27:47',NULL),(17,22,NULL,NULL,NULL,NULL,NULL,NULL,NULL,NULL,NULL,NULL,'2025-02-19 17:30:46','2025-02-19 17:31:00',NULL),(18,32,NULL,NULL,NULL,NULL,NULL,NULL,NULL,NULL,NULL,NULL,'2025-02-21 17:43:13','2025-02-21 17:43:13','2025-02-26 07:08:25'),(19,33,NULL,NULL,NULL,NULL,NULL,NULL,NULL,NULL,'Minus ullam sint qui',NULL,'2025-02-26 07:11:51','2025-02-26 07:11:51',NULL),(20,34,'2025-03-02 00:00:00','2025-03-02 00:00:00','2025-03-02 00:00:00','2025-03-02 00:00:00','2025-03-02 00:00:00','2025-03-02 00:00:00','2025-03-02 00:00:00','2025-03-02 00:00:00',NULL,NULL,'2025-03-02 15:06:24','2025-03-02 15:06:24','2025-03-03 01:41:32'),(21,35,NULL,NULL,NULL,NULL,NULL,NULL,NULL,NULL,NULL,1,'2025-03-03 02:36:17','2025-03-03 02:36:17',NULL),(22,36,'2025-03-08 00:00:00','2025-03-08 00:00:00','2025-03-08 00:00:00','2025-03-08 00:00:00','2025-03-08 00:00:00','2025-03-08 00:00:00','2025-03-08 00:00:00','2025-03-15 00:00:00',NULL,NULL,'2025-03-08 21:01:19','2025-03-08 21:01:19',NULL),(23,37,'2025-03-09 00:00:00','2025-03-09 00:00:00','2025-03-09 00:00:00','2025-03-09 00:00:00','2025-03-09 00:00:00','2025-03-09 00:00:00','2025-03-09 00:00:00','2025-03-09 00:00:00',NULL,NULL,'2025-03-09 17:18:28','2025-03-09 17:18:28',NULL),(24,38,'1990-02-14 00:00:00','2022-02-02 00:00:00','2008-08-13 00:00:00','1971-11-12 00:00:00','1991-05-28 00:00:00','2007-10-15 00:00:00','1975-10-05 00:00:00','1995-04-06 00:00:00','Similique saepe cons',1,'2025-03-12 09:19:44','2025-03-14 22:13:08',NULL),(25,39,'2024-06-02 00:00:00',NULL,'2025-03-10 00:00:00',NULL,'2025-03-15 00:00:00',NULL,NULL,NULL,'none',NULL,'2025-03-14 19:55:45','2025-03-14 19:57:56','2025-03-14 22:33:38'),(26,40,'2025-03-03 00:00:00','2025-03-11 00:00:00',NULL,NULL,'2025-03-03 00:00:00',NULL,NULL,NULL,NULL,NULL,'2025-03-14 22:35:21','2025-03-14 22:35:21',NULL),(27,41,'2022-12-06 00:00:00','1984-09-23 00:00:00','1983-06-02 00:00:00','2014-02-20 00:00:00','1974-08-01 00:00:00','1979-11-26 00:00:00','1979-01-02 00:00:00','1986-06-26 00:00:00','Minim ducimus modi ',1,'2025-03-14 23:07:03','2025-03-14 23:07:03',NULL),(28,43,NULL,NULL,NULL,'2025-03-13 00:00:00',NULL,NULL,'2025-03-27 00:00:00',NULL,NULL,NULL,'2025-03-17 10:11:01','2025-03-17 10:11:01',NULL);

/*Table structure for table `teaching_experiences` */

DROP TABLE IF EXISTS `teaching_experiences`;

CREATE TABLE `teaching_experiences` (
  `id` int NOT NULL AUTO_INCREMENT,
  `user_id` int NOT NULL,
  `partner_facebook_url` varchar(255) DEFAULT NULL,
  `cities` text,
  `online_platforms` text,
  `about_tango_future` text,
  `teaching_reason` text,
  `preferred_size` int DEFAULT NULL,
  `createdAt` datetime NOT NULL,
  `updatedAt` datetime NOT NULL,
  `deletedAt` datetime DEFAULT NULL,
  PRIMARY KEY (`id`),
  KEY `user_id` (`user_id`),
  CONSTRAINT `teaching_experiences_ibfk_1` FOREIGN KEY (`user_id`) REFERENCES `users` (`id`) ON DELETE CASCADE ON UPDATE CASCADE
) ENGINE=InnoDB AUTO_INCREMENT=14 DEFAULT CHARSET=utf8mb4 COLLATE=utf8mb4_0900_ai_ci;

/*Data for the table `teaching_experiences` */

insert  into `teaching_experiences`(`id`,`user_id`,`partner_facebook_url`,`cities`,`online_platforms`,`about_tango_future`,`teaching_reason`,`preferred_size`,`createdAt`,`updatedAt`,`deletedAt`) values (1,13,'Voluptatum error lib','Encamp','Id sint amet laudan','Aperiam obcaecati ip',NULL,NULL,'2025-01-30 11:39:53','2025-02-07 12:22:15',NULL),(2,7,'https://www.youtube.com/','karachi,hyderabad,sialkot','facebook,twitter,instagram,youtube','check text','font',10,'2025-02-07 13:07:41','2025-03-14 14:40:35',NULL),(3,20,'','Abu Dhabi Municipality','',NULL,NULL,NULL,'2025-02-07 13:23:38','2025-02-07 13:23:38',NULL),(4,16,NULL,'Canillo','',NULL,NULL,NULL,'2025-02-09 21:44:57','2025-02-09 22:01:01',NULL),(5,19,NULL,'Canillo,Encamp','',NULL,NULL,NULL,'2025-02-13 06:48:01','2025-02-13 06:50:09','2025-02-26 07:09:17'),(6,30,'None','Buenos Aires','None','None','Tango dance',NULL,'2025-02-14 21:15:41','2025-02-14 21:17:14',NULL),(7,31,NULL,'Buenos Aires','',NULL,'I like to transmit the feeling of connection and flow that tango gives us.',NULL,'2025-02-18 07:29:36','2025-03-03 22:29:04',NULL),(8,34,NULL,'Canillo','',NULL,NULL,NULL,'2025-03-02 15:06:39','2025-03-02 22:39:35','2025-03-03 01:41:32'),(9,36,NULL,'Buenos Aires','',NULL,NULL,NULL,'2025-03-08 21:02:06','2025-03-08 21:08:02',NULL),(10,37,NULL,'Canillo','',NULL,NULL,NULL,'2025-03-09 17:18:50','2025-03-10 20:29:02',NULL),(11,38,'Proident aliquip et','Bani Yas City','','DMV','Shaz',NULL,'2025-03-12 09:25:35','2025-03-14 15:27:11',NULL),(12,39,'-','El Tarter,Pas de la Casa','mundotango.life','-','-',NULL,'2025-03-14 19:56:14','2025-03-14 19:56:14','2025-03-14 22:33:38'),(13,41,NULL,'Encamp','',NULL,NULL,NULL,'2025-03-14 23:07:21','2025-03-14 23:09:20',NULL);

/*Table structure for table `tour_operator_experiences` */

DROP TABLE IF EXISTS `tour_operator_experiences`;

CREATE TABLE `tour_operator_experiences` (
  `id` int NOT NULL AUTO_INCREMENT,
  `user_id` int NOT NULL,
  `cities` text,
  `website_url` varchar(255) DEFAULT NULL,
  `theme` text,
  `vendor_activities` varchar(255) DEFAULT NULL,
  `vendor_url` varchar(255) DEFAULT NULL,
  `createdAt` datetime NOT NULL,
  `updatedAt` datetime NOT NULL,
  `deletedAt` datetime DEFAULT NULL,
  PRIMARY KEY (`id`),
  KEY `user_id` (`user_id`),
  CONSTRAINT `tour_operator_experiences_ibfk_1` FOREIGN KEY (`user_id`) REFERENCES `users` (`id`) ON DELETE CASCADE ON UPDATE CASCADE
) ENGINE=InnoDB AUTO_INCREMENT=12 DEFAULT CHARSET=utf8mb4 COLLATE=utf8mb4_0900_ai_ci;

/*Data for the table `tour_operator_experiences` */

insert  into `tour_operator_experiences`(`id`,`user_id`,`cities`,`website_url`,`theme`,`vendor_activities`,`vendor_url`,`createdAt`,`updatedAt`,`deletedAt`) values (1,10,'Canillo','https://hoy-milonga.com/buenos-aires/es/milongas',NULL,NULL,NULL,'2025-01-18 03:06:23','2025-02-21 17:39:18',NULL),(2,7,'karachi,lahore,hyderabad','https://www.youtube.com/','test','test','https://www.youtube.com/','2025-02-07 13:09:28','2025-02-20 09:06:58',NULL),(3,20,'',NULL,NULL,NULL,NULL,'2025-02-07 13:35:40','2025-02-07 13:42:15',NULL),(4,16,'','','','','','2025-02-09 21:49:21','2025-02-09 21:49:21',NULL),(5,19,'','','','','','2025-02-13 06:49:45','2025-02-13 06:49:45','2025-02-26 07:09:17'),(6,31,'Sofia,Varna,La Plata,Plovdiv',NULL,'Tango, Culture, Outdoors',NULL,NULL,'2025-02-18 07:36:48','2025-03-03 22:28:31',NULL),(7,34,'','','','','','2025-03-02 15:10:03','2025-03-02 15:10:03','2025-03-03 01:41:32'),(8,36,'','','','','','2025-03-08 21:05:00','2025-03-08 21:05:00',NULL),(9,37,'','','','','','2025-03-09 17:20:07','2025-03-09 17:20:07',NULL),(10,38,'',NULL,NULL,NULL,NULL,'2025-03-12 09:26:53','2025-03-12 09:26:53',NULL),(11,41,'','','','','','2025-03-14 23:08:39','2025-03-14 23:08:39',NULL);

/*Table structure for table `transactions` */

DROP TABLE IF EXISTS `transactions`;

CREATE TABLE `transactions` (
  `id` int NOT NULL AUTO_INCREMENT,
  `user_id` int NOT NULL,
  `gateway_transaction_id` varchar(255) NOT NULL,
  `transaction_amount` float NOT NULL DEFAULT '0',
  `type` varchar(255) NOT NULL COMMENT 'debit, credit',
  `currency` varchar(255) NOT NULL,
  `status` varchar(255) NOT NULL,
  `description` text,
  `createdAt` datetime NOT NULL,
  `updatedAt` datetime NOT NULL,
  `deletedAt` datetime DEFAULT NULL,
  PRIMARY KEY (`id`),
  KEY `user_id` (`user_id`),
  CONSTRAINT `transactions_ibfk_1` FOREIGN KEY (`user_id`) REFERENCES `users` (`id`) ON DELETE CASCADE ON UPDATE CASCADE
) ENGINE=InnoDB DEFAULT CHARSET=utf8mb4 COLLATE=utf8mb4_0900_ai_ci;

/*Data for the table `transactions` */

/*Table structure for table `user_api_tokens` */

DROP TABLE IF EXISTS `user_api_tokens`;

CREATE TABLE `user_api_tokens` (
  `id` int NOT NULL AUTO_INCREMENT,
  `user_id` int NOT NULL,
  `api_token` text NOT NULL,
  `device_type` varchar(100) DEFAULT NULL,
  `device_token` text,
  `type` enum('ACCESS','RESET','INVITE') NOT NULL,
  `deletedAt` datetime DEFAULT NULL,
  `createdAt` datetime NOT NULL,
  `updatedAt` datetime NOT NULL,
  PRIMARY KEY (`id`),
  KEY `user_id` (`user_id`),
  CONSTRAINT `user_api_tokens_ibfk_1` FOREIGN KEY (`user_id`) REFERENCES `users` (`id`) ON DELETE CASCADE ON UPDATE CASCADE
) ENGINE=InnoDB AUTO_INCREMENT=484 DEFAULT CHARSET=utf8mb4 COLLATE=utf8mb4_0900_ai_ci;

/*Data for the table `user_api_tokens` */

insert  into `user_api_tokens`(`id`,`user_id`,`api_token`,`device_type`,`device_token`,`type`,`deletedAt`,`createdAt`,`updatedAt`) values (1,1,'eyJhbGciOiJIUzI1NiIsInR5cCI6IkpXVCJ9.eyJ1c2VyX2lkIjoxLCJpYXQiOjE3MzYzMTgxODIsImV4cCI6MTczNjc1MDE4MiwiaXNzIjoibWl5cWdndWNubWhpandsYndlb2FudWNwbHZ4bWV6Y3EiLCJzdWIiOiJtaXlxZ2d1Y25taGlqd2xid2VvYW51Y3BsdnhtZXpjcSIsImp0aSI6InVzZXItMSJ9.t9YXNIQpIv8Y_V03zR8Pi-TkOd4FRwfyQPNAsAXof6w','web','123','ACCESS','2025-03-19 08:26:22','2025-01-08 06:36:22','2025-03-19 08:26:22'),(2,3,'eyJhbGciOiJIUzI1NiIsInR5cCI6IkpXVCJ9.eyJ1c2VyX2lkIjozLCJpYXQiOjE3MzYzMTkxNzQsImV4cCI6MTczNjc1MTE3NCwiaXNzIjoibWl5cWdndWNubWhpandsYndlb2FudWNwbHZ4bWV6Y3EiLCJzdWIiOiJtaXlxZ2d1Y25taGlqd2xid2VvYW51Y3BsdnhtZXpjcSIsImp0aSI6InVzZXItMyJ9.3F4yqs_M0bGG7-5IbFxQD5frxSV0Z5_EC7OHK6HBxx4','web','123','ACCESS','2025-01-30 07:18:15','2025-01-08 06:52:54','2025-01-30 07:18:15'),(3,3,'eyJhbGciOiJIUzI1NiIsInR5cCI6IkpXVCJ9.eyJ1c2VyX2lkIjozLCJpYXQiOjE3MzYzMTkxODMsImV4cCI6MTczNjc1MTE4MywiaXNzIjoibWl5cWdndWNubWhpandsYndlb2FudWNwbHZ4bWV6Y3EiLCJzdWIiOiJtaXlxZ2d1Y25taGlqd2xid2VvYW51Y3BsdnhtZXpjcSIsImp0aSI6InVzZXItMyJ9.TtNFg8Eh-x67Bi336EKoLpIeDy2idqWBAHtaRP90s4w','ios','qwerty','ACCESS','2025-01-30 07:18:15','2025-01-08 06:53:03','2025-01-30 07:18:15'),(4,3,'eyJhbGciOiJIUzI1NiIsInR5cCI6IkpXVCJ9.eyJ1c2VyX2lkIjozLCJpYXQiOjE3MzYzMTkyMjksImV4cCI6MTczNjc1MTIyOSwiaXNzIjoibWl5cWdndWNubWhpandsYndlb2FudWNwbHZ4bWV6Y3EiLCJzdWIiOiJtaXlxZ2d1Y25taGlqd2xid2VvYW51Y3BsdnhtZXpjcSIsImp0aSI6InVzZXItMyJ9.RIOJXYwrOIZGsyhfPavSLlMUVZeqaqkCU1YekA5ZNyw','ios','qwerty','ACCESS','2025-01-30 07:18:15','2025-01-08 06:53:49','2025-01-30 07:18:15'),(5,4,'eyJhbGciOiJIUzI1NiIsInR5cCI6IkpXVCJ9.eyJ1c2VyX2lkIjo0LCJpYXQiOjE3MzYzMTk0ODMsImV4cCI6MTczNjc1MTQ4MywiaXNzIjoibWl5cWdndWNubWhpandsYndlb2FudWNwbHZ4bWV6Y3EiLCJzdWIiOiJtaXlxZ2d1Y25taGlqd2xid2VvYW51Y3BsdnhtZXpjcSIsImp0aSI6InVzZXItNCJ9.0K82Q4nYJuzoc8Cat3fXpImOzbwtNAM2hpZzPw64WkA','ios','qwerty','ACCESS',NULL,'2025-01-08 06:58:03','2025-01-08 06:58:03'),(6,5,'eyJhbGciOiJIUzI1NiIsInR5cCI6IkpXVCJ9.eyJ1c2VyX2lkIjo1LCJpYXQiOjE3MzYzMzY1NTIsImV4cCI6MTczNjc2ODU1MiwiaXNzIjoibWl5cWdndWNubWhpandsYndlb2FudWNwbHZ4bWV6Y3EiLCJzdWIiOiJtaXlxZ2d1Y25taGlqd2xid2VvYW51Y3BsdnhtZXpjcSIsImp0aSI6InVzZXItNSJ9.LBhUXI8aJZG7AfrItC6HNDs6BIsUZMNBsOGxAnPnRUU','web','cN4t1ewE2p6yNyOMKoNyrS:APA91bEFgiFvtiZLDBDno2PQJkBe0uWnhYgk3kUhh0-56TNjQ8IdZEbCGllXZMNoF-hYqFUHM1lj8ffth-FMVKPTL3BWqdKpy-0xy7bgI0GiKsmW7tl-ZLE','ACCESS','2025-02-15 21:52:40','2025-01-08 11:42:32','2025-02-15 21:52:40'),(7,6,'eyJhbGciOiJIUzI1NiIsInR5cCI6IkpXVCJ9.eyJ1c2VyX2lkIjo2LCJpYXQiOjE3MzYzMzc1MjksImV4cCI6MTczNjc2OTUyOSwiaXNzIjoibWl5cWdndWNubWhpandsYndlb2FudWNwbHZ4bWV6Y3EiLCJzdWIiOiJtaXlxZ2d1Y25taGlqd2xid2VvYW51Y3BsdnhtZXpjcSIsImp0aSI6InVzZXItNiJ9.ttqSqHSsHCbxZcoEmjQfoW0GFtpmwyBjJ1oBeOHSuRc','web','123','ACCESS',NULL,'2025-01-08 11:58:49','2025-01-08 11:58:49'),(8,1,'eyJhbGciOiJIUzI1NiIsInR5cCI6IkpXVCJ9.eyJ1c2VyX2lkIjoxLCJpYXQiOjE3MzY0MDEyMTEsImV4cCI6MTczNjgzMzIxMSwiaXNzIjoibWl5cWdndWNubWhpandsYndlb2FudWNwbHZ4bWV6Y3EiLCJzdWIiOiJtaXlxZ2d1Y25taGlqd2xid2VvYW51Y3BsdnhtZXpjcSIsImp0aSI6InVzZXItMSJ9.lacUUqq0J-pZ7kB4JcF4WEGgK7LtaImI7nJWv7N9HWU','web','123','ACCESS','2025-03-19 08:26:22','2025-01-09 05:40:11','2025-03-19 08:26:22'),(9,8,'eyJhbGciOiJIUzI1NiIsInR5cCI6IkpXVCJ9.eyJ1c2VyX2lkIjo4LCJpYXQiOjE3MzY0MjIwODYsImV4cCI6MTczNjg1NDA4NiwiaXNzIjoibWl5cWdndWNubWhpandsYndlb2FudWNwbHZ4bWV6Y3EiLCJzdWIiOiJtaXlxZ2d1Y25taGlqd2xid2VvYW51Y3BsdnhtZXpjcSIsImp0aSI6InVzZXItOCJ9.G5HQG9XEUpK7bnGgbGI-X2F2yjFEX6AI0fvBI27rXf4','web','123','ACCESS',NULL,'2025-01-09 11:28:06','2025-01-09 11:28:06'),(10,9,'eyJhbGciOiJIUzI1NiIsInR5cCI6IkpXVCJ9.eyJ1c2VyX2lkIjo5LCJpYXQiOjE3MzY0MjIyMTgsImV4cCI6MTczNjg1NDIxOCwiaXNzIjoibWl5cWdndWNubWhpandsYndlb2FudWNwbHZ4bWV6Y3EiLCJzdWIiOiJtaXlxZ2d1Y25taGlqd2xid2VvYW51Y3BsdnhtZXpjcSIsImp0aSI6InVzZXItOSJ9.-H2BI9NNIRb62zwg-B6OFeeAbiTchKsF56_EPGSQqzg','web','123','ACCESS','2025-03-07 20:33:30','2025-01-09 11:30:18','2025-03-07 20:33:30'),(11,1,'eyJhbGciOiJIUzI1NiIsInR5cCI6IkpXVCJ9.eyJ1c2VyX2lkIjoxLCJpYXQiOjE3MzY0MjIzMDQsImV4cCI6MTczNjg1NDMwNCwiaXNzIjoibWl5cWdndWNubWhpandsYndlb2FudWNwbHZ4bWV6Y3EiLCJzdWIiOiJtaXlxZ2d1Y25taGlqd2xid2VvYW51Y3BsdnhtZXpjcSIsImp0aSI6InVzZXItMSJ9.2xH4-9gcLNnAgAFMtfeZvm8AKrvW1ox6heiUDje8zFc','web','123','ACCESS','2025-03-19 08:26:22','2025-01-09 11:31:44','2025-03-19 08:26:22'),(12,1,'eyJhbGciOiJIUzI1NiIsInR5cCI6IkpXVCJ9.eyJ1c2VyX2lkIjoxLCJpYXQiOjE3MzY3OTkyNzYsImV4cCI6MTczNzIzMTI3NiwiaXNzIjoibWl5cWdndWNubWhpandsYndlb2FudWNwbHZ4bWV6Y3EiLCJzdWIiOiJtaXlxZ2d1Y25taGlqd2xid2VvYW51Y3BsdnhtZXpjcSIsImp0aSI6InVzZXItMSJ9.WGI74tXUX-RhTUVpIUtz-uFgOcvwTt1Y2VK6Kos4wIU','web','123','ACCESS','2025-03-19 08:26:22','2025-01-13 20:14:36','2025-03-19 08:26:22'),(13,9,'eyJhbGciOiJIUzI1NiIsInR5cCI6IkpXVCJ9.eyJ1c2VyX2lkIjo5LCJpYXQiOjE3MzY3OTkzMDUsImV4cCI6MTczNzIzMTMwNSwiaXNzIjoibWl5cWdndWNubWhpandsYndlb2FudWNwbHZ4bWV6Y3EiLCJzdWIiOiJtaXlxZ2d1Y25taGlqd2xid2VvYW51Y3BsdnhtZXpjcSIsImp0aSI6InVzZXItOSJ9.VWZSMyR8Ql1dp0rRl4h8pm4mmchBJ3yc0dIrhX_r_nA','web','123123','ACCESS','2025-03-07 20:33:30','2025-01-13 20:15:05','2025-03-07 20:33:30'),(14,1,'eyJhbGciOiJIUzI1NiIsInR5cCI6IkpXVCJ9.eyJ1c2VyX2lkIjoxLCJpYXQiOjE3MzY4NjQ1NjUsImV4cCI6MTczNzI5NjU2NSwiaXNzIjoibWl5cWdndWNubWhpandsYndlb2FudWNwbHZ4bWV6Y3EiLCJzdWIiOiJtaXlxZ2d1Y25taGlqd2xid2VvYW51Y3BsdnhtZXpjcSIsImp0aSI6InVzZXItMSJ9.bAncL9YyACgSrhtpovdd0M2lCPv9HnTCyyPmL8_gFkk','web','123','ACCESS','2025-03-19 08:26:22','2025-01-14 14:22:45','2025-03-19 08:26:22'),(15,10,'eyJhbGciOiJIUzI1NiIsInR5cCI6IkpXVCJ9.eyJ1c2VyX2lkIjoxMCwiaWF0IjoxNzM2ODY0NTkxLCJleHAiOjE3MzcyOTY1OTEsImlzcyI6Im1peXFnZ3Vjbm1oaWp3bGJ3ZW9hbnVjcGx2eG1lemNxIiwic3ViIjoibWl5cWdndWNubWhpandsYndlb2FudWNwbHZ4bWV6Y3EiLCJqdGkiOiJ1c2VyLTEwIn0.PGVuTKHlEfvDlebKhPhggo9gXZrqSGih9HuKWirCYyU','web','123','ACCESS','2025-03-27 20:00:13','2025-01-14 14:23:11','2025-03-27 20:00:13'),(16,1,'eyJhbGciOiJIUzI1NiIsInR5cCI6IkpXVCJ9.eyJ1c2VyX2lkIjoxLCJpYXQiOjE3MzY5MTkxNjgsImV4cCI6MTczNzM1MTE2OCwiaXNzIjoibWl5cWdndWNubWhpandsYndlb2FudWNwbHZ4bWV6Y3EiLCJzdWIiOiJtaXlxZ2d1Y25taGlqd2xid2VvYW51Y3BsdnhtZXpjcSIsImp0aSI6InVzZXItMSJ9.S2Onb30AtbUcrmKT9vH0fOBwXhnrJED8WjtTTNAwiLo','web','123','ACCESS','2025-03-19 08:26:22','2025-01-15 05:32:48','2025-03-19 08:26:22'),(17,11,'eyJhbGciOiJIUzI1NiIsInR5cCI6IkpXVCJ9.eyJ1c2VyX2lkIjoxMSwiaWF0IjoxNzM2OTMyMzI1LCJleHAiOjE3MzczNjQzMjUsImlzcyI6Im1peXFnZ3Vjbm1oaWp3bGJ3ZW9hbnVjcGx2eG1lemNxIiwic3ViIjoibWl5cWdndWNubWhpandsYndlb2FudWNwbHZ4bWV6Y3EiLCJqdGkiOiJ1c2VyLTExIn0.wswjOzj_iKIU1xFbuRxs8INpgXsCBByvH9EsxZyPcD4','web','fwpf7cjc98f2bW4BvVYt0n:APA91bGz557mxiiAkT_IWC6qvAlTrY69mJU9l5RqogeY9Uqta_knGBPTFqeLxTLkk9gc_wqzgzq6uJUj49it4KhL6UBU_DTV8qtReoPd9YcKC_cUOi06ATs','ACCESS','2025-03-12 10:16:24','2025-01-15 09:12:05','2025-03-12 10:16:24'),(18,11,'eyJhbGciOiJIUzI1NiIsInR5cCI6IkpXVCJ9.eyJ1c2VyX2lkIjoxMSwiaWF0IjoxNzM2OTMyNTQ1LCJleHAiOjE3MzczNjQ1NDUsImlzcyI6Im1peXFnZ3Vjbm1oaWp3bGJ3ZW9hbnVjcGx2eG1lemNxIiwic3ViIjoibWl5cWdndWNubWhpandsYndlb2FudWNwbHZ4bWV6Y3EiLCJqdGkiOiJ1c2VyLTExIn0.gyoIgVJzngxu6GLFEUV21tZC_dXwLTlPGRfBljDoo_U','web','fwpf7cjc98f2bW4BvVYt0n:APA91bGz557mxiiAkT_IWC6qvAlTrY69mJU9l5RqogeY9Uqta_knGBPTFqeLxTLkk9gc_wqzgzq6uJUj49it4KhL6UBU_DTV8qtReoPd9YcKC_cUOi06ATs','ACCESS','2025-03-12 10:16:24','2025-01-15 09:15:45','2025-03-12 10:16:24'),(19,12,'eyJhbGciOiJIUzI1NiIsInR5cCI6IkpXVCJ9.eyJ1c2VyX2lkIjoxMiwiaWF0IjoxNzM2OTQ2NzY5LCJleHAiOjE3MzczNzg3NjksImlzcyI6Im1peXFnZ3Vjbm1oaWp3bGJ3ZW9hbnVjcGx2eG1lemNxIiwic3ViIjoibWl5cWdndWNubWhpandsYndlb2FudWNwbHZ4bWV6Y3EiLCJqdGkiOiJ1c2VyLTEyIn0.NZ99cyKsjeO8BaRS6EBr2o5NuqodWexLuL8TaMQUnhw','web','123','ACCESS','2025-02-07 11:41:18','2025-01-15 13:12:49','2025-02-07 11:41:18'),(20,7,'eyJhbGciOiJIUzI1NiIsInR5cCI6IkpXVCJ9.eyJ1c2VyX2lkIjo3LCJpYXQiOjE3MzY5NTE5ODUsImV4cCI6MTczNzM4Mzk4NSwiaXNzIjoibWl5cWdndWNubWhpandsYndlb2FudWNwbHZ4bWV6Y3EiLCJzdWIiOiJtaXlxZ2d1Y25taGlqd2xid2VvYW51Y3BsdnhtZXpjcSIsImp0aSI6InVzZXItNyJ9.0MSsQoi9iKST_1btClTo4YjufgcEkCfSoSD657D1SLo','web','123','ACCESS','2025-03-28 18:44:36','2025-01-15 14:39:45','2025-03-28 18:44:36'),(21,13,'eyJhbGciOiJIUzI1NiIsInR5cCI6IkpXVCJ9.eyJ1c2VyX2lkIjoxMywiaWF0IjoxNzM2OTU5MDMzLCJleHAiOjE3MzczOTEwMzMsImlzcyI6Im1peXFnZ3Vjbm1oaWp3bGJ3ZW9hbnVjcGx2eG1lemNxIiwic3ViIjoibWl5cWdndWNubWhpandsYndlb2FudWNwbHZ4bWV6Y3EiLCJqdGkiOiJ1c2VyLTEzIn0.p6RbDG3qqVleu6ufKUJd-f6DT60Q8QJUETlf04J_FZ4','web','123','ACCESS','2025-02-27 10:10:47','2025-01-15 16:37:13','2025-02-27 10:10:47'),(22,13,'eyJhbGciOiJIUzI1NiIsInR5cCI6IkpXVCJ9.eyJ1c2VyX2lkIjoxMywiaWF0IjoxNzM2OTU5MDU2LCJleHAiOjE3MzczOTEwNTYsImlzcyI6Im1peXFnZ3Vjbm1oaWp3bGJ3ZW9hbnVjcGx2eG1lemNxIiwic3ViIjoibWl5cWdndWNubWhpandsYndlb2FudWNwbHZ4bWV6Y3EiLCJqdGkiOiJ1c2VyLTEzIn0.CM_C7DH6fARAwqfuBtQRr5BEpWh48PjfbLqMO6FYSEQ','web',NULL,'ACCESS','2025-02-27 10:10:47','2025-01-15 16:37:36','2025-02-27 10:10:47'),(23,1,'eyJhbGciOiJIUzI1NiIsInR5cCI6IkpXVCJ9.eyJ1c2VyX2lkIjoxLCJpYXQiOjE3MzY5NjgzNjIsImV4cCI6MTczNzQwMDM2MiwiaXNzIjoibWl5cWdndWNubWhpandsYndlb2FudWNwbHZ4bWV6Y3EiLCJzdWIiOiJtaXlxZ2d1Y25taGlqd2xid2VvYW51Y3BsdnhtZXpjcSIsImp0aSI6InVzZXItMSJ9.LEC-6Ub62Nlz_QRV1SqVkAk4Ae4QYILn1MCQLI2aGpQ','web','123','ACCESS','2025-03-19 08:26:22','2025-01-15 19:12:42','2025-03-19 08:26:22'),(24,14,'eyJhbGciOiJIUzI1NiIsInR5cCI6IkpXVCJ9.eyJ1c2VyX2lkIjoxNCwiaWF0IjoxNzM2OTY5ODU2LCJleHAiOjE3Mzc0MDE4NTYsImlzcyI6Im1peXFnZ3Vjbm1oaWp3bGJ3ZW9hbnVjcGx2eG1lemNxIiwic3ViIjoibWl5cWdndWNubWhpandsYndlb2FudWNwbHZ4bWV6Y3EiLCJqdGkiOiJ1c2VyLTE0In0.dxENw_ycRAVIOl2yZ4ebLeeb1VJD4r-11-l8s98ivas','web','123','ACCESS',NULL,'2025-01-15 19:37:36','2025-01-15 19:37:36'),(25,12,'eyJhbGciOiJIUzI1NiIsInR5cCI6IkpXVCJ9.eyJ1c2VyX2lkIjoxMiwiaWF0IjoxNzM3MDM5OTQxLCJleHAiOjE3Mzc0NzE5NDEsImlzcyI6Im1peXFnZ3Vjbm1oaWp3bGJ3ZW9hbnVjcGx2eG1lemNxIiwic3ViIjoibWl5cWdndWNubWhpandsYndlb2FudWNwbHZ4bWV6Y3EiLCJqdGkiOiJ1c2VyLTEyIn0.MaJulgksZ04U8zslpKPY2Dvyg8FD8YN-hTreNW7g96M','web','123123','ACCESS','2025-02-07 11:41:18','2025-01-16 15:05:41','2025-02-07 11:41:18'),(26,12,'eyJhbGciOiJIUzI1NiIsInR5cCI6IkpXVCJ9.eyJ1c2VyX2lkIjoxMiwiaWF0IjoxNzM3MDM5OTU4LCJleHAiOjE3Mzc0NzE5NTgsImlzcyI6Im1peXFnZ3Vjbm1oaWp3bGJ3ZW9hbnVjcGx2eG1lemNxIiwic3ViIjoibWl5cWdndWNubWhpandsYndlb2FudWNwbHZ4bWV6Y3EiLCJqdGkiOiJ1c2VyLTEyIn0.U17HKlMk_yK94aaOKvCqAOtAm88lusoXlz5tqoVEOqM','web','123123','ACCESS','2025-02-07 11:41:18','2025-01-16 15:05:58','2025-02-07 11:41:18'),(27,12,'eyJhbGciOiJIUzI1NiIsInR5cCI6IkpXVCJ9.eyJ1c2VyX2lkIjoxMiwiaWF0IjoxNzM3MDQyMDg1LCJleHAiOjE3Mzc0NzQwODUsImlzcyI6Im1peXFnZ3Vjbm1oaWp3bGJ3ZW9hbnVjcGx2eG1lemNxIiwic3ViIjoibWl5cWdndWNubWhpandsYndlb2FudWNwbHZ4bWV6Y3EiLCJqdGkiOiJ1c2VyLTEyIn0.VgnETcixxeD4xdZ5GaqMGJ7cIemDKi3QUA0ZQ8oVJII','web','123123','ACCESS','2025-02-07 11:41:18','2025-01-16 15:41:25','2025-02-07 11:41:18'),(28,15,'eyJhbGciOiJIUzI1NiIsInR5cCI6IkpXVCJ9.eyJ1c2VyX2lkIjoxNSwiaWF0IjoxNzM3MDQyMjM5LCJleHAiOjE3Mzc0NzQyMzksImlzcyI6Im1peXFnZ3Vjbm1oaWp3bGJ3ZW9hbnVjcGx2eG1lemNxIiwic3ViIjoibWl5cWdndWNubWhpandsYndlb2FudWNwbHZ4bWV6Y3EiLCJqdGkiOiJ1c2VyLTE1In0.3HL_2RzQChv6m4la7IElLmC_-AQPqolfYoozkOuy9aQ','web','123','ACCESS',NULL,'2025-01-16 15:43:59','2025-01-16 15:43:59'),(29,13,'eyJhbGciOiJIUzI1NiIsInR5cCI6IkpXVCJ9.eyJ1c2VyX2lkIjoxMywiaWF0IjoxNzM3MDQ1ODY3LCJleHAiOjE3Mzc0Nzc4NjcsImlzcyI6Im1peXFnZ3Vjbm1oaWp3bGJ3ZW9hbnVjcGx2eG1lemNxIiwic3ViIjoibWl5cWdndWNubWhpandsYndlb2FudWNwbHZ4bWV6Y3EiLCJqdGkiOiJ1c2VyLTEzIn0.22l-QJxNQhJbjSNtw3yCCS_tvyv-u8eGiCjdJ2_bcls','web','c1BJaFaVqwF5us0t6tLSTB:APA91bF7MzxpdVCdPbRtXU9LUfNbumqecbc3-77pI7sqymKwMxXi_BQwwSaxlBwzbkKDnYhqngwnQhmg2BijiaDilTJfawFygt62Z4_D0B6dcgG1f13fWMI','ACCESS','2025-02-27 10:10:47','2025-01-16 16:44:27','2025-02-27 10:10:47'),(30,3,'eyJhbGciOiJIUzI1NiIsInR5cCI6IkpXVCJ9.eyJ1c2VyX2lkIjozLCJpYXQiOjE3MzcwODc4NjYsImV4cCI6MTczNzUxOTg2NiwiaXNzIjoibWl5cWdndWNubWhpandsYndlb2FudWNwbHZ4bWV6Y3EiLCJzdWIiOiJtaXlxZ2d1Y25taGlqd2xid2VvYW51Y3BsdnhtZXpjcSIsImp0aSI6InVzZXItMyJ9.NDV_Jojf33MydHcTKh7t1jkmcqpkjNNtrRFeIoKWDVQ','ios','qwerty','ACCESS','2025-01-30 07:18:15','2025-01-17 04:24:26','2025-01-30 07:18:15'),(31,3,'eyJhbGciOiJIUzI1NiIsInR5cCI6IkpXVCJ9.eyJ1c2VyX2lkIjozLCJpYXQiOjE3MzcwOTI2MTUsImV4cCI6MTczNzUyNDYxNSwiaXNzIjoibWl5cWdndWNubWhpandsYndlb2FudWNwbHZ4bWV6Y3EiLCJzdWIiOiJtaXlxZ2d1Y25taGlqd2xid2VvYW51Y3BsdnhtZXpjcSIsImp0aSI6InVzZXItMyJ9.blhJgSXzHPzDHT1JMzKyiBDL9T2J7MyXdLKnLHjWpY8','ios','qwerty','ACCESS','2025-01-30 07:18:15','2025-01-17 05:43:35','2025-01-30 07:18:15'),(32,7,'eyJhbGciOiJIUzI1NiIsInR5cCI6IkpXVCJ9.eyJ1c2VyX2lkIjo3LCJpYXQiOjE3MzcxMDQzODAsImV4cCI6MTczNzUzNjM4MCwiaXNzIjoibWl5cWdndWNubWhpandsYndlb2FudWNwbHZ4bWV6Y3EiLCJzdWIiOiJtaXlxZ2d1Y25taGlqd2xid2VvYW51Y3BsdnhtZXpjcSIsImp0aSI6InVzZXItNyJ9.sWjELvRyoCHKJ1Lg1U-TmH_2z6L2v0TREMVAO-S1Yjo','web','123123','ACCESS','2025-03-28 18:44:36','2025-01-17 08:59:40','2025-03-28 18:44:36'),(33,7,'eyJhbGciOiJIUzI1NiIsInR5cCI6IkpXVCJ9.eyJ1c2VyX2lkIjo3LCJpYXQiOjE3MzcxMTE5NjIsImV4cCI6MTczNzU0Mzk2MiwiaXNzIjoibWl5cWdndWNubWhpandsYndlb2FudWNwbHZ4bWV6Y3EiLCJzdWIiOiJtaXlxZ2d1Y25taGlqd2xid2VvYW51Y3BsdnhtZXpjcSIsImp0aSI6InVzZXItNyJ9.oRe0d6PVlpC3b2NYmGM5UnzbeaIoc5gnctZxHmCHCFI','web','123123','ACCESS','2025-03-28 18:44:36','2025-01-17 11:06:02','2025-03-28 18:44:36'),(34,12,'eyJhbGciOiJIUzI1NiIsInR5cCI6IkpXVCJ9.eyJ1c2VyX2lkIjoxMiwiaWF0IjoxNzM3MTIxNzgyLCJleHAiOjE3Mzc1NTM3ODIsImlzcyI6Im1peXFnZ3Vjbm1oaWp3bGJ3ZW9hbnVjcGx2eG1lemNxIiwic3ViIjoibWl5cWdndWNubWhpandsYndlb2FudWNwbHZ4bWV6Y3EiLCJqdGkiOiJ1c2VyLTEyIn0.ULy_wl5DJIuAIAEfA8IEpHLgVRFh_B1o0AoWPCUlwx0','web','123123','ACCESS','2025-02-07 11:41:18','2025-01-17 13:49:42','2025-02-07 11:41:18'),(35,10,'eyJhbGciOiJIUzI1NiIsInR5cCI6IkpXVCJ9.eyJ1c2VyX2lkIjoxMCwiaWF0IjoxNzM3MTQ0Njk5LCJleHAiOjE3Mzc1NzY2OTksImlzcyI6Im1peXFnZ3Vjbm1oaWp3bGJ3ZW9hbnVjcGx2eG1lemNxIiwic3ViIjoibWl5cWdndWNubWhpandsYndlb2FudWNwbHZ4bWV6Y3EiLCJqdGkiOiJ1c2VyLTEwIn0.kqlEc-Q-DX84C1dOdxj-S-Gil9EhbmFT1qTiy0oat68','web','123','RESET','2025-03-27 20:00:13','2025-01-17 20:11:39','2025-03-27 20:00:13'),(36,10,'eyJhbGciOiJIUzI1NiIsInR5cCI6IkpXVCJ9.eyJ1c2VyX2lkIjoxMCwiaWF0IjoxNzM3MTQ0NzEzLCJleHAiOjE3Mzc1NzY3MTMsImlzcyI6Im1peXFnZ3Vjbm1oaWp3bGJ3ZW9hbnVjcGx2eG1lemNxIiwic3ViIjoibWl5cWdndWNubWhpandsYndlb2FudWNwbHZ4bWV6Y3EiLCJqdGkiOiJ1c2VyLTEwIn0.Wn5-sI6WlSoW-dyaIu3QLzzkKNM8-OHvcb4DXze72_c','web','123123','ACCESS','2025-03-27 20:00:13','2025-01-17 20:11:53','2025-03-27 20:00:13'),(37,10,'eyJhbGciOiJIUzI1NiIsInR5cCI6IkpXVCJ9.eyJ1c2VyX2lkIjoxMCwiaWF0IjoxNzM3MTQ0NzI1LCJleHAiOjE3Mzc1NzY3MjUsImlzcyI6Im1peXFnZ3Vjbm1oaWp3bGJ3ZW9hbnVjcGx2eG1lemNxIiwic3ViIjoibWl5cWdndWNubWhpandsYndlb2FudWNwbHZ4bWV6Y3EiLCJqdGkiOiJ1c2VyLTEwIn0.ycX3_FN1qRBZMMyMd32jDc1GIE3cvrPmAnhGqGDmpYc','web','123123','ACCESS','2025-03-27 20:00:13','2025-01-17 20:12:05','2025-03-27 20:00:13'),(38,10,'eyJhbGciOiJIUzI1NiIsInR5cCI6IkpXVCJ9.eyJ1c2VyX2lkIjoxMCwiaWF0IjoxNzM3MTY5NjIzLCJleHAiOjE3Mzc2MDE2MjMsImlzcyI6Im1peXFnZ3Vjbm1oaWp3bGJ3ZW9hbnVjcGx2eG1lemNxIiwic3ViIjoibWl5cWdndWNubWhpandsYndlb2FudWNwbHZ4bWV6Y3EiLCJqdGkiOiJ1c2VyLTEwIn0.UwwUPF5q-KBSc0lVbKl4K-9XBboBcOuoS7WiMvsW9W8','web','123123','ACCESS','2025-03-27 20:00:13','2025-01-18 03:07:03','2025-03-27 20:00:13'),(39,10,'eyJhbGciOiJIUzI1NiIsInR5cCI6IkpXVCJ9.eyJ1c2VyX2lkIjoxMCwiaWF0IjoxNzM3MTY5OTM0LCJleHAiOjE3Mzc2MDE5MzQsImlzcyI6Im1peXFnZ3Vjbm1oaWp3bGJ3ZW9hbnVjcGx2eG1lemNxIiwic3ViIjoibWl5cWdndWNubWhpandsYndlb2FudWNwbHZ4bWV6Y3EiLCJqdGkiOiJ1c2VyLTEwIn0.M6nGO2wpbGQov2eV6Nk1qqETzUjj-ZwRvWoBBvGOVaE','web','e3F0dv6I1XBaJx6a8aURLB:APA91bF1fSzXZQGT7rChwnAP1DeVXrG4g7PlxyhrThTGMu94gpIrTkga0LXMXqRmz9DyZU0QumXq7g4z0xRnDtaNCm8Bj6z4ZFSmfELWQuLFQ5TjG0NlvXU','ACCESS','2025-03-27 20:00:13','2025-01-18 03:12:14','2025-03-27 20:00:13'),(40,13,'eyJhbGciOiJIUzI1NiIsInR5cCI6IkpXVCJ9.eyJ1c2VyX2lkIjoxMywiaWF0IjoxNzM3MzY2MDc0LCJleHAiOjE3Mzc3OTgwNzQsImlzcyI6Im1peXFnZ3Vjbm1oaWp3bGJ3ZW9hbnVjcGx2eG1lemNxIiwic3ViIjoibWl5cWdndWNubWhpandsYndlb2FudWNwbHZ4bWV6Y3EiLCJqdGkiOiJ1c2VyLTEzIn0.dtLJEGP-VJLTJpn_0cejbwg3s2ucey2krm-t7ABZ6QA','web','fy-lfHYN8u3aW8od7nmFg1:APA91bH3XRN3-WPvPhOFdEaI6a6N5kwTUGCcCISjd6wOnM2IPDGPFXWyP7jRkqi-tyj6Dgxt7c-3IgLqxZqMKDp5SHcbESv3p9uBchKCQyR0jWNVdVh7O8c','ACCESS','2025-02-27 10:10:47','2025-01-20 09:41:14','2025-02-27 10:10:47'),(41,13,'eyJhbGciOiJIUzI1NiIsInR5cCI6IkpXVCJ9.eyJ1c2VyX2lkIjoxMywiaWF0IjoxNzM3MzY2OTM5LCJleHAiOjE3Mzc3OTg5MzksImlzcyI6Im1peXFnZ3Vjbm1oaWp3bGJ3ZW9hbnVjcGx2eG1lemNxIiwic3ViIjoibWl5cWdndWNubWhpandsYndlb2FudWNwbHZ4bWV6Y3EiLCJqdGkiOiJ1c2VyLTEzIn0.7aKnp-aloU0J2_A7AtERrp9hTSj4tBEn8hpPn8JXRv8','web','fy-lfHYN8u3aW8od7nmFg1:APA91bH3XRN3-WPvPhOFdEaI6a6N5kwTUGCcCISjd6wOnM2IPDGPFXWyP7jRkqi-tyj6Dgxt7c-3IgLqxZqMKDp5SHcbESv3p9uBchKCQyR0jWNVdVh7O8c','ACCESS','2025-02-27 10:10:47','2025-01-20 09:55:39','2025-02-27 10:10:47'),(42,7,'eyJhbGciOiJIUzI1NiIsInR5cCI6IkpXVCJ9.eyJ1c2VyX2lkIjo3LCJpYXQiOjE3MzczNjY5NzEsImV4cCI6MTczNzc5ODk3MSwiaXNzIjoibWl5cWdndWNubWhpandsYndlb2FudWNwbHZ4bWV6Y3EiLCJzdWIiOiJtaXlxZ2d1Y25taGlqd2xid2VvYW51Y3BsdnhtZXpjcSIsImp0aSI6InVzZXItNyJ9.aRKM0Zht58oJxfH2vaeFjKBwD5zpUixQjP42y0W6P0g','web','123123','ACCESS','2025-03-28 18:44:36','2025-01-20 09:56:11','2025-03-28 18:44:36'),(43,13,'eyJhbGciOiJIUzI1NiIsInR5cCI6IkpXVCJ9.eyJ1c2VyX2lkIjoxMywiaWF0IjoxNzM3MzY3MDE2LCJleHAiOjE3Mzc3OTkwMTYsImlzcyI6Im1peXFnZ3Vjbm1oaWp3bGJ3ZW9hbnVjcGx2eG1lemNxIiwic3ViIjoibWl5cWdndWNubWhpandsYndlb2FudWNwbHZ4bWV6Y3EiLCJqdGkiOiJ1c2VyLTEzIn0.DPm_EEnqnnxJHn-3uTis5SaTq_pHmDSb0c94VsW-Yr4','web','fy-lfHYN8u3aW8od7nmFg1:APA91bH3XRN3-WPvPhOFdEaI6a6N5kwTUGCcCISjd6wOnM2IPDGPFXWyP7jRkqi-tyj6Dgxt7c-3IgLqxZqMKDp5SHcbESv3p9uBchKCQyR0jWNVdVh7O8c','ACCESS','2025-02-27 10:10:47','2025-01-20 09:56:56','2025-02-27 10:10:47'),(44,13,'eyJhbGciOiJIUzI1NiIsInR5cCI6IkpXVCJ9.eyJ1c2VyX2lkIjoxMywiaWF0IjoxNzM3MzY3MDQ1LCJleHAiOjE3Mzc3OTkwNDUsImlzcyI6Im1peXFnZ3Vjbm1oaWp3bGJ3ZW9hbnVjcGx2eG1lemNxIiwic3ViIjoibWl5cWdndWNubWhpandsYndlb2FudWNwbHZ4bWV6Y3EiLCJqdGkiOiJ1c2VyLTEzIn0.KSbZaOaef2UDBjQ-LS8rf8pKOR23kBh_CPZDc7m9gaM','web','fy-lfHYN8u3aW8od7nmFg1:APA91bH3XRN3-WPvPhOFdEaI6a6N5kwTUGCcCISjd6wOnM2IPDGPFXWyP7jRkqi-tyj6Dgxt7c-3IgLqxZqMKDp5SHcbESv3p9uBchKCQyR0jWNVdVh7O8c','ACCESS','2025-02-27 10:10:47','2025-01-20 09:57:25','2025-02-27 10:10:47'),(45,13,'eyJhbGciOiJIUzI1NiIsInR5cCI6IkpXVCJ9.eyJ1c2VyX2lkIjoxMywiaWF0IjoxNzM3MzY3MTAxLCJleHAiOjE3Mzc3OTkxMDEsImlzcyI6Im1peXFnZ3Vjbm1oaWp3bGJ3ZW9hbnVjcGx2eG1lemNxIiwic3ViIjoibWl5cWdndWNubWhpandsYndlb2FudWNwbHZ4bWV6Y3EiLCJqdGkiOiJ1c2VyLTEzIn0.GWbAfS35DwLHy6J9pcedGGZdwT0A2vfcQyQ2er0hOdo','web','fy-lfHYN8u3aW8od7nmFg1:APA91bH3XRN3-WPvPhOFdEaI6a6N5kwTUGCcCISjd6wOnM2IPDGPFXWyP7jRkqi-tyj6Dgxt7c-3IgLqxZqMKDp5SHcbESv3p9uBchKCQyR0jWNVdVh7O8c','ACCESS','2025-02-27 10:10:47','2025-01-20 09:58:21','2025-02-27 10:10:47'),(46,13,'eyJhbGciOiJIUzI1NiIsInR5cCI6IkpXVCJ9.eyJ1c2VyX2lkIjoxMywiaWF0IjoxNzM3MzY3NDAyLCJleHAiOjE3Mzc3OTk0MDIsImlzcyI6Im1peXFnZ3Vjbm1oaWp3bGJ3ZW9hbnVjcGx2eG1lemNxIiwic3ViIjoibWl5cWdndWNubWhpandsYndlb2FudWNwbHZ4bWV6Y3EiLCJqdGkiOiJ1c2VyLTEzIn0.tcaIxHADZ3OA5zSi_TTHDk5bDga8ZPFY4MoDVk8d3Bc','web','fy-lfHYN8u3aW8od7nmFg1:APA91bH3XRN3-WPvPhOFdEaI6a6N5kwTUGCcCISjd6wOnM2IPDGPFXWyP7jRkqi-tyj6Dgxt7c-3IgLqxZqMKDp5SHcbESv3p9uBchKCQyR0jWNVdVh7O8c','ACCESS','2025-02-27 10:10:47','2025-01-20 10:03:22','2025-02-27 10:10:47'),(47,13,'eyJhbGciOiJIUzI1NiIsInR5cCI6IkpXVCJ9.eyJ1c2VyX2lkIjoxMywiaWF0IjoxNzM3MzY3NzE5LCJleHAiOjE3Mzc3OTk3MTksImlzcyI6Im1peXFnZ3Vjbm1oaWp3bGJ3ZW9hbnVjcGx2eG1lemNxIiwic3ViIjoibWl5cWdndWNubWhpandsYndlb2FudWNwbHZ4bWV6Y3EiLCJqdGkiOiJ1c2VyLTEzIn0.ME8w4tMdXmXyVrxtKIOo2t4hD50B9Ve7j-Ms1_8lZYE','web','fy-lfHYN8u3aW8od7nmFg1:APA91bH3XRN3-WPvPhOFdEaI6a6N5kwTUGCcCISjd6wOnM2IPDGPFXWyP7jRkqi-tyj6Dgxt7c-3IgLqxZqMKDp5SHcbESv3p9uBchKCQyR0jWNVdVh7O8c','ACCESS','2025-02-27 10:10:47','2025-01-20 10:08:39','2025-02-27 10:10:47'),(48,13,'eyJhbGciOiJIUzI1NiIsInR5cCI6IkpXVCJ9.eyJ1c2VyX2lkIjoxMywiaWF0IjoxNzM3MzY3NzY2LCJleHAiOjE3Mzc3OTk3NjYsImlzcyI6Im1peXFnZ3Vjbm1oaWp3bGJ3ZW9hbnVjcGx2eG1lemNxIiwic3ViIjoibWl5cWdndWNubWhpandsYndlb2FudWNwbHZ4bWV6Y3EiLCJqdGkiOiJ1c2VyLTEzIn0.BArTw_iNuUI81-ARUK69QX52qKBfgCAVT7E5deLmKn8','web','fy-lfHYN8u3aW8od7nmFg1:APA91bH3XRN3-WPvPhOFdEaI6a6N5kwTUGCcCISjd6wOnM2IPDGPFXWyP7jRkqi-tyj6Dgxt7c-3IgLqxZqMKDp5SHcbESv3p9uBchKCQyR0jWNVdVh7O8c','ACCESS','2025-02-27 10:10:47','2025-01-20 10:09:26','2025-02-27 10:10:47'),(49,13,'eyJhbGciOiJIUzI1NiIsInR5cCI6IkpXVCJ9.eyJ1c2VyX2lkIjoxMywiaWF0IjoxNzM3MzY3ODI1LCJleHAiOjE3Mzc3OTk4MjUsImlzcyI6Im1peXFnZ3Vjbm1oaWp3bGJ3ZW9hbnVjcGx2eG1lemNxIiwic3ViIjoibWl5cWdndWNubWhpandsYndlb2FudWNwbHZ4bWV6Y3EiLCJqdGkiOiJ1c2VyLTEzIn0.q8fJDq_iuYKTfjyvjXGqn5e8Npi4G4dMz32Ka3zUgSs','web','fy-lfHYN8u3aW8od7nmFg1:APA91bH3XRN3-WPvPhOFdEaI6a6N5kwTUGCcCISjd6wOnM2IPDGPFXWyP7jRkqi-tyj6Dgxt7c-3IgLqxZqMKDp5SHcbESv3p9uBchKCQyR0jWNVdVh7O8c','ACCESS','2025-02-27 10:10:47','2025-01-20 10:10:25','2025-02-27 10:10:47'),(50,13,'eyJhbGciOiJIUzI1NiIsInR5cCI6IkpXVCJ9.eyJ1c2VyX2lkIjoxMywiaWF0IjoxNzM3MzY4MTU5LCJleHAiOjE3Mzc4MDAxNTksImlzcyI6Im1peXFnZ3Vjbm1oaWp3bGJ3ZW9hbnVjcGx2eG1lemNxIiwic3ViIjoibWl5cWdndWNubWhpandsYndlb2FudWNwbHZ4bWV6Y3EiLCJqdGkiOiJ1c2VyLTEzIn0.qOoaswiBx1WyDg9MvLs4WHNFsxHf2jjqC46RC4ESc5I','web',NULL,'ACCESS','2025-02-27 10:10:47','2025-01-20 10:15:59','2025-02-27 10:10:47'),(51,13,'eyJhbGciOiJIUzI1NiIsInR5cCI6IkpXVCJ9.eyJ1c2VyX2lkIjoxMywiaWF0IjoxNzM3MzY4MjgxLCJleHAiOjE3Mzc4MDAyODEsImlzcyI6Im1peXFnZ3Vjbm1oaWp3bGJ3ZW9hbnVjcGx2eG1lemNxIiwic3ViIjoibWl5cWdndWNubWhpandsYndlb2FudWNwbHZ4bWV6Y3EiLCJqdGkiOiJ1c2VyLTEzIn0.WGG0vBtByqqc38ANkvno2HEPSRC10n6xnfjQ2wgmlxU','web','fy-lfHYN8u3aW8od7nmFg1:APA91bGiDuUgaoqfqV0lSI_DjACSSO7RDulzwzvM2lTi9s9y6xcT3sMQ67a55lai5CnB3Cvz2x7bFKjZ-EKFujGqJHvHMqtjLHrJd-J_Iq52KkFhadiMQ8E','ACCESS','2025-02-27 10:10:47','2025-01-20 10:18:01','2025-02-27 10:10:47'),(52,11,'eyJhbGciOiJIUzI1NiIsInR5cCI6IkpXVCJ9.eyJ1c2VyX2lkIjoxMSwiaWF0IjoxNzM3MzY4NTkyLCJleHAiOjE3Mzc4MDA1OTIsImlzcyI6Im1peXFnZ3Vjbm1oaWp3bGJ3ZW9hbnVjcGx2eG1lemNxIiwic3ViIjoibWl5cWdndWNubWhpandsYndlb2FudWNwbHZ4bWV6Y3EiLCJqdGkiOiJ1c2VyLTExIn0.yhrYYe0vUnXfQabdVHaWHuBYlkh8xnDvnWwU7cAUy9I','web',NULL,'ACCESS','2025-03-12 10:16:24','2025-01-20 10:23:12','2025-03-12 10:16:24'),(53,11,'eyJhbGciOiJIUzI1NiIsInR5cCI6IkpXVCJ9.eyJ1c2VyX2lkIjoxMSwiaWF0IjoxNzM3MzY4Nzg1LCJleHAiOjE3Mzc4MDA3ODUsImlzcyI6Im1peXFnZ3Vjbm1oaWp3bGJ3ZW9hbnVjcGx2eG1lemNxIiwic3ViIjoibWl5cWdndWNubWhpandsYndlb2FudWNwbHZ4bWV6Y3EiLCJqdGkiOiJ1c2VyLTExIn0.SFKuRKFEvl4aJScjuWiDXBRcfR8R0nN4JFS2MvsWzhQ','web','cswIc8to_BLmcKQjj4_XMC:APA91bEB6uxrFJTNBgkGMlAlF7NcOuT0cLvoBdsLvZZDBFkwYGKg-8Ay4OOMFXOFJruKfxtcz9z6NJOVHaoJZJQ6uakC75AuZTnlExjaOSx2iRE-qpCsMdM','ACCESS','2025-03-12 10:16:24','2025-01-20 10:26:25','2025-03-12 10:16:24'),(54,9,'eyJhbGciOiJIUzI1NiIsInR5cCI6IkpXVCJ9.eyJ1c2VyX2lkIjo5LCJpYXQiOjE3MzczODMyNjksImV4cCI6MTczNzgxNTI2OSwiaXNzIjoibWl5cWdndWNubWhpandsYndlb2FudWNwbHZ4bWV6Y3EiLCJzdWIiOiJtaXlxZ2d1Y25taGlqd2xid2VvYW51Y3BsdnhtZXpjcSIsImp0aSI6InVzZXItOSJ9.8ssAcXZzP4PDQHGl8Pxg2mMhS-vZM2oztE70xn_Js84','web','123123','ACCESS','2025-03-07 20:33:30','2025-01-20 14:27:49','2025-03-07 20:33:30'),(55,16,'eyJhbGciOiJIUzI1NiIsInR5cCI6IkpXVCJ9.eyJ1c2VyX2lkIjoxNiwiaWF0IjoxNzM3NTI5MzQ4LCJleHAiOjE3Mzc5NjEzNDgsImlzcyI6Im1peXFnZ3Vjbm1oaWp3bGJ3ZW9hbnVjcGx2eG1lemNxIiwic3ViIjoibWl5cWdndWNubWhpandsYndlb2FudWNwbHZ4bWV6Y3EiLCJqdGkiOiJ1c2VyLTE2In0.8yccGvuUhjK-x9aU3-98WOxwgBNhhbAD2NGJIrTTZF0','web','dMts0DlPRfVwG6c4GB3RrR:APA91bG7G1Oct8LETTb_Ey5Kjnyw9XK8WRonj9jDItzAOovNP9rEXlLXlJqMcF32cP8WyKn5sZui-X_wFq3AKQie5H9iaWX_WkTZ4YFlhWLyyooKS6bvnFg','ACCESS','2025-02-09 22:01:30','2025-01-22 07:02:28','2025-02-09 22:01:30'),(56,17,'eyJhbGciOiJIUzI1NiIsInR5cCI6IkpXVCJ9.eyJ1c2VyX2lkIjoxNywiaWF0IjoxNzM3NTMwMzk2LCJleHAiOjE3Mzc5NjIzOTYsImlzcyI6Im1peXFnZ3Vjbm1oaWp3bGJ3ZW9hbnVjcGx2eG1lemNxIiwic3ViIjoibWl5cWdndWNubWhpandsYndlb2FudWNwbHZ4bWV6Y3EiLCJqdGkiOiJ1c2VyLTE3In0.089gdljGqpwReH7sXOl6FtSvxBIrhuspTXgKtWwtX3s','web','123','ACCESS','2025-02-09 21:56:14','2025-01-22 07:19:56','2025-02-09 21:56:14'),(57,10,'eyJhbGciOiJIUzI1NiIsInR5cCI6IkpXVCJ9.eyJ1c2VyX2lkIjoxMCwiaWF0IjoxNzM3NTMwODEyLCJleHAiOjE3Mzc5NjI4MTIsImlzcyI6Im1peXFnZ3Vjbm1oaWp3bGJ3ZW9hbnVjcGx2eG1lemNxIiwic3ViIjoibWl5cWdndWNubWhpandsYndlb2FudWNwbHZ4bWV6Y3EiLCJqdGkiOiJ1c2VyLTEwIn0.a568WmcjuCL-RL8HghfpgMJgzwmr2A7WMBTHmSOLWU0','web',NULL,'ACCESS','2025-03-27 20:00:13','2025-01-22 07:26:52','2025-03-27 20:00:13'),(58,18,'eyJhbGciOiJIUzI1NiIsInR5cCI6IkpXVCJ9.eyJ1c2VyX2lkIjoxOCwiaWF0IjoxNzM3NTMxMjc1LCJleHAiOjE3Mzc5NjMyNzUsImlzcyI6Im1peXFnZ3Vjbm1oaWp3bGJ3ZW9hbnVjcGx2eG1lemNxIiwic3ViIjoibWl5cWdndWNubWhpandsYndlb2FudWNwbHZ4bWV6Y3EiLCJqdGkiOiJ1c2VyLTE4In0.KA43honVlIqV4rY50OREx_6xTxF1ZNrbRAX2N_0LXB8','web','123','RESET','2025-01-22 07:34:51','2025-01-22 07:34:35','2025-01-22 07:34:51'),(59,1,'eyJhbGciOiJIUzI1NiIsInR5cCI6IkpXVCJ9.eyJ1c2VyX2lkIjoxLCJpYXQiOjE3Mzc1MzE0NDYsImV4cCI6MTczNzk2MzQ0NiwiaXNzIjoibWl5cWdndWNubWhpandsYndlb2FudWNwbHZ4bWV6Y3EiLCJzdWIiOiJtaXlxZ2d1Y25taGlqd2xid2VvYW51Y3BsdnhtZXpjcSIsImp0aSI6InVzZXItMSJ9.5RmkD0f6qqwhdLeC4TlqcOJUNwf6NYfnGKArVHBLEFU','web','123','ACCESS','2025-03-19 08:26:22','2025-01-22 07:37:26','2025-03-19 08:26:22'),(60,10,'eyJhbGciOiJIUzI1NiIsInR5cCI6IkpXVCJ9.eyJ1c2VyX2lkIjoxMCwiaWF0IjoxNzM3NTMxNDkzLCJleHAiOjE3Mzc5NjM0OTMsImlzcyI6Im1peXFnZ3Vjbm1oaWp3bGJ3ZW9hbnVjcGx2eG1lemNxIiwic3ViIjoibWl5cWdndWNubWhpandsYndlb2FudWNwbHZ4bWV6Y3EiLCJqdGkiOiJ1c2VyLTEwIn0.TaW8yzKxKvlARAqbwn-anlA2wa0uFAt2Lga5vS4dFQw','web','123123','ACCESS','2025-03-27 20:00:13','2025-01-22 07:38:13','2025-03-27 20:00:13'),(61,10,'eyJhbGciOiJIUzI1NiIsInR5cCI6IkpXVCJ9.eyJ1c2VyX2lkIjoxMCwiaWF0IjoxNzM3NTMxNTAxLCJleHAiOjE3Mzc5NjM1MDEsImlzcyI6Im1peXFnZ3Vjbm1oaWp3bGJ3ZW9hbnVjcGx2eG1lemNxIiwic3ViIjoibWl5cWdndWNubWhpandsYndlb2FudWNwbHZ4bWV6Y3EiLCJqdGkiOiJ1c2VyLTEwIn0.FZVNmB0w4ZLkg_fGb31cp39KDko87BmUTXsk6ByFiaQ','web','e3F0dv6I1XBaJx6a8aURLB:APA91bF1fSzXZQGT7rChwnAP1DeVXrG4g7PlxyhrThTGMu94gpIrTkga0LXMXqRmz9DyZU0QumXq7g4z0xRnDtaNCm8Bj6z4ZFSmfELWQuLFQ5TjG0NlvXU','ACCESS','2025-03-27 20:00:13','2025-01-22 07:38:21','2025-03-27 20:00:13'),(62,12,'eyJhbGciOiJIUzI1NiIsInR5cCI6IkpXVCJ9.eyJ1c2VyX2lkIjoxMiwiaWF0IjoxNzM3NTM3NTU3LCJleHAiOjE3Mzc5Njk1NTcsImlzcyI6Im1peXFnZ3Vjbm1oaWp3bGJ3ZW9hbnVjcGx2eG1lemNxIiwic3ViIjoibWl5cWdndWNubWhpandsYndlb2FudWNwbHZ4bWV6Y3EiLCJqdGkiOiJ1c2VyLTEyIn0.dDke-tDTmJx3UqTsQamf7txxOX2eQAZ_FUfZT3UtPEI','web','123123','ACCESS','2025-02-07 11:41:18','2025-01-22 09:19:17','2025-02-07 11:41:18'),(63,7,'eyJhbGciOiJIUzI1NiIsInR5cCI6IkpXVCJ9.eyJ1c2VyX2lkIjo3LCJpYXQiOjE3Mzc1MzgzNzEsImV4cCI6MTczNzk3MDM3MSwiaXNzIjoibWl5cWdndWNubWhpandsYndlb2FudWNwbHZ4bWV6Y3EiLCJzdWIiOiJtaXlxZ2d1Y25taGlqd2xid2VvYW51Y3BsdnhtZXpjcSIsImp0aSI6InVzZXItNyJ9.Olplimgw3kSbMqjn1e_Z80YwXuaoz4tLJGk_GE9Pf0I','web','123123','ACCESS','2025-03-28 18:44:36','2025-01-22 09:32:51','2025-03-28 18:44:36'),(64,7,'eyJhbGciOiJIUzI1NiIsInR5cCI6IkpXVCJ9.eyJ1c2VyX2lkIjo3LCJpYXQiOjE3Mzc1Mzg0MDksImV4cCI6MTczNzk3MDQwOSwiaXNzIjoibWl5cWdndWNubWhpandsYndlb2FudWNwbHZ4bWV6Y3EiLCJzdWIiOiJtaXlxZ2d1Y25taGlqd2xid2VvYW51Y3BsdnhtZXpjcSIsImp0aSI6InVzZXItNyJ9.OU_no2pUScZMI5nEc9F8Cqf178RfvnSRxmmybZ0FQv0','web','123123','ACCESS','2025-03-28 18:44:36','2025-01-22 09:33:29','2025-03-28 18:44:36'),(65,7,'eyJhbGciOiJIUzI1NiIsInR5cCI6IkpXVCJ9.eyJ1c2VyX2lkIjo3LCJpYXQiOjE3Mzc1Mzg0NzQsImV4cCI6MTczNzk3MDQ3NCwiaXNzIjoibWl5cWdndWNubWhpandsYndlb2FudWNwbHZ4bWV6Y3EiLCJzdWIiOiJtaXlxZ2d1Y25taGlqd2xid2VvYW51Y3BsdnhtZXpjcSIsImp0aSI6InVzZXItNyJ9.GxebYcSdoGUWBUgvQbfaH5WZjIGfI7X1Ypgd284A_4U','web','123123','ACCESS','2025-03-28 18:44:36','2025-01-22 09:34:34','2025-03-28 18:44:36'),(66,7,'eyJhbGciOiJIUzI1NiIsInR5cCI6IkpXVCJ9.eyJ1c2VyX2lkIjo3LCJpYXQiOjE3Mzc1Mzg1MzYsImV4cCI6MTczNzk3MDUzNiwiaXNzIjoibWl5cWdndWNubWhpandsYndlb2FudWNwbHZ4bWV6Y3EiLCJzdWIiOiJtaXlxZ2d1Y25taGlqd2xid2VvYW51Y3BsdnhtZXpjcSIsImp0aSI6InVzZXItNyJ9.-jgnLzzW7GtMkl0S-MVvTgXFVb3LGiqJBG1KTyV1SF8','web','123123','ACCESS','2025-03-28 18:44:36','2025-01-22 09:35:36','2025-03-28 18:44:36'),(67,7,'eyJhbGciOiJIUzI1NiIsInR5cCI6IkpXVCJ9.eyJ1c2VyX2lkIjo3LCJpYXQiOjE3Mzc1Mzg4MTEsImV4cCI6MTczNzk3MDgxMSwiaXNzIjoibWl5cWdndWNubWhpandsYndlb2FudWNwbHZ4bWV6Y3EiLCJzdWIiOiJtaXlxZ2d1Y25taGlqd2xid2VvYW51Y3BsdnhtZXpjcSIsImp0aSI6InVzZXItNyJ9.QycvLmSAbPVGVBG83I_kxlHJVB6vlxy_0P_qHfVcmb0','web','123123','ACCESS','2025-03-28 18:44:36','2025-01-22 09:40:11','2025-03-28 18:44:36'),(68,7,'eyJhbGciOiJIUzI1NiIsInR5cCI6IkpXVCJ9.eyJ1c2VyX2lkIjo3LCJpYXQiOjE3Mzc1Mzg4MTcsImV4cCI6MTczNzk3MDgxNywiaXNzIjoibWl5cWdndWNubWhpandsYndlb2FudWNwbHZ4bWV6Y3EiLCJzdWIiOiJtaXlxZ2d1Y25taGlqd2xid2VvYW51Y3BsdnhtZXpjcSIsImp0aSI6InVzZXItNyJ9.Oh8HCCnzlrCr4g92J1vQbEwdKnxn2WNBBo2R0PK_Qlg','web','123123','ACCESS','2025-03-28 18:44:36','2025-01-22 09:40:17','2025-03-28 18:44:36'),(69,7,'eyJhbGciOiJIUzI1NiIsInR5cCI6IkpXVCJ9.eyJ1c2VyX2lkIjo3LCJpYXQiOjE3Mzc1MzkzOTUsImV4cCI6MTczNzk3MTM5NSwiaXNzIjoibWl5cWdndWNubWhpandsYndlb2FudWNwbHZ4bWV6Y3EiLCJzdWIiOiJtaXlxZ2d1Y25taGlqd2xid2VvYW51Y3BsdnhtZXpjcSIsImp0aSI6InVzZXItNyJ9.XwajorWJKsNCdETW_si5qixm5WJ3AvKx2PR4glXtByU','web','fy-lfHYN8u3aW8od7nmFg1:APA91bGiDuUgaoqfqV0lSI_DjACSSO7RDulzwzvM2lTi9s9y6xcT3sMQ67a55lai5CnB3Cvz2x7bFKjZ-EKFujGqJHvHMqtjLHrJd-J_Iq52KkFhadiMQ8E','ACCESS','2025-03-28 18:44:36','2025-01-22 09:49:55','2025-03-28 18:44:36'),(70,10,'eyJhbGciOiJIUzI1NiIsInR5cCI6IkpXVCJ9.eyJ1c2VyX2lkIjoxMCwiaWF0IjoxNzM3NjYwMzAwLCJleHAiOjE3MzgwOTIzMDAsImlzcyI6Im1peXFnZ3Vjbm1oaWp3bGJ3ZW9hbnVjcGx2eG1lemNxIiwic3ViIjoibWl5cWdndWNubWhpandsYndlb2FudWNwbHZ4bWV6Y3EiLCJqdGkiOiJ1c2VyLTEwIn0.KL4WkDluS54I_ae2dOaFKbBR-rW9Bus1WTl88herV9U','web','123123','ACCESS','2025-03-27 20:00:13','2025-01-23 19:25:00','2025-03-27 20:00:13'),(71,10,'eyJhbGciOiJIUzI1NiIsInR5cCI6IkpXVCJ9.eyJ1c2VyX2lkIjoxMCwiaWF0IjoxNzM3NjYwNDIxLCJleHAiOjE3MzgwOTI0MjEsImlzcyI6Im1peXFnZ3Vjbm1oaWp3bGJ3ZW9hbnVjcGx2eG1lemNxIiwic3ViIjoibWl5cWdndWNubWhpandsYndlb2FudWNwbHZ4bWV6Y3EiLCJqdGkiOiJ1c2VyLTEwIn0.Fm2h8Bikpq4UGhcgWVH7rFu9TGNWhoTUY3nxaFdC2Jk','web',NULL,'ACCESS','2025-03-27 20:00:13','2025-01-23 19:27:01','2025-03-27 20:00:13'),(72,10,'eyJhbGciOiJIUzI1NiIsInR5cCI6IkpXVCJ9.eyJ1c2VyX2lkIjoxMCwiaWF0IjoxNzM3NjYwNjgzLCJleHAiOjE3MzgwOTI2ODMsImlzcyI6Im1peXFnZ3Vjbm1oaWp3bGJ3ZW9hbnVjcGx2eG1lemNxIiwic3ViIjoibWl5cWdndWNubWhpandsYndlb2FudWNwbHZ4bWV6Y3EiLCJqdGkiOiJ1c2VyLTEwIn0.pVtb4NiYJ-x4VBdcvlmmiQnETfbcSrsfE4X5YfOk_UQ','web',NULL,'ACCESS','2025-03-27 20:00:13','2025-01-23 19:31:23','2025-03-27 20:00:13'),(73,12,'eyJhbGciOiJIUzI1NiIsInR5cCI6IkpXVCJ9.eyJ1c2VyX2lkIjoxMiwiaWF0IjoxNzM4MDY1NTI1LCJleHAiOjE3Mzg0OTc1MjUsImlzcyI6Im1peXFnZ3Vjbm1oaWp3bGJ3ZW9hbnVjcGx2eG1lemNxIiwic3ViIjoibWl5cWdndWNubWhpandsYndlb2FudWNwbHZ4bWV6Y3EiLCJqdGkiOiJ1c2VyLTEyIn0.v_ZinF18DLNKKfxIfbJN5a1XBDNjpVzjmhH4P0W4n5k','web','123123','ACCESS','2025-02-07 11:41:18','2025-01-28 11:58:45','2025-02-07 11:41:18'),(74,11,'eyJhbGciOiJIUzI1NiIsInR5cCI6IkpXVCJ9.eyJ1c2VyX2lkIjoxMSwiaWF0IjoxNzM4MTU2NjExLCJleHAiOjE3Mzg1ODg2MTEsImlzcyI6Im1peXFnZ3Vjbm1oaWp3bGJ3ZW9hbnVjcGx2eG1lemNxIiwic3ViIjoibWl5cWdndWNubWhpandsYndlb2FudWNwbHZ4bWV6Y3EiLCJqdGkiOiJ1c2VyLTExIn0.UN4qpT_arTl7jCb4Ip97sbHo5XxH1iXDjTb474VarL8','web',NULL,'ACCESS','2025-03-12 10:16:24','2025-01-29 13:16:51','2025-03-12 10:16:24'),(75,10,'eyJhbGciOiJIUzI1NiIsInR5cCI6IkpXVCJ9.eyJ1c2VyX2lkIjoxMCwiaWF0IjoxNzM4MTY3NjQ2LCJleHAiOjE3Mzg1OTk2NDYsImlzcyI6Im1peXFnZ3Vjbm1oaWp3bGJ3ZW9hbnVjcGx2eG1lemNxIiwic3ViIjoibWl5cWdndWNubWhpandsYndlb2FudWNwbHZ4bWV6Y3EiLCJqdGkiOiJ1c2VyLTEwIn0.v33k31XFUqiMil-Vzc2UIaYqS6o8JGNVTRphMfHWkxI','web','123123','ACCESS','2025-03-27 20:00:13','2025-01-29 16:20:46','2025-03-27 20:00:13'),(76,10,'eyJhbGciOiJIUzI1NiIsInR5cCI6IkpXVCJ9.eyJ1c2VyX2lkIjoxMCwiaWF0IjoxNzM4MTY3NjUyLCJleHAiOjE3Mzg1OTk2NTIsImlzcyI6Im1peXFnZ3Vjbm1oaWp3bGJ3ZW9hbnVjcGx2eG1lemNxIiwic3ViIjoibWl5cWdndWNubWhpandsYndlb2FudWNwbHZ4bWV6Y3EiLCJqdGkiOiJ1c2VyLTEwIn0.dhDZuU5PWdn7L5-YHZnbW0M0elUg6ss0vec_zNZTleA','web','123123','ACCESS','2025-03-27 20:00:13','2025-01-29 16:20:52','2025-03-27 20:00:13'),(77,10,'eyJhbGciOiJIUzI1NiIsInR5cCI6IkpXVCJ9.eyJ1c2VyX2lkIjoxMCwiaWF0IjoxNzM4MTY3NjYzLCJleHAiOjE3Mzg1OTk2NjMsImlzcyI6Im1peXFnZ3Vjbm1oaWp3bGJ3ZW9hbnVjcGx2eG1lemNxIiwic3ViIjoibWl5cWdndWNubWhpandsYndlb2FudWNwbHZ4bWV6Y3EiLCJqdGkiOiJ1c2VyLTEwIn0.ZP9s3pb6YXK2Nf5It0n-Lzz5jUmuZLOJhhaCdupuJv0','web','123123','ACCESS','2025-03-27 20:00:13','2025-01-29 16:21:03','2025-03-27 20:00:13'),(78,10,'eyJhbGciOiJIUzI1NiIsInR5cCI6IkpXVCJ9.eyJ1c2VyX2lkIjoxMCwiaWF0IjoxNzM4MTY3NjY0LCJleHAiOjE3Mzg1OTk2NjQsImlzcyI6Im1peXFnZ3Vjbm1oaWp3bGJ3ZW9hbnVjcGx2eG1lemNxIiwic3ViIjoibWl5cWdndWNubWhpandsYndlb2FudWNwbHZ4bWV6Y3EiLCJqdGkiOiJ1c2VyLTEwIn0.oNN_prLy4GiwXTg9_pCcnprd9W5IZBOOT9-dElm3H38','web','123123','ACCESS','2025-03-27 20:00:13','2025-01-29 16:21:04','2025-03-27 20:00:13'),(79,10,'eyJhbGciOiJIUzI1NiIsInR5cCI6IkpXVCJ9.eyJ1c2VyX2lkIjoxMCwiaWF0IjoxNzM4MTY3NjY0LCJleHAiOjE3Mzg1OTk2NjQsImlzcyI6Im1peXFnZ3Vjbm1oaWp3bGJ3ZW9hbnVjcGx2eG1lemNxIiwic3ViIjoibWl5cWdndWNubWhpandsYndlb2FudWNwbHZ4bWV6Y3EiLCJqdGkiOiJ1c2VyLTEwIn0.oNN_prLy4GiwXTg9_pCcnprd9W5IZBOOT9-dElm3H38','web','123123','ACCESS','2025-03-27 20:00:13','2025-01-29 16:21:04','2025-03-27 20:00:13'),(80,10,'eyJhbGciOiJIUzI1NiIsInR5cCI6IkpXVCJ9.eyJ1c2VyX2lkIjoxMCwiaWF0IjoxNzM4MTY3NjY1LCJleHAiOjE3Mzg1OTk2NjUsImlzcyI6Im1peXFnZ3Vjbm1oaWp3bGJ3ZW9hbnVjcGx2eG1lemNxIiwic3ViIjoibWl5cWdndWNubWhpandsYndlb2FudWNwbHZ4bWV6Y3EiLCJqdGkiOiJ1c2VyLTEwIn0.afpTkrR0ODS1d0Y9ABavPSCxaIl6OBcvZVm8XPEPpJo','web','123123','ACCESS','2025-03-27 20:00:13','2025-01-29 16:21:05','2025-03-27 20:00:13'),(81,10,'eyJhbGciOiJIUzI1NiIsInR5cCI6IkpXVCJ9.eyJ1c2VyX2lkIjoxMCwiaWF0IjoxNzM4MTY3NjY3LCJleHAiOjE3Mzg1OTk2NjcsImlzcyI6Im1peXFnZ3Vjbm1oaWp3bGJ3ZW9hbnVjcGx2eG1lemNxIiwic3ViIjoibWl5cWdndWNubWhpandsYndlb2FudWNwbHZ4bWV6Y3EiLCJqdGkiOiJ1c2VyLTEwIn0.LZDLeHBgnQ8P9RSxAGXD7p_bTDAInnl1s3jtUgvt1k8','web','123123','ACCESS','2025-03-27 20:00:13','2025-01-29 16:21:07','2025-03-27 20:00:13'),(82,10,'eyJhbGciOiJIUzI1NiIsInR5cCI6IkpXVCJ9.eyJ1c2VyX2lkIjoxMCwiaWF0IjoxNzM4MTgyMzg5LCJleHAiOjE3Mzg2MTQzODksImlzcyI6Im1peXFnZ3Vjbm1oaWp3bGJ3ZW9hbnVjcGx2eG1lemNxIiwic3ViIjoibWl5cWdndWNubWhpandsYndlb2FudWNwbHZ4bWV6Y3EiLCJqdGkiOiJ1c2VyLTEwIn0.yEF7UwxSAYVIudckm3x5qfTUQhqn99R9IU2V3UIlDnQ','web','fy5SxL0S3jmpEu9LI8L1ZR:APA91bETlHoTIB1BGMAsRg3_91xiD0OTr3zrluHoMkD09Chj63RDWvjrqHSfcqFOYltmNXOYYqNEpzbOA8LAbSS9SELKKA1KmwEiaqRNjTwpUntUyG8AKJQ','ACCESS','2025-03-27 20:00:13','2025-01-29 20:26:29','2025-03-27 20:00:13'),(83,3,'eyJhbGciOiJIUzI1NiIsInR5cCI6IkpXVCJ9.eyJ1c2VyX2lkIjozLCJpYXQiOjE3MzgyMjE0OTUsImV4cCI6MTczODY1MzQ5NSwiaXNzIjoibWl5cWdndWNubWhpandsYndlb2FudWNwbHZ4bWV6Y3EiLCJzdWIiOiJtaXlxZ2d1Y25taGlqd2xid2VvYW51Y3BsdnhtZXpjcSIsImp0aSI6InVzZXItMyJ9.yrQ_gjJ6ZxwbnPNa6MN1aJ1yFE0kWdXwgULO8ZZtubU','ios','qwerty','ACCESS',NULL,'2025-01-30 07:18:15','2025-01-30 07:18:15'),(84,13,'eyJhbGciOiJIUzI1NiIsInR5cCI6IkpXVCJ9.eyJ1c2VyX2lkIjoxMywiaWF0IjoxNzM4MjMxNDYxLCJleHAiOjE3Mzg2NjM0NjEsImlzcyI6Im1peXFnZ3Vjbm1oaWp3bGJ3ZW9hbnVjcGx2eG1lemNxIiwic3ViIjoibWl5cWdndWNubWhpandsYndlb2FudWNwbHZ4bWV6Y3EiLCJqdGkiOiJ1c2VyLTEzIn0.GDUcMGAPIX8ARKeA3oQqDheoH9juObN6XyoDodcPz1c','web','c1BJaFaVqwF5us0t6tLSTB:APA91bHbCmyRvIcsm3xk9UxKKbhSThm1NM1YPa2jOx_xoBTlK3LW__lg23kHKSJf-LUmuuYccoAAcyqzH6sogNWaMFU4Isk5D2VTfh8NpoSrllw_kim6xjU','ACCESS','2025-02-27 10:10:47','2025-01-30 10:04:21','2025-02-27 10:10:47'),(85,13,'eyJhbGciOiJIUzI1NiIsInR5cCI6IkpXVCJ9.eyJ1c2VyX2lkIjoxMywiaWF0IjoxNzM4MjMyMTU3LCJleHAiOjE3Mzg2NjQxNTcsImlzcyI6Im1peXFnZ3Vjbm1oaWp3bGJ3ZW9hbnVjcGx2eG1lemNxIiwic3ViIjoibWl5cWdndWNubWhpandsYndlb2FudWNwbHZ4bWV6Y3EiLCJqdGkiOiJ1c2VyLTEzIn0.JKy_j2gMSvVcWE__FdKMljGlLauLx3miWuQ79UeIyyQ','web','123','ACCESS','2025-02-27 10:10:47','2025-01-30 10:15:57','2025-02-27 10:10:47'),(86,13,'eyJhbGciOiJIUzI1NiIsInR5cCI6IkpXVCJ9.eyJ1c2VyX2lkIjoxMywiaWF0IjoxNzM4MjMyMjYxLCJleHAiOjE3Mzg2NjQyNjEsImlzcyI6Im1peXFnZ3Vjbm1oaWp3bGJ3ZW9hbnVjcGx2eG1lemNxIiwic3ViIjoibWl5cWdndWNubWhpandsYndlb2FudWNwbHZ4bWV6Y3EiLCJqdGkiOiJ1c2VyLTEzIn0.3rGjt0qhsV1rdIYdbBkUO9W5qMFzuPWheJngNPnnLAY','web','123','ACCESS','2025-02-27 10:10:47','2025-01-30 10:17:41','2025-02-27 10:10:47'),(87,7,'eyJhbGciOiJIUzI1NiIsInR5cCI6IkpXVCJ9.eyJ1c2VyX2lkIjo3LCJpYXQiOjE3MzgyMzIzMjAsImV4cCI6MTczODY2NDMyMCwiaXNzIjoibWl5cWdndWNubWhpandsYndlb2FudWNwbHZ4bWV6Y3EiLCJzdWIiOiJtaXlxZ2d1Y25taGlqd2xid2VvYW51Y3BsdnhtZXpjcSIsImp0aSI6InVzZXItNyJ9.GiDXZ0Jf4CEQY9VtJZpXVxFuOqQMnppkcMAg_PxTpkg','web','123123','ACCESS','2025-03-28 18:44:36','2025-01-30 10:18:40','2025-03-28 18:44:36'),(88,7,'eyJhbGciOiJIUzI1NiIsInR5cCI6IkpXVCJ9.eyJ1c2VyX2lkIjo3LCJpYXQiOjE3MzgyMzIzNjAsImV4cCI6MTczODY2NDM2MCwiaXNzIjoibWl5cWdndWNubWhpandsYndlb2FudWNwbHZ4bWV6Y3EiLCJzdWIiOiJtaXlxZ2d1Y25taGlqd2xid2VvYW51Y3BsdnhtZXpjcSIsImp0aSI6InVzZXItNyJ9.0ZrsOPxKVxHMe1vW4AdGyU6Y0z1JpzoPBUYaukOnmwY','web','123123','ACCESS','2025-03-28 18:44:36','2025-01-30 10:19:20','2025-03-28 18:44:36'),(89,13,'eyJhbGciOiJIUzI1NiIsInR5cCI6IkpXVCJ9.eyJ1c2VyX2lkIjoxMywiaWF0IjoxNzM4MjMyMzgyLCJleHAiOjE3Mzg2NjQzODIsImlzcyI6Im1peXFnZ3Vjbm1oaWp3bGJ3ZW9hbnVjcGx2eG1lemNxIiwic3ViIjoibWl5cWdndWNubWhpandsYndlb2FudWNwbHZ4bWV6Y3EiLCJqdGkiOiJ1c2VyLTEzIn0.J3vIOscDldGtJco6LaKxXnNCDBA7KBirAf1Q7xT4Kio','web','123','ACCESS','2025-02-27 10:10:47','2025-01-30 10:19:42','2025-02-27 10:10:47'),(90,13,'eyJhbGciOiJIUzI1NiIsInR5cCI6IkpXVCJ9.eyJ1c2VyX2lkIjoxMywiaWF0IjoxNzM4MjMyNTA4LCJleHAiOjE3Mzg2NjQ1MDgsImlzcyI6Im1peXFnZ3Vjbm1oaWp3bGJ3ZW9hbnVjcGx2eG1lemNxIiwic3ViIjoibWl5cWdndWNubWhpandsYndlb2FudWNwbHZ4bWV6Y3EiLCJqdGkiOiJ1c2VyLTEzIn0.PZM9uo-bxBmOeribp8w2URCEmcjFZdE3JCLHmyHUDVo','web','123','ACCESS','2025-02-27 10:10:47','2025-01-30 10:21:48','2025-02-27 10:10:47'),(91,13,'eyJhbGciOiJIUzI1NiIsInR5cCI6IkpXVCJ9.eyJ1c2VyX2lkIjoxMywiaWF0IjoxNzM4MzI1MjM0LCJleHAiOjE3Mzg3NTcyMzQsImlzcyI6Im1peXFnZ3Vjbm1oaWp3bGJ3ZW9hbnVjcGx2eG1lemNxIiwic3ViIjoibWl5cWdndWNubWhpandsYndlb2FudWNwbHZ4bWV6Y3EiLCJqdGkiOiJ1c2VyLTEzIn0.1kucsF0O6btbpg5bsJ2M-5EZ9chpYjs6-ArrkeHMIMo','web','fy-lfHYN8u3aW8od7nmFg1:APA91bGiDuUgaoqfqV0lSI_DjACSSO7RDulzwzvM2lTi9s9y6xcT3sMQ67a55lai5CnB3Cvz2x7bFKjZ-EKFujGqJHvHMqtjLHrJd-J_Iq52KkFhadiMQ8E','ACCESS','2025-02-27 10:10:47','2025-01-31 12:07:14','2025-02-27 10:10:47'),(92,10,'eyJhbGciOiJIUzI1NiIsInR5cCI6IkpXVCJ9.eyJ1c2VyX2lkIjoxMCwiaWF0IjoxNzM4MzUwMDU1LCJleHAiOjE3Mzg3ODIwNTUsImlzcyI6Im1peXFnZ3Vjbm1oaWp3bGJ3ZW9hbnVjcGx2eG1lemNxIiwic3ViIjoibWl5cWdndWNubWhpandsYndlb2FudWNwbHZ4bWV6Y3EiLCJqdGkiOiJ1c2VyLTEwIn0.GTIIxkWLg8diOumYW_BusG_4h4P0gWmbGjYKfiQTyas','web','123123','ACCESS','2025-03-27 20:00:13','2025-01-31 19:00:55','2025-03-27 20:00:13'),(93,10,'eyJhbGciOiJIUzI1NiIsInR5cCI6IkpXVCJ9.eyJ1c2VyX2lkIjoxMCwiaWF0IjoxNzM4MzUwMDg1LCJleHAiOjE3Mzg3ODIwODUsImlzcyI6Im1peXFnZ3Vjbm1oaWp3bGJ3ZW9hbnVjcGx2eG1lemNxIiwic3ViIjoibWl5cWdndWNubWhpandsYndlb2FudWNwbHZ4bWV6Y3EiLCJqdGkiOiJ1c2VyLTEwIn0.tDgAwAypAi4T5KuoSazEWylkDv3DJXepq2P7wazM3T0','web','fy5SxL0S3jmpEu9LI8L1ZR:APA91bETlHoTIB1BGMAsRg3_91xiD0OTr3zrluHoMkD09Chj63RDWvjrqHSfcqFOYltmNXOYYqNEpzbOA8LAbSS9SELKKA1KmwEiaqRNjTwpUntUyG8AKJQ','ACCESS','2025-03-27 20:00:13','2025-01-31 19:01:25','2025-03-27 20:00:13'),(94,10,'eyJhbGciOiJIUzI1NiIsInR5cCI6IkpXVCJ9.eyJ1c2VyX2lkIjoxMCwiaWF0IjoxNzM4MzgyNDY1LCJleHAiOjE3Mzg4MTQ0NjUsImlzcyI6Im1peXFnZ3Vjbm1oaWp3bGJ3ZW9hbnVjcGx2eG1lemNxIiwic3ViIjoibWl5cWdndWNubWhpandsYndlb2FudWNwbHZ4bWV6Y3EiLCJqdGkiOiJ1c2VyLTEwIn0.1VCa3KoLkQpXCUJ24ktJFk7ovChzR56zFCZ0SzNw8LI','web','123123','ACCESS','2025-03-27 20:00:13','2025-02-01 04:01:05','2025-03-27 20:00:13'),(95,19,'eyJhbGciOiJIUzI1NiIsInR5cCI6IkpXVCJ9.eyJ1c2VyX2lkIjoxOSwiaWF0IjoxNzM4NjY5MTczLCJleHAiOjE3MzkxMDExNzMsImlzcyI6Im1peXFnZ3Vjbm1oaWp3bGJ3ZW9hbnVjcGx2eG1lemNxIiwic3ViIjoibWl5cWdndWNubWhpandsYndlb2FudWNwbHZ4bWV6Y3EiLCJqdGkiOiJ1c2VyLTE5In0.FrCkoPhxXCV5AZ09OGbID8KtgIXrlyT9DBXeersBNag','web',NULL,'ACCESS','2025-02-25 09:19:34','2025-02-04 11:39:33','2025-02-25 09:19:34'),(96,10,'eyJhbGciOiJIUzI1NiIsInR5cCI6IkpXVCJ9.eyJ1c2VyX2lkIjoxMCwiaWF0IjoxNzM4NzA4NzU1LCJleHAiOjE3MzkxNDA3NTUsImlzcyI6Im1peXFnZ3Vjbm1oaWp3bGJ3ZW9hbnVjcGx2eG1lemNxIiwic3ViIjoibWl5cWdndWNubWhpandsYndlb2FudWNwbHZ4bWV6Y3EiLCJqdGkiOiJ1c2VyLTEwIn0.-VUV8IKwddNfvRnUKAHLy-ghZFDnQHvg2g7HZZWhIL4','web','123123','ACCESS','2025-03-27 20:00:13','2025-02-04 22:39:15','2025-03-27 20:00:13'),(97,10,'eyJhbGciOiJIUzI1NiIsInR5cCI6IkpXVCJ9.eyJ1c2VyX2lkIjoxMCwiaWF0IjoxNzM4NzA4NzcwLCJleHAiOjE3MzkxNDA3NzAsImlzcyI6Im1peXFnZ3Vjbm1oaWp3bGJ3ZW9hbnVjcGx2eG1lemNxIiwic3ViIjoibWl5cWdndWNubWhpandsYndlb2FudWNwbHZ4bWV6Y3EiLCJqdGkiOiJ1c2VyLTEwIn0.WvLsRT42qE66ne9Y52csmMvcufUsn2KhDGfoxGFWuwM','web','fy5SxL0S3jmpEu9LI8L1ZR:APA91bETlHoTIB1BGMAsRg3_91xiD0OTr3zrluHoMkD09Chj63RDWvjrqHSfcqFOYltmNXOYYqNEpzbOA8LAbSS9SELKKA1KmwEiaqRNjTwpUntUyG8AKJQ','ACCESS','2025-03-27 20:00:13','2025-02-04 22:39:30','2025-03-27 20:00:13'),(98,1,'eyJhbGciOiJIUzI1NiIsInR5cCI6IkpXVCJ9.eyJ1c2VyX2lkIjoxLCJpYXQiOjE3Mzg3MTMwNDAsImV4cCI6MTczOTE0NTA0MCwiaXNzIjoibWl5cWdndWNubWhpandsYndlb2FudWNwbHZ4bWV6Y3EiLCJzdWIiOiJtaXlxZ2d1Y25taGlqd2xid2VvYW51Y3BsdnhtZXpjcSIsImp0aSI6InVzZXItMSJ9.QtKc30rK_6K_5OSxWk4KCr62gbU60_7-0K6SzUPlJ94','web','123','ACCESS','2025-03-19 08:26:22','2025-02-04 23:50:40','2025-03-19 08:26:22'),(99,12,'eyJhbGciOiJIUzI1NiIsInR5cCI6IkpXVCJ9.eyJ1c2VyX2lkIjoxMiwiaWF0IjoxNzM4OTIyMzUyLCJleHAiOjE3MzkzNTQzNTIsImlzcyI6Im1peXFnZ3Vjbm1oaWp3bGJ3ZW9hbnVjcGx2eG1lemNxIiwic3ViIjoibWl5cWdndWNubWhpandsYndlb2FudWNwbHZ4bWV6Y3EiLCJqdGkiOiJ1c2VyLTEyIn0.8Y8Dd21PmDxkrHLQVLXez6XM0fvFehr1e9jtVvRdcxs','web','123123','ACCESS','2025-02-07 11:41:18','2025-02-07 09:59:12','2025-02-07 11:41:18'),(100,12,'eyJhbGciOiJIUzI1NiIsInR5cCI6IkpXVCJ9.eyJ1c2VyX2lkIjoxMiwiaWF0IjoxNzM4OTI4NDc4LCJleHAiOjE3MzkzNjA0NzgsImlzcyI6Im1peXFnZ3Vjbm1oaWp3bGJ3ZW9hbnVjcGx2eG1lemNxIiwic3ViIjoibWl5cWdndWNubWhpandsYndlb2FudWNwbHZ4bWV6Y3EiLCJqdGkiOiJ1c2VyLTEyIn0.q8QtomH915ZsAp74rKKbOaFCQtlvmihzaMRdEfYTDGM','web','123123','ACCESS',NULL,'2025-02-07 11:41:18','2025-02-07 11:41:18'),(101,13,'eyJhbGciOiJIUzI1NiIsInR5cCI6IkpXVCJ9.eyJ1c2VyX2lkIjoxMywiaWF0IjoxNzM4OTI4NjM5LCJleHAiOjE3MzkzNjA2MzksImlzcyI6Im1peXFnZ3Vjbm1oaWp3bGJ3ZW9hbnVjcGx2eG1lemNxIiwic3ViIjoibWl5cWdndWNubWhpandsYndlb2FudWNwbHZ4bWV6Y3EiLCJqdGkiOiJ1c2VyLTEzIn0.h29EU9SgV_IM38Mt8PTUS59NzLER8ZxeEn_76i46zwg','web','123','ACCESS','2025-02-27 10:10:47','2025-02-07 11:43:59','2025-02-27 10:10:47'),(102,13,'eyJhbGciOiJIUzI1NiIsInR5cCI6IkpXVCJ9.eyJ1c2VyX2lkIjoxMywiaWF0IjoxNzM4OTI4NjYwLCJleHAiOjE3MzkzNjA2NjAsImlzcyI6Im1peXFnZ3Vjbm1oaWp3bGJ3ZW9hbnVjcGx2eG1lemNxIiwic3ViIjoibWl5cWdndWNubWhpandsYndlb2FudWNwbHZ4bWV6Y3EiLCJqdGkiOiJ1c2VyLTEzIn0.jmJoVxNJBdTrrZulIc6xE5Kba525OM5zxoae2j6Jky4','web','123','ACCESS','2025-02-27 10:10:47','2025-02-07 11:44:20','2025-02-27 10:10:47'),(103,13,'eyJhbGciOiJIUzI1NiIsInR5cCI6IkpXVCJ9.eyJ1c2VyX2lkIjoxMywiaWF0IjoxNzM4OTI4ODE4LCJleHAiOjE3MzkzNjA4MTgsImlzcyI6Im1peXFnZ3Vjbm1oaWp3bGJ3ZW9hbnVjcGx2eG1lemNxIiwic3ViIjoibWl5cWdndWNubWhpandsYndlb2FudWNwbHZ4bWV6Y3EiLCJqdGkiOiJ1c2VyLTEzIn0.R7JnqvII0avifK7qG1AjIa8o5EKV7Ug2jLtMWu5uyqo','web','123','ACCESS','2025-02-27 10:10:47','2025-02-07 11:46:58','2025-02-27 10:10:47'),(104,13,'eyJhbGciOiJIUzI1NiIsInR5cCI6IkpXVCJ9.eyJ1c2VyX2lkIjoxMywiaWF0IjoxNzM4OTI5MTAzLCJleHAiOjE3MzkzNjExMDMsImlzcyI6Im1peXFnZ3Vjbm1oaWp3bGJ3ZW9hbnVjcGx2eG1lemNxIiwic3ViIjoibWl5cWdndWNubWhpandsYndlb2FudWNwbHZ4bWV6Y3EiLCJqdGkiOiJ1c2VyLTEzIn0.2e0glz_dJhHq-yVHPqOuQQrzjs-AJiDqeMNKVhdTSxQ','web','123','ACCESS','2025-02-27 10:10:47','2025-02-07 11:51:43','2025-02-27 10:10:47'),(105,13,'eyJhbGciOiJIUzI1NiIsInR5cCI6IkpXVCJ9.eyJ1c2VyX2lkIjoxMywiaWF0IjoxNzM4OTI5NTMwLCJleHAiOjE3MzkzNjE1MzAsImlzcyI6Im1peXFnZ3Vjbm1oaWp3bGJ3ZW9hbnVjcGx2eG1lemNxIiwic3ViIjoibWl5cWdndWNubWhpandsYndlb2FudWNwbHZ4bWV6Y3EiLCJqdGkiOiJ1c2VyLTEzIn0.63aLuE8aVsgNTCtllbdGCGJvsIlGbDveDM6WvBiFqEA','web','123','ACCESS','2025-02-27 10:10:47','2025-02-07 11:58:50','2025-02-27 10:10:47'),(106,13,'eyJhbGciOiJIUzI1NiIsInR5cCI6IkpXVCJ9.eyJ1c2VyX2lkIjoxMywiaWF0IjoxNzM4OTI5ODAyLCJleHAiOjE3MzkzNjE4MDIsImlzcyI6Im1peXFnZ3Vjbm1oaWp3bGJ3ZW9hbnVjcGx2eG1lemNxIiwic3ViIjoibWl5cWdndWNubWhpandsYndlb2FudWNwbHZ4bWV6Y3EiLCJqdGkiOiJ1c2VyLTEzIn0.ETP-4LgGWuYl5a5gl1hnwXKX9-O-FaYscDhtEdRkSzw','web','123','ACCESS','2025-02-27 10:10:47','2025-02-07 12:03:22','2025-02-27 10:10:47'),(107,13,'eyJhbGciOiJIUzI1NiIsInR5cCI6IkpXVCJ9.eyJ1c2VyX2lkIjoxMywiaWF0IjoxNzM4OTMwMTgyLCJleHAiOjE3MzkzNjIxODIsImlzcyI6Im1peXFnZ3Vjbm1oaWp3bGJ3ZW9hbnVjcGx2eG1lemNxIiwic3ViIjoibWl5cWdndWNubWhpandsYndlb2FudWNwbHZ4bWV6Y3EiLCJqdGkiOiJ1c2VyLTEzIn0.GymcbQqKorD7tOZfowy4Mhe54qdndZXaAYGTilO4Ihg','web','123','ACCESS','2025-02-27 10:10:47','2025-02-07 12:09:42','2025-02-27 10:10:47'),(108,13,'eyJhbGciOiJIUzI1NiIsInR5cCI6IkpXVCJ9.eyJ1c2VyX2lkIjoxMywiaWF0IjoxNzM4OTMwMjMyLCJleHAiOjE3MzkzNjIyMzIsImlzcyI6Im1peXFnZ3Vjbm1oaWp3bGJ3ZW9hbnVjcGx2eG1lemNxIiwic3ViIjoibWl5cWdndWNubWhpandsYndlb2FudWNwbHZ4bWV6Y3EiLCJqdGkiOiJ1c2VyLTEzIn0.NlXDN7QrNWGKHH4iUBpxdhBPNlP6C2s1C2-ZVmircLo','web','123','ACCESS','2025-02-27 10:10:47','2025-02-07 12:10:32','2025-02-27 10:10:47'),(109,13,'eyJhbGciOiJIUzI1NiIsInR5cCI6IkpXVCJ9.eyJ1c2VyX2lkIjoxMywiaWF0IjoxNzM4OTMwMzUzLCJleHAiOjE3MzkzNjIzNTMsImlzcyI6Im1peXFnZ3Vjbm1oaWp3bGJ3ZW9hbnVjcGx2eG1lemNxIiwic3ViIjoibWl5cWdndWNubWhpandsYndlb2FudWNwbHZ4bWV6Y3EiLCJqdGkiOiJ1c2VyLTEzIn0.2sY9fPTFexzhR3Gt5nR5_wEW71INMIEingw1Ym3JQOE','web','123','ACCESS','2025-02-27 10:10:47','2025-02-07 12:12:33','2025-02-27 10:10:47'),(110,13,'eyJhbGciOiJIUzI1NiIsInR5cCI6IkpXVCJ9.eyJ1c2VyX2lkIjoxMywiaWF0IjoxNzM4OTMwMzgwLCJleHAiOjE3MzkzNjIzODAsImlzcyI6Im1peXFnZ3Vjbm1oaWp3bGJ3ZW9hbnVjcGx2eG1lemNxIiwic3ViIjoibWl5cWdndWNubWhpandsYndlb2FudWNwbHZ4bWV6Y3EiLCJqdGkiOiJ1c2VyLTEzIn0.y5F3CxD6jrTiPqXazQJHsJZY4-kJSUj3pjSIkj3sXY8','web','123','ACCESS','2025-02-27 10:10:47','2025-02-07 12:13:00','2025-02-27 10:10:47'),(111,7,'eyJhbGciOiJIUzI1NiIsInR5cCI6IkpXVCJ9.eyJ1c2VyX2lkIjo3LCJpYXQiOjE3Mzg5MzEzMDUsImV4cCI6MTczOTM2MzMwNSwiaXNzIjoibWl5cWdndWNubWhpandsYndlb2FudWNwbHZ4bWV6Y3EiLCJzdWIiOiJtaXlxZ2d1Y25taGlqd2xid2VvYW51Y3BsdnhtZXpjcSIsImp0aSI6InVzZXItNyJ9.KzKHzG1Rk0g67WjaiceZsypT9fPDtdH_JbHiuYM8nyA','web','123123','ACCESS','2025-03-28 18:44:36','2025-02-07 12:28:25','2025-03-28 18:44:36'),(112,13,'eyJhbGciOiJIUzI1NiIsInR5cCI6IkpXVCJ9.eyJ1c2VyX2lkIjoxMywiaWF0IjoxNzM4OTMxNjMyLCJleHAiOjE3MzkzNjM2MzIsImlzcyI6Im1peXFnZ3Vjbm1oaWp3bGJ3ZW9hbnVjcGx2eG1lemNxIiwic3ViIjoibWl5cWdndWNubWhpandsYndlb2FudWNwbHZ4bWV6Y3EiLCJqdGkiOiJ1c2VyLTEzIn0.ebqnTHNCYpYQlcBDi157B2SrIgQSjyasuXxDE7twn-s','web','123','ACCESS','2025-02-27 10:10:47','2025-02-07 12:33:52','2025-02-27 10:10:47'),(113,13,'eyJhbGciOiJIUzI1NiIsInR5cCI6IkpXVCJ9.eyJ1c2VyX2lkIjoxMywiaWF0IjoxNzM4OTMxNjQ5LCJleHAiOjE3MzkzNjM2NDksImlzcyI6Im1peXFnZ3Vjbm1oaWp3bGJ3ZW9hbnVjcGx2eG1lemNxIiwic3ViIjoibWl5cWdndWNubWhpandsYndlb2FudWNwbHZ4bWV6Y3EiLCJqdGkiOiJ1c2VyLTEzIn0.iZUFhfDXF9roIr0R4sNpa0YW6zu78zpA8lTTyZcd0H4','web','123','ACCESS','2025-02-27 10:10:47','2025-02-07 12:34:09','2025-02-27 10:10:47'),(114,13,'eyJhbGciOiJIUzI1NiIsInR5cCI6IkpXVCJ9.eyJ1c2VyX2lkIjoxMywiaWF0IjoxNzM4OTMxNjY0LCJleHAiOjE3MzkzNjM2NjQsImlzcyI6Im1peXFnZ3Vjbm1oaWp3bGJ3ZW9hbnVjcGx2eG1lemNxIiwic3ViIjoibWl5cWdndWNubWhpandsYndlb2FudWNwbHZ4bWV6Y3EiLCJqdGkiOiJ1c2VyLTEzIn0.exkuL0QoJ_cLK92EFtJFD2sok6cu2I1wzv6dlJ5m_xE','web','123','ACCESS','2025-02-27 10:10:47','2025-02-07 12:34:24','2025-02-27 10:10:47'),(115,13,'eyJhbGciOiJIUzI1NiIsInR5cCI6IkpXVCJ9.eyJ1c2VyX2lkIjoxMywiaWF0IjoxNzM4OTMxNjcyLCJleHAiOjE3MzkzNjM2NzIsImlzcyI6Im1peXFnZ3Vjbm1oaWp3bGJ3ZW9hbnVjcGx2eG1lemNxIiwic3ViIjoibWl5cWdndWNubWhpandsYndlb2FudWNwbHZ4bWV6Y3EiLCJqdGkiOiJ1c2VyLTEzIn0.TQc_s_05UKYg2nSAQC4Ausym7BT3u1L2utgNqUn4fbs','web','123','ACCESS','2025-02-27 10:10:47','2025-02-07 12:34:32','2025-02-27 10:10:47'),(116,13,'eyJhbGciOiJIUzI1NiIsInR5cCI6IkpXVCJ9.eyJ1c2VyX2lkIjoxMywiaWF0IjoxNzM4OTMxNjgxLCJleHAiOjE3MzkzNjM2ODEsImlzcyI6Im1peXFnZ3Vjbm1oaWp3bGJ3ZW9hbnVjcGx2eG1lemNxIiwic3ViIjoibWl5cWdndWNubWhpandsYndlb2FudWNwbHZ4bWV6Y3EiLCJqdGkiOiJ1c2VyLTEzIn0.6BK3uOC5TqeNVzuHJRGgfmeMTxRXyHneonzs5t0XiqY','web','123','ACCESS','2025-02-27 10:10:47','2025-02-07 12:34:41','2025-02-27 10:10:47'),(117,1,'eyJhbGciOiJIUzI1NiIsInR5cCI6IkpXVCJ9.eyJ1c2VyX2lkIjoxLCJpYXQiOjE3Mzg5MzIyOTcsImV4cCI6MTczOTM2NDI5NywiaXNzIjoibWl5cWdndWNubWhpandsYndlb2FudWNwbHZ4bWV6Y3EiLCJzdWIiOiJtaXlxZ2d1Y25taGlqd2xid2VvYW51Y3BsdnhtZXpjcSIsImp0aSI6InVzZXItMSJ9.PQkE2gidjzVUz6WxKZgsHmAAwhmvRd23fe0gIZX4HDQ','web','123','ACCESS','2025-03-19 08:26:22','2025-02-07 12:44:57','2025-03-19 08:26:22'),(118,13,'eyJhbGciOiJIUzI1NiIsInR5cCI6IkpXVCJ9.eyJ1c2VyX2lkIjoxMywiaWF0IjoxNzM4OTMyNDU0LCJleHAiOjE3MzkzNjQ0NTQsImlzcyI6Im1peXFnZ3Vjbm1oaWp3bGJ3ZW9hbnVjcGx2eG1lemNxIiwic3ViIjoibWl5cWdndWNubWhpandsYndlb2FudWNwbHZ4bWV6Y3EiLCJqdGkiOiJ1c2VyLTEzIn0.7R8aF62naKe5dxU4i4CQvkkaAcLYY6FXDb7oqQEd2EE','web','123','ACCESS','2025-02-27 10:10:47','2025-02-07 12:47:34','2025-02-27 10:10:47'),(119,13,'eyJhbGciOiJIUzI1NiIsInR5cCI6IkpXVCJ9.eyJ1c2VyX2lkIjoxMywiaWF0IjoxNzM4OTMyNTA0LCJleHAiOjE3MzkzNjQ1MDQsImlzcyI6Im1peXFnZ3Vjbm1oaWp3bGJ3ZW9hbnVjcGx2eG1lemNxIiwic3ViIjoibWl5cWdndWNubWhpandsYndlb2FudWNwbHZ4bWV6Y3EiLCJqdGkiOiJ1c2VyLTEzIn0.IH0tSFYusEGi3TqIS6xtSQ_hOl6t-B6y1t2d1EwXBCI','web','123','ACCESS','2025-02-27 10:10:47','2025-02-07 12:48:24','2025-02-27 10:10:47'),(120,1,'eyJhbGciOiJIUzI1NiIsInR5cCI6IkpXVCJ9.eyJ1c2VyX2lkIjoxLCJpYXQiOjE3Mzg5MzI3NjMsImV4cCI6MTczOTM2NDc2MywiaXNzIjoibWl5cWdndWNubWhpandsYndlb2FudWNwbHZ4bWV6Y3EiLCJzdWIiOiJtaXlxZ2d1Y25taGlqd2xid2VvYW51Y3BsdnhtZXpjcSIsImp0aSI6InVzZXItMSJ9.-auesGJL88sA6G2BlLlmvyRunq-EihKQ_MuZoH0D1Xk','web','123','ACCESS','2025-03-19 08:26:22','2025-02-07 12:52:43','2025-03-19 08:26:22'),(121,1,'eyJhbGciOiJIUzI1NiIsInR5cCI6IkpXVCJ9.eyJ1c2VyX2lkIjoxLCJpYXQiOjE3Mzg5MzI4NzYsImV4cCI6MTczOTM2NDg3NiwiaXNzIjoibWl5cWdndWNubWhpandsYndlb2FudWNwbHZ4bWV6Y3EiLCJzdWIiOiJtaXlxZ2d1Y25taGlqd2xid2VvYW51Y3BsdnhtZXpjcSIsImp0aSI6InVzZXItMSJ9.rZLLK1qL22q_bshCqOK4fbQaODgXJMs22qjPXH0XIFc','web','123','ACCESS','2025-03-19 08:26:22','2025-02-07 12:54:36','2025-03-19 08:26:22'),(122,7,'eyJhbGciOiJIUzI1NiIsInR5cCI6IkpXVCJ9.eyJ1c2VyX2lkIjo3LCJpYXQiOjE3Mzg5MzM1OTEsImV4cCI6MTczOTM2NTU5MSwiaXNzIjoibWl5cWdndWNubWhpandsYndlb2FudWNwbHZ4bWV6Y3EiLCJzdWIiOiJtaXlxZ2d1Y25taGlqd2xid2VvYW51Y3BsdnhtZXpjcSIsImp0aSI6InVzZXItNyJ9.lBRhYGJGiDEH6awjIomQwkdxGyNjMAMBdbFJ7ysO0vY','ios','qwerty','ACCESS','2025-03-28 18:44:36','2025-02-07 13:06:31','2025-03-28 18:44:36'),(123,1,'eyJhbGciOiJIUzI1NiIsInR5cCI6IkpXVCJ9.eyJ1c2VyX2lkIjoxLCJpYXQiOjE3Mzg5MzQyMTMsImV4cCI6MTczOTM2NjIxMywiaXNzIjoibWl5cWdndWNubWhpandsYndlb2FudWNwbHZ4bWV6Y3EiLCJzdWIiOiJtaXlxZ2d1Y25taGlqd2xid2VvYW51Y3BsdnhtZXpjcSIsImp0aSI6InVzZXItMSJ9.8DFFh489dRTynuEmQQnRfiJmInv3QBgWlD0MsmxTPBA','web','123','ACCESS','2025-03-19 08:26:22','2025-02-07 13:16:53','2025-03-19 08:26:22'),(124,20,'eyJhbGciOiJIUzI1NiIsInR5cCI6IkpXVCJ9.eyJ1c2VyX2lkIjoyMCwiaWF0IjoxNzM4OTM0NTAzLCJleHAiOjE3MzkzNjY1MDMsImlzcyI6Im1peXFnZ3Vjbm1oaWp3bGJ3ZW9hbnVjcGx2eG1lemNxIiwic3ViIjoibWl5cWdndWNubWhpandsYndlb2FudWNwbHZ4bWV6Y3EiLCJqdGkiOiJ1c2VyLTIwIn0.zACOsCa_zuowh23Wp4Xv-fLnW3qQUVWOGCv0wAKUXqk','web',NULL,'ACCESS','2025-02-07 14:35:31','2025-02-07 13:21:43','2025-02-07 14:35:31'),(125,11,'eyJhbGciOiJIUzI1NiIsInR5cCI6IkpXVCJ9.eyJ1c2VyX2lkIjoxMSwiaWF0IjoxNzM4OTQwMDgxLCJleHAiOjE3MzkzNzIwODEsImlzcyI6Im1peXFnZ3Vjbm1oaWp3bGJ3ZW9hbnVjcGx2eG1lemNxIiwic3ViIjoibWl5cWdndWNubWhpandsYndlb2FudWNwbHZ4bWV6Y3EiLCJqdGkiOiJ1c2VyLTExIn0.ZZWLzXM2R1mQqUJfXSKWL5L0l9OSRQRZoIOSMCOYJ0g','web','123','ACCESS','2025-03-12 10:16:24','2025-02-07 14:54:41','2025-03-12 10:16:24'),(126,11,'eyJhbGciOiJIUzI1NiIsInR5cCI6IkpXVCJ9.eyJ1c2VyX2lkIjoxMSwiaWF0IjoxNzM4OTQwNDg1LCJleHAiOjE3MzkzNzI0ODUsImlzcyI6Im1peXFnZ3Vjbm1oaWp3bGJ3ZW9hbnVjcGx2eG1lemNxIiwic3ViIjoibWl5cWdndWNubWhpandsYndlb2FudWNwbHZ4bWV6Y3EiLCJqdGkiOiJ1c2VyLTExIn0.ACAa4LnvRqPVhPo-5kqY-Fxb9eULcqOf2LSMbO1lCXA','web','123','ACCESS','2025-03-12 10:16:24','2025-02-07 15:01:25','2025-03-12 10:16:24'),(127,11,'eyJhbGciOiJIUzI1NiIsInR5cCI6IkpXVCJ9.eyJ1c2VyX2lkIjoxMSwiaWF0IjoxNzM4OTQwNTUwLCJleHAiOjE3MzkzNzI1NTAsImlzcyI6Im1peXFnZ3Vjbm1oaWp3bGJ3ZW9hbnVjcGx2eG1lemNxIiwic3ViIjoibWl5cWdndWNubWhpandsYndlb2FudWNwbHZ4bWV6Y3EiLCJqdGkiOiJ1c2VyLTExIn0.nVdvvHvk7Pxu0eM21888DppgNakD7QwUOniQRtImM_g','web','123','ACCESS','2025-03-12 10:16:24','2025-02-07 15:02:30','2025-03-12 10:16:24'),(128,11,'eyJhbGciOiJIUzI1NiIsInR5cCI6IkpXVCJ9.eyJ1c2VyX2lkIjoxMSwiaWF0IjoxNzM4OTQwODkxLCJleHAiOjE3MzkzNzI4OTEsImlzcyI6Im1peXFnZ3Vjbm1oaWp3bGJ3ZW9hbnVjcGx2eG1lemNxIiwic3ViIjoibWl5cWdndWNubWhpandsYndlb2FudWNwbHZ4bWV6Y3EiLCJqdGkiOiJ1c2VyLTExIn0.JQMDLLmRrFUYKU-oLB-elpCHcOpe_ebA9S31pqo4jiE','web','dwvLGA6PXx5z2i2w-l-d43:APA91bEjIT_7SpQ8XvlLlgoLH8XRpX7EOkgdr80Wg0D-9KG4EzDtDJ0xRSiBl0YYD-2lnTa1uDSTm0Q7x5tTyRJnlwhK5Ol8ap1zp_pC0nwujQ_nQ0lCZnk','ACCESS','2025-03-12 10:16:24','2025-02-07 15:08:11','2025-03-12 10:16:24'),(129,7,'eyJhbGciOiJIUzI1NiIsInR5cCI6IkpXVCJ9.eyJ1c2VyX2lkIjo3LCJpYXQiOjE3Mzg5NDEwMTQsImV4cCI6MTczOTM3MzAxNCwiaXNzIjoibWl5cWdndWNubWhpandsYndlb2FudWNwbHZ4bWV6Y3EiLCJzdWIiOiJtaXlxZ2d1Y25taGlqd2xid2VvYW51Y3BsdnhtZXpjcSIsImp0aSI6InVzZXItNyJ9.nYRZ17rvpEiIybHMhSCToa7DAD0Bz4oQ6GF_Kp1xFQE','web','123','RESET','2025-03-28 18:44:36','2025-02-07 15:10:14','2025-03-28 18:44:36'),(130,7,'eyJhbGciOiJIUzI1NiIsInR5cCI6IkpXVCJ9.eyJ1c2VyX2lkIjo3LCJpYXQiOjE3Mzg5NDEwNDYsImV4cCI6MTczOTM3MzA0NiwiaXNzIjoibWl5cWdndWNubWhpandsYndlb2FudWNwbHZ4bWV6Y3EiLCJzdWIiOiJtaXlxZ2d1Y25taGlqd2xid2VvYW51Y3BsdnhtZXpjcSIsImp0aSI6InVzZXItNyJ9.aUEU9xzhuLuGOOliX6nyGUIOc7Zd1yUCwFgswC6e4Nk','web','123123','ACCESS','2025-03-28 18:44:36','2025-02-07 15:10:46','2025-03-28 18:44:36'),(131,7,'eyJhbGciOiJIUzI1NiIsInR5cCI6IkpXVCJ9.eyJ1c2VyX2lkIjo3LCJpYXQiOjE3Mzg5NDEwNjQsImV4cCI6MTczOTM3MzA2NCwiaXNzIjoibWl5cWdndWNubWhpandsYndlb2FudWNwbHZ4bWV6Y3EiLCJzdWIiOiJtaXlxZ2d1Y25taGlqd2xid2VvYW51Y3BsdnhtZXpjcSIsImp0aSI6InVzZXItNyJ9.Y5_Pb1Abk8BJeSEhIC457iaOk_ObHvnV0QJV2nq-kJw','web','123123','ACCESS','2025-03-28 18:44:36','2025-02-07 15:11:04','2025-03-28 18:44:36'),(132,24,'eyJhbGciOiJIUzI1NiIsInR5cCI6IkpXVCJ9.eyJ1c2VyX2lkIjoyNCwiaWF0IjoxNzM4OTQxNTU2LCJleHAiOjE3MzkzNzM1NTYsImlzcyI6Im1peXFnZ3Vjbm1oaWp3bGJ3ZW9hbnVjcGx2eG1lemNxIiwic3ViIjoibWl5cWdndWNubWhpandsYndlb2FudWNwbHZ4bWV6Y3EiLCJqdGkiOiJ1c2VyLTI0In0.S-ScNHFWsCopgvWbjQRgdGfDCzHkMtL__3UTOWJ883g','web','123','ACCESS',NULL,'2025-02-07 15:19:16','2025-02-07 15:19:16'),(133,25,'eyJhbGciOiJIUzI1NiIsInR5cCI6IkpXVCJ9.eyJ1c2VyX2lkIjoyNSwiaWF0IjoxNzM4OTQxNjU4LCJleHAiOjE3MzkzNzM2NTgsImlzcyI6Im1peXFnZ3Vjbm1oaWp3bGJ3ZW9hbnVjcGx2eG1lemNxIiwic3ViIjoibWl5cWdndWNubWhpandsYndlb2FudWNwbHZ4bWV6Y3EiLCJqdGkiOiJ1c2VyLTI1In0.LJ7uebvRRiVoXLuMQK1PJC1W60aC1Zx0i9CNFKGCYlM','web','fy-lfHYN8u3aW8od7nmFg1:APA91bGiDuUgaoqfqV0lSI_DjACSSO7RDulzwzvM2lTi9s9y6xcT3sMQ67a55lai5CnB3Cvz2x7bFKjZ-EKFujGqJHvHMqtjLHrJd-J_Iq52KkFhadiMQ8E','ACCESS',NULL,'2025-02-07 15:20:58','2025-02-12 09:52:22'),(134,16,'eyJhbGciOiJIUzI1NiIsInR5cCI6IkpXVCJ9.eyJ1c2VyX2lkIjoxNiwiaWF0IjoxNzM5MTM3MzMyLCJleHAiOjE3Mzk1NjkzMzIsImlzcyI6Im1peXFnZ3Vjbm1oaWp3bGJ3ZW9hbnVjcGx2eG1lemNxIiwic3ViIjoibWl5cWdndWNubWhpandsYndlb2FudWNwbHZ4bWV6Y3EiLCJqdGkiOiJ1c2VyLTE2In0.nDFV7oz6jyzGVrP2ClsU1gg6vj9TimeiE0XNGBo4Apo','web','123','ACCESS','2025-02-09 22:01:30','2025-02-09 21:42:12','2025-02-09 22:01:30'),(135,16,'eyJhbGciOiJIUzI1NiIsInR5cCI6IkpXVCJ9.eyJ1c2VyX2lkIjoxNiwiaWF0IjoxNzM5MTM3MzU0LCJleHAiOjE3Mzk1NjkzNTQsImlzcyI6Im1peXFnZ3Vjbm1oaWp3bGJ3ZW9hbnVjcGx2eG1lemNxIiwic3ViIjoibWl5cWdndWNubWhpandsYndlb2FudWNwbHZ4bWV6Y3EiLCJqdGkiOiJ1c2VyLTE2In0.I8XihlvlMKVJX-HcqhZV-lVh4wHf3whJhWVLncaoakQ','web','dMts0DlPRfVwG6c4GB3RrR:APA91bG7G1Oct8LETTb_Ey5Kjnyw9XK8WRonj9jDItzAOovNP9rEXlLXlJqMcF32cP8WyKn5sZui-X_wFq3AKQie5H9iaWX_WkTZ4YFlhWLyyooKS6bvnFg','ACCESS','2025-02-09 22:01:30','2025-02-09 21:42:34','2025-02-09 22:01:30'),(136,17,'eyJhbGciOiJIUzI1NiIsInR5cCI6IkpXVCJ9.eyJ1c2VyX2lkIjoxNywiaWF0IjoxNzM5MTM4MTY0LCJleHAiOjE3Mzk1NzAxNjQsImlzcyI6Im1peXFnZ3Vjbm1oaWp3bGJ3ZW9hbnVjcGx2eG1lemNxIiwic3ViIjoibWl5cWdndWNubWhpandsYndlb2FudWNwbHZ4bWV6Y3EiLCJqdGkiOiJ1c2VyLTE3In0.uOQj8PCdHikZtuvoESScZUkEG5B1ygM90hVCJIlVrro','web','123','RESET','2025-02-09 21:56:14','2025-02-09 21:56:04','2025-02-09 21:56:14'),(137,16,'eyJhbGciOiJIUzI1NiIsInR5cCI6IkpXVCJ9.eyJ1c2VyX2lkIjoxNiwiaWF0IjoxNzM5MTM4NDQ4LCJleHAiOjE3Mzk1NzA0NDgsImlzcyI6Im1peXFnZ3Vjbm1oaWp3bGJ3ZW9hbnVjcGx2eG1lemNxIiwic3ViIjoibWl5cWdndWNubWhpandsYndlb2FudWNwbHZ4bWV6Y3EiLCJqdGkiOiJ1c2VyLTE2In0.ah6YpaamSWs1YvYvwiRLypDxihlhpJ5z6ABPT75D_tg','web','dMts0DlPRfVwG6c4GB3RrR:APA91bG7G1Oct8LETTb_Ey5Kjnyw9XK8WRonj9jDItzAOovNP9rEXlLXlJqMcF32cP8WyKn5sZui-X_wFq3AKQie5H9iaWX_WkTZ4YFlhWLyyooKS6bvnFg','ACCESS','2025-02-09 22:01:30','2025-02-09 22:00:48','2025-02-09 22:01:30'),(138,26,'eyJhbGciOiJIUzI1NiIsInR5cCI6IkpXVCJ9.eyJ1c2VyX2lkIjoyNiwiaWF0IjoxNzM5MTM4NDk3LCJleHAiOjE3Mzk1NzA0OTcsImlzcyI6Im1peXFnZ3Vjbm1oaWp3bGJ3ZW9hbnVjcGx2eG1lemNxIiwic3ViIjoibWl5cWdndWNubWhpandsYndlb2FudWNwbHZ4bWV6Y3EiLCJqdGkiOiJ1c2VyLTI2In0.D9IePWtM8YDS8CUhCvgdgUkMGbL2b8pA27bcVUieID0','web','dMts0DlPRfVwG6c4GB3RrR:APA91bG7G1Oct8LETTb_Ey5Kjnyw9XK8WRonj9jDItzAOovNP9rEXlLXlJqMcF32cP8WyKn5sZui-X_wFq3AKQie5H9iaWX_WkTZ4YFlhWLyyooKS6bvnFg','ACCESS','2025-02-09 23:16:42','2025-02-09 22:01:37','2025-02-09 23:16:42'),(139,10,'eyJhbGciOiJIUzI1NiIsInR5cCI6IkpXVCJ9.eyJ1c2VyX2lkIjoxMCwiaWF0IjoxNzM5MTM4NTM5LCJleHAiOjE3Mzk1NzA1MzksImlzcyI6Im1peXFnZ3Vjbm1oaWp3bGJ3ZW9hbnVjcGx2eG1lemNxIiwic3ViIjoibWl5cWdndWNubWhpandsYndlb2FudWNwbHZ4bWV6Y3EiLCJqdGkiOiJ1c2VyLTEwIn0.Qq2h07YN3nx5Iatm9guPRynaM0bRypxpv9vlAo1LThc','web','123123','ACCESS','2025-03-27 20:00:13','2025-02-09 22:02:19','2025-03-27 20:00:13'),(140,10,'eyJhbGciOiJIUzI1NiIsInR5cCI6IkpXVCJ9.eyJ1c2VyX2lkIjoxMCwiaWF0IjoxNzM5MTM5NDI4LCJleHAiOjE3Mzk1NzE0MjgsImlzcyI6Im1peXFnZ3Vjbm1oaWp3bGJ3ZW9hbnVjcGx2eG1lemNxIiwic3ViIjoibWl5cWdndWNubWhpandsYndlb2FudWNwbHZ4bWV6Y3EiLCJqdGkiOiJ1c2VyLTEwIn0.xrRtrR98q5_lJtgqLTTod103wzRXGxBBGgA_Z_93zOY','web','fy5SxL0S3jmpEu9LI8L1ZR:APA91bETlHoTIB1BGMAsRg3_91xiD0OTr3zrluHoMkD09Chj63RDWvjrqHSfcqFOYltmNXOYYqNEpzbOA8LAbSS9SELKKA1KmwEiaqRNjTwpUntUyG8AKJQ','ACCESS','2025-03-27 20:00:13','2025-02-09 22:17:08','2025-03-27 20:00:13'),(141,1,'eyJhbGciOiJIUzI1NiIsInR5cCI6IkpXVCJ9.eyJ1c2VyX2lkIjoxLCJpYXQiOjE3MzkxNDI0MDAsImV4cCI6MTczOTU3NDQwMCwiaXNzIjoibWl5cWdndWNubWhpandsYndlb2FudWNwbHZ4bWV6Y3EiLCJzdWIiOiJtaXlxZ2d1Y25taGlqd2xid2VvYW51Y3BsdnhtZXpjcSIsImp0aSI6InVzZXItMSJ9.MgV2vTZMam94rLJyiQwabkTmm7xvz9lIquYxZghdA9k','web','123','ACCESS','2025-03-19 08:26:22','2025-02-09 23:06:40','2025-03-19 08:26:22'),(142,13,'eyJhbGciOiJIUzI1NiIsInR5cCI6IkpXVCJ9.eyJ1c2VyX2lkIjoxMywiaWF0IjoxNzM5MTk4NzQ0LCJleHAiOjE3Mzk2MzA3NDQsImlzcyI6Im1peXFnZ3Vjbm1oaWp3bGJ3ZW9hbnVjcGx2eG1lemNxIiwic3ViIjoibWl5cWdndWNubWhpandsYndlb2FudWNwbHZ4bWV6Y3EiLCJqdGkiOiJ1c2VyLTEzIn0.jVkdsAMSEEz0LeOjtogMwvArR5ceFGEYgdbbO0kRcTY','web','dXXUJWW7EbK0LXD6vRt8De:APA91bFIAz_nsuh2cc0wwlq28BVYyfe78SpY5V1xPHeQ7ESs_gI5xTr7CEuxUzr-6_uIiZFEwjdRix5Pwa7p8gpS0mOFUZVzWLzyDg6XL5C6L8qFUp94huQ','ACCESS','2025-02-27 10:10:47','2025-02-10 14:45:44','2025-02-27 10:10:47'),(143,1,'eyJhbGciOiJIUzI1NiIsInR5cCI6IkpXVCJ9.eyJ1c2VyX2lkIjoxLCJpYXQiOjE3MzkzNTIwNTIsImV4cCI6MTczOTc4NDA1MiwiaXNzIjoibWl5cWdndWNubWhpandsYndlb2FudWNwbHZ4bWV6Y3EiLCJzdWIiOiJtaXlxZ2d1Y25taGlqd2xid2VvYW51Y3BsdnhtZXpjcSIsImp0aSI6InVzZXItMSJ9.YQkwZ8vR4RRvwZeKejHHl8ez9Bt63B4y4XEzkpRu90E','web','123','ACCESS','2025-03-19 08:26:22','2025-02-12 09:20:52','2025-03-19 08:26:22'),(144,10,'eyJhbGciOiJIUzI1NiIsInR5cCI6IkpXVCJ9.eyJ1c2VyX2lkIjoxMCwiaWF0IjoxNzM5MzkxMzg4LCJleHAiOjE3Mzk4MjMzODgsImlzcyI6Im1peXFnZ3Vjbm1oaWp3bGJ3ZW9hbnVjcGx2eG1lemNxIiwic3ViIjoibWl5cWdndWNubWhpandsYndlb2FudWNwbHZ4bWV6Y3EiLCJqdGkiOiJ1c2VyLTEwIn0.-BDromM4yN822J5-JUflOinMrtK5aAU9qnbIONw7SKk','web','123123','ACCESS','2025-03-27 20:00:13','2025-02-12 20:16:28','2025-03-27 20:00:13'),(145,10,'eyJhbGciOiJIUzI1NiIsInR5cCI6IkpXVCJ9.eyJ1c2VyX2lkIjoxMCwiaWF0IjoxNzM5MzkxMzk0LCJleHAiOjE3Mzk4MjMzOTQsImlzcyI6Im1peXFnZ3Vjbm1oaWp3bGJ3ZW9hbnVjcGx2eG1lemNxIiwic3ViIjoibWl5cWdndWNubWhpandsYndlb2FudWNwbHZ4bWV6Y3EiLCJqdGkiOiJ1c2VyLTEwIn0.HnhfDzNisD7NTsOs_vT5CLqMH1vgK-q52RHDd7YzgSY','web','123123','ACCESS','2025-03-27 20:00:13','2025-02-12 20:16:34','2025-03-27 20:00:13'),(146,10,'eyJhbGciOiJIUzI1NiIsInR5cCI6IkpXVCJ9.eyJ1c2VyX2lkIjoxMCwiaWF0IjoxNzM5MzkxNDEyLCJleHAiOjE3Mzk4MjM0MTIsImlzcyI6Im1peXFnZ3Vjbm1oaWp3bGJ3ZW9hbnVjcGx2eG1lemNxIiwic3ViIjoibWl5cWdndWNubWhpandsYndlb2FudWNwbHZ4bWV6Y3EiLCJqdGkiOiJ1c2VyLTEwIn0.dvLGWFUWuu9PAXP1HL3ro9vGJq7HqGGPkx2FpUJm8B4','web','123','ACCESS','2025-03-27 20:00:13','2025-02-12 20:16:52','2025-03-27 20:00:13'),(147,19,'eyJhbGciOiJIUzI1NiIsInR5cCI6IkpXVCJ9.eyJ1c2VyX2lkIjoxOSwiaWF0IjoxNzM5NDI4MTg4LCJleHAiOjE3Mzk4NjAxODgsImlzcyI6Im1peXFnZ3Vjbm1oaWp3bGJ3ZW9hbnVjcGx2eG1lemNxIiwic3ViIjoibWl5cWdndWNubWhpandsYndlb2FudWNwbHZ4bWV6Y3EiLCJqdGkiOiJ1c2VyLTE5In0.BTnM6aNIchiz7C63IY9Te8HyO_dMCly1VDT8QJf4c6Q','web','123','ACCESS','2025-02-25 09:19:34','2025-02-13 06:29:48','2025-02-25 09:19:34'),(148,19,'eyJhbGciOiJIUzI1NiIsInR5cCI6IkpXVCJ9.eyJ1c2VyX2lkIjoxOSwiaWF0IjoxNzM5NDI4MjA0LCJleHAiOjE3Mzk4NjAyMDQsImlzcyI6Im1peXFnZ3Vjbm1oaWp3bGJ3ZW9hbnVjcGx2eG1lemNxIiwic3ViIjoibWl5cWdndWNubWhpandsYndlb2FudWNwbHZ4bWV6Y3EiLCJqdGkiOiJ1c2VyLTE5In0.d4z18Jj7ymFYfQT0WSrmk5HkQ2SrXbFvxIiujzwX3aE','web','fSDc5InhcOsgIl4FThCP98:APA91bEm-Frm5auyc31N3i-4AOg_-ayAqE-Qllx_3MUwLPnlaK-naXR-XGTj3TGqmlcXLxjJyjCfaZO6dqVt0zHbcr3MLgg9nNJWqiBYUkxyn-KjbdlIOXg','ACCESS','2025-02-25 09:19:34','2025-02-13 06:30:04','2025-02-25 09:19:34'),(149,7,'eyJhbGciOiJIUzI1NiIsInR5cCI6IkpXVCJ9.eyJ1c2VyX2lkIjo3LCJpYXQiOjE3Mzk0MzEyMjAsImV4cCI6MTczOTg2MzIyMCwiaXNzIjoibWl5cWdndWNubWhpandsYndlb2FudWNwbHZ4bWV6Y3EiLCJzdWIiOiJtaXlxZ2d1Y25taGlqd2xid2VvYW51Y3BsdnhtZXpjcSIsImp0aSI6InVzZXItNyJ9.TrJdnBwwJXasD5cC0zRDZkVYwakOhya3f4a1E1CIOtg','ios','qwerty','ACCESS','2025-03-28 18:44:36','2025-02-13 07:20:20','2025-03-28 18:44:36'),(150,11,'eyJhbGciOiJIUzI1NiIsInR5cCI6IkpXVCJ9.eyJ1c2VyX2lkIjoxMSwiaWF0IjoxNzM5NDM3NzA5LCJleHAiOjE3Mzk4Njk3MDksImlzcyI6Im1peXFnZ3Vjbm1oaWp3bGJ3ZW9hbnVjcGx2eG1lemNxIiwic3ViIjoibWl5cWdndWNubWhpandsYndlb2FudWNwbHZ4bWV6Y3EiLCJqdGkiOiJ1c2VyLTExIn0.FuhdvB8B5WxpWn3rxNn-ta1iHFs-xlcEUVjhH8QirRM','web','123','ACCESS','2025-03-12 10:16:24','2025-02-13 09:08:29','2025-03-12 10:16:24'),(151,11,'eyJhbGciOiJIUzI1NiIsInR5cCI6IkpXVCJ9.eyJ1c2VyX2lkIjoxMSwiaWF0IjoxNzM5NDM3NzQ3LCJleHAiOjE3Mzk4Njk3NDcsImlzcyI6Im1peXFnZ3Vjbm1oaWp3bGJ3ZW9hbnVjcGx2eG1lemNxIiwic3ViIjoibWl5cWdndWNubWhpandsYndlb2FudWNwbHZ4bWV6Y3EiLCJqdGkiOiJ1c2VyLTExIn0.0q20_b4v7iW-hf8tdK2ahOGKzdroc6tm7TG4Ax35Rxo','web','dwvLGA6PXx5z2i2w-l-d43:APA91bEjIT_7SpQ8XvlLlgoLH8XRpX7EOkgdr80Wg0D-9KG4EzDtDJ0xRSiBl0YYD-2lnTa1uDSTm0Q7x5tTyRJnlwhK5Ol8ap1zp_pC0nwujQ_nQ0lCZnk','ACCESS','2025-03-12 10:16:24','2025-02-13 09:09:07','2025-03-12 10:16:24'),(152,7,'eyJhbGciOiJIUzI1NiIsInR5cCI6IkpXVCJ9.eyJ1c2VyX2lkIjo3LCJpYXQiOjE3Mzk0NTMxNjYsImV4cCI6MTczOTg4NTE2NiwiaXNzIjoibWl5cWdndWNubWhpandsYndlb2FudWNwbHZ4bWV6Y3EiLCJzdWIiOiJtaXlxZ2d1Y25taGlqd2xid2VvYW51Y3BsdnhtZXpjcSIsImp0aSI6InVzZXItNyJ9.-taSnerL9DOCxIDxgVaRiye-Tb_TrtiZhtl5yO9ikaA','ios','qwerty','ACCESS','2025-03-28 18:44:36','2025-02-13 13:26:06','2025-03-28 18:44:36'),(153,5,'eyJhbGciOiJIUzI1NiIsInR5cCI6IkpXVCJ9.eyJ1c2VyX2lkIjo1LCJpYXQiOjE3Mzk1MzY4MjgsImV4cCI6MTczOTk2ODgyOCwiaXNzIjoibWl5cWdndWNubWhpandsYndlb2FudWNwbHZ4bWV6Y3EiLCJzdWIiOiJtaXlxZ2d1Y25taGlqd2xid2VvYW51Y3BsdnhtZXpjcSIsImp0aSI6InVzZXItNSJ9.3X9B_vbhR0pz_Uj0YlmQDymoBi3EeNqEhmIGSYTwTXw','web','123','ACCESS','2025-02-15 21:52:40','2025-02-14 12:40:28','2025-02-15 21:52:40'),(154,5,'eyJhbGciOiJIUzI1NiIsInR5cCI6IkpXVCJ9.eyJ1c2VyX2lkIjo1LCJpYXQiOjE3Mzk1MzY4NDQsImV4cCI6MTczOTk2ODg0NCwiaXNzIjoibWl5cWdndWNubWhpandsYndlb2FudWNwbHZ4bWV6Y3EiLCJzdWIiOiJtaXlxZ2d1Y25taGlqd2xid2VvYW51Y3BsdnhtZXpjcSIsImp0aSI6InVzZXItNSJ9.a_pfsLwFQsXosorYjAgz2DM7O2MSG7RcxbcXiMNzUEc','web','123','ACCESS','2025-02-15 21:52:40','2025-02-14 12:40:44','2025-02-15 21:52:40'),(155,13,'eyJhbGciOiJIUzI1NiIsInR5cCI6IkpXVCJ9.eyJ1c2VyX2lkIjoxMywiaWF0IjoxNzM5NTM3NDQxLCJleHAiOjE3Mzk5Njk0NDEsImlzcyI6Im1peXFnZ3Vjbm1oaWp3bGJ3ZW9hbnVjcGx2eG1lemNxIiwic3ViIjoibWl5cWdndWNubWhpandsYndlb2FudWNwbHZ4bWV6Y3EiLCJqdGkiOiJ1c2VyLTEzIn0.cH0_mJUCrQ6UYDnuTg5frHC0MIPNnBvDbNmNtfmZMHw','web','cFyALvwGSPChUkdOU1TsN9:APA91bEuGNNdXED3sxe-Y6op7I0SbE8G0cZD9PtnbyLDUoGNX-rZyuTi-BEfUqsLZrx_uqqYdGy_KEhql1UHC2ov0y1k9wCI4eaTKM0kfKIA12X-4hPniNc','ACCESS','2025-02-27 10:10:47','2025-02-14 12:50:41','2025-02-27 10:10:47'),(156,7,'eyJhbGciOiJIUzI1NiIsInR5cCI6IkpXVCJ9.eyJ1c2VyX2lkIjo3LCJpYXQiOjE3Mzk1MzgyNjksImV4cCI6MTczOTk3MDI2OSwiaXNzIjoibWl5cWdndWNubWhpandsYndlb2FudWNwbHZ4bWV6Y3EiLCJzdWIiOiJtaXlxZ2d1Y25taGlqd2xid2VvYW51Y3BsdnhtZXpjcSIsImp0aSI6InVzZXItNyJ9.Q0mWffn-uvge_GFxbwjkXISD1qc0RDPEnUEEqpW4LIA','web',NULL,'ACCESS','2025-03-28 18:44:36','2025-02-14 13:04:29','2025-03-28 18:44:36'),(157,13,'eyJhbGciOiJIUzI1NiIsInR5cCI6IkpXVCJ9.eyJ1c2VyX2lkIjoxMywiaWF0IjoxNzM5NTM4NjcwLCJleHAiOjE3Mzk5NzA2NzAsImlzcyI6Im1peXFnZ3Vjbm1oaWp3bGJ3ZW9hbnVjcGx2eG1lemNxIiwic3ViIjoibWl5cWdndWNubWhpandsYndlb2FudWNwbHZ4bWV6Y3EiLCJqdGkiOiJ1c2VyLTEzIn0.lKpuaQCVAIZK7BZB7twAFQy_KmxC1WvVWS8ryeITn9w','web','123','ACCESS','2025-02-27 10:10:47','2025-02-14 13:11:10','2025-02-27 10:10:47'),(158,7,'eyJhbGciOiJIUzI1NiIsInR5cCI6IkpXVCJ9.eyJ1c2VyX2lkIjo3LCJpYXQiOjE3Mzk1Mzg3MDQsImV4cCI6MTczOTk3MDcwNCwiaXNzIjoibWl5cWdndWNubWhpandsYndlb2FudWNwbHZ4bWV6Y3EiLCJzdWIiOiJtaXlxZ2d1Y25taGlqd2xid2VvYW51Y3BsdnhtZXpjcSIsImp0aSI6InVzZXItNyJ9.xZ0Fm8qANqHfNtEA46rAoR6JlnsjJW4hwUb0iPhrGTI','web','cFyALvwGSPChUkdOU1TsN9:APA91bEuGNNdXED3sxe-Y6op7I0SbE8G0cZD9PtnbyLDUoGNX-rZyuTi-BEfUqsLZrx_uqqYdGy_KEhql1UHC2ov0y1k9wCI4eaTKM0kfKIA12X-4hPniNc','ACCESS','2025-03-28 18:44:36','2025-02-14 13:11:44','2025-03-28 18:44:36'),(159,7,'eyJhbGciOiJIUzI1NiIsInR5cCI6IkpXVCJ9.eyJ1c2VyX2lkIjo3LCJpYXQiOjE3Mzk1NDA3MTQsImV4cCI6MTczOTk3MjcxNCwiaXNzIjoibWl5cWdndWNubWhpandsYndlb2FudWNwbHZ4bWV6Y3EiLCJzdWIiOiJtaXlxZ2d1Y25taGlqd2xid2VvYW51Y3BsdnhtZXpjcSIsImp0aSI6InVzZXItNyJ9.wPovJjC9MFj0-di7UdU-L7QtLAEftXENihxx84DXTBk','web','123123','ACCESS','2025-03-28 18:44:36','2025-02-14 13:45:14','2025-03-28 18:44:36'),(160,13,'eyJhbGciOiJIUzI1NiIsInR5cCI6IkpXVCJ9.eyJ1c2VyX2lkIjoxMywiaWF0IjoxNzM5NTQwNzM3LCJleHAiOjE3Mzk5NzI3MzcsImlzcyI6Im1peXFnZ3Vjbm1oaWp3bGJ3ZW9hbnVjcGx2eG1lemNxIiwic3ViIjoibWl5cWdndWNubWhpandsYndlb2FudWNwbHZ4bWV6Y3EiLCJqdGkiOiJ1c2VyLTEzIn0.lJ5mWCjHTxOcxsEfR5Mv4da80Euxgsh3xWJagu_3Yuo','web','123','ACCESS','2025-02-27 10:10:47','2025-02-14 13:45:37','2025-02-27 10:10:47'),(161,7,'eyJhbGciOiJIUzI1NiIsInR5cCI6IkpXVCJ9.eyJ1c2VyX2lkIjo3LCJpYXQiOjE3Mzk1NDA3NTYsImV4cCI6MTczOTk3Mjc1NiwiaXNzIjoibWl5cWdndWNubWhpandsYndlb2FudWNwbHZ4bWV6Y3EiLCJzdWIiOiJtaXlxZ2d1Y25taGlqd2xid2VvYW51Y3BsdnhtZXpjcSIsImp0aSI6InVzZXItNyJ9.jPEecFapielKpK6BsIQEURUX2PTI9dhvQGxRiJb7vQc','web','dYgad9dkWNc8fsrDmgJpOE:APA91bFd8QMRu2EXXClpIP_zRYDYe8G7dtEWoNQS5f6pLyrG-vrSYJXelYk7VOp4HeYz0r43CFA1hHnJY4tXQj77XPo9F9eztcjea2KdnAU0G-BGifSUWeA','ACCESS','2025-03-28 18:44:36','2025-02-14 13:45:56','2025-03-28 18:44:36'),(162,28,'eyJhbGciOiJIUzI1NiIsInR5cCI6IkpXVCJ9.eyJ1c2VyX2lkIjoyOCwiaWF0IjoxNzM5NTQyNjIyLCJleHAiOjE3Mzk5NzQ2MjIsImlzcyI6Im1peXFnZ3Vjbm1oaWp3bGJ3ZW9hbnVjcGx2eG1lemNxIiwic3ViIjoibWl5cWdndWNubWhpandsYndlb2FudWNwbHZ4bWV6Y3EiLCJqdGkiOiJ1c2VyLTI4In0.AaKcXSz8ycl2eqrBHzIPjwKWZjS0M3PyZLQubIzwgC0','web','123','ACCESS',NULL,'2025-02-14 14:17:02','2025-02-14 14:17:02'),(163,13,'eyJhbGciOiJIUzI1NiIsInR5cCI6IkpXVCJ9.eyJ1c2VyX2lkIjoxMywiaWF0IjoxNzM5NTQ0NTc4LCJleHAiOjE3Mzk5NzY1NzgsImlzcyI6Im1peXFnZ3Vjbm1oaWp3bGJ3ZW9hbnVjcGx2eG1lemNxIiwic3ViIjoibWl5cWdndWNubWhpandsYndlb2FudWNwbHZ4bWV6Y3EiLCJqdGkiOiJ1c2VyLTEzIn0.s_e50-wr8RTudoQW3zZ1jfXCK2OgdPuiCdqfbs82_Io','web','123','ACCESS','2025-02-27 10:10:47','2025-02-14 14:49:38','2025-02-27 10:10:47'),(164,1,'eyJhbGciOiJIUzI1NiIsInR5cCI6IkpXVCJ9.eyJ1c2VyX2lkIjoxLCJpYXQiOjE3Mzk1NDk0OTAsImV4cCI6MTczOTk4MTQ5MCwiaXNzIjoibWl5cWdndWNubWhpandsYndlb2FudWNwbHZ4bWV6Y3EiLCJzdWIiOiJtaXlxZ2d1Y25taGlqd2xid2VvYW51Y3BsdnhtZXpjcSIsImp0aSI6InVzZXItMSJ9.W-2IM7I2nRU_fcw_zCyyQnfB1PJNAbJU6F73e62mTYo','web','123','ACCESS','2025-03-19 08:26:22','2025-02-14 16:11:30','2025-03-19 08:26:22'),(165,10,'eyJhbGciOiJIUzI1NiIsInR5cCI6IkpXVCJ9.eyJ1c2VyX2lkIjoxMCwiaWF0IjoxNzM5NTYzNzI4LCJleHAiOjE3Mzk5OTU3MjgsImlzcyI6Im1peXFnZ3Vjbm1oaWp3bGJ3ZW9hbnVjcGx2eG1lemNxIiwic3ViIjoibWl5cWdndWNubWhpandsYndlb2FudWNwbHZ4bWV6Y3EiLCJqdGkiOiJ1c2VyLTEwIn0.vqHJKRQqOv1sRk2iXbtC-MrAQvq7w9GmCJP1Nk2CzVo','web','123123','ACCESS','2025-03-27 20:00:13','2025-02-14 20:08:48','2025-03-27 20:00:13'),(166,10,'eyJhbGciOiJIUzI1NiIsInR5cCI6IkpXVCJ9.eyJ1c2VyX2lkIjoxMCwiaWF0IjoxNzM5NTYzNzc2LCJleHAiOjE3Mzk5OTU3NzYsImlzcyI6Im1peXFnZ3Vjbm1oaWp3bGJ3ZW9hbnVjcGx2eG1lemNxIiwic3ViIjoibWl5cWdndWNubWhpandsYndlb2FudWNwbHZ4bWV6Y3EiLCJqdGkiOiJ1c2VyLTEwIn0.tVv6h78RmZfJTppvI17N_g9sb6KNYkgDS4axzo4XPNE','web','fy5SxL0S3jmpEu9LI8L1ZR:APA91bETlHoTIB1BGMAsRg3_91xiD0OTr3zrluHoMkD09Chj63RDWvjrqHSfcqFOYltmNXOYYqNEpzbOA8LAbSS9SELKKA1KmwEiaqRNjTwpUntUyG8AKJQ','ACCESS','2025-03-27 20:00:13','2025-02-14 20:09:36','2025-03-27 20:00:13'),(167,29,'eyJhbGciOiJIUzI1NiIsInR5cCI6IkpXVCJ9.eyJ1c2VyX2lkIjoyOSwiaWF0IjoxNzM5NTY0MDY5LCJleHAiOjE3Mzk5OTYwNjksImlzcyI6Im1peXFnZ3Vjbm1oaWp3bGJ3ZW9hbnVjcGx2eG1lemNxIiwic3ViIjoibWl5cWdndWNubWhpandsYndlb2FudWNwbHZ4bWV6Y3EiLCJqdGkiOiJ1c2VyLTI5In0.Tjh306EZjHpE9hWGLtrjA-pxc79W6IDcfkMVhBuIfiQ','web',NULL,'ACCESS','2025-03-03 02:27:04','2025-02-14 20:14:29','2025-03-03 02:27:04'),(168,1,'eyJhbGciOiJIUzI1NiIsInR5cCI6IkpXVCJ9.eyJ1c2VyX2lkIjoxLCJpYXQiOjE3Mzk1NjUzNjYsImV4cCI6MTczOTk5NzM2NiwiaXNzIjoibWl5cWdndWNubWhpandsYndlb2FudWNwbHZ4bWV6Y3EiLCJzdWIiOiJtaXlxZ2d1Y25taGlqd2xid2VvYW51Y3BsdnhtZXpjcSIsImp0aSI6InVzZXItMSJ9.u_idlPLd3QWteH4xG2aZgWjVtww5IMOparm6pGUfeAw','web','123','ACCESS','2025-03-19 08:26:22','2025-02-14 20:36:06','2025-03-19 08:26:22'),(169,30,'eyJhbGciOiJIUzI1NiIsInR5cCI6IkpXVCJ9.eyJ1c2VyX2lkIjozMCwiaWF0IjoxNzM5NTY3NTM1LCJleHAiOjE3Mzk5OTk1MzUsImlzcyI6Im1peXFnZ3Vjbm1oaWp3bGJ3ZW9hbnVjcGx2eG1lemNxIiwic3ViIjoibWl5cWdndWNubWhpandsYndlb2FudWNwbHZ4bWV6Y3EiLCJqdGkiOiJ1c2VyLTMwIn0.v_FArFfpOVIx__70bUodTv_yq6wkoee9yFQGan4utoE','web',NULL,'ACCESS',NULL,'2025-02-14 21:12:15','2025-02-14 21:17:29'),(170,5,'eyJhbGciOiJIUzI1NiIsInR5cCI6IkpXVCJ9.eyJ1c2VyX2lkIjo1LCJpYXQiOjE3Mzk2NTYzNjAsImV4cCI6MTc0MDA4ODM2MCwiaXNzIjoibWl5cWdndWNubWhpandsYndlb2FudWNwbHZ4bWV6Y3EiLCJzdWIiOiJtaXlxZ2d1Y25taGlqd2xid2VvYW51Y3BsdnhtZXpjcSIsImp0aSI6InVzZXItNSJ9.d5BxMndRsyuzySZBU7iAnTNIKOZrdES-0fojAqWxDek','web','123','ACCESS',NULL,'2025-02-15 21:52:40','2025-02-15 21:52:40'),(171,31,'eyJhbGciOiJIUzI1NiIsInR5cCI6IkpXVCJ9.eyJ1c2VyX2lkIjozMSwiaWF0IjoxNzM5ODYyODA4LCJleHAiOjE3NDAyOTQ4MDgsImlzcyI6Im1peXFnZ3Vjbm1oaWp3bGJ3ZW9hbnVjcGx2eG1lemNxIiwic3ViIjoibWl5cWdndWNubWhpandsYndlb2FudWNwbHZ4bWV6Y3EiLCJqdGkiOiJ1c2VyLTMxIn0.XMbbcO7dR6MEPVBYgdG6Xc2WMGvsELC9ZM221QYS5RY','web','fIPVFr4zD2ykjgIVYWr7tH:APA91bHZDrVQzaomcH9mVWj8JX9Hy-pb7uXqgvtESpaDjcL-wXuVrNxDWBCPPQUkVgZXOfE5zn_jovLtQgidlmaDYNHOV4mVyg3O1iTa2oa45BgOimbDyqk','ACCESS','2025-03-27 21:51:40','2025-02-18 07:13:28','2025-03-27 21:51:40'),(172,7,'eyJhbGciOiJIUzI1NiIsInR5cCI6IkpXVCJ9.eyJ1c2VyX2lkIjo3LCJpYXQiOjE3Mzk4ODg4NzIsImV4cCI6MTc0MDMyMDg3MiwiaXNzIjoibWl5cWdndWNubWhpandsYndlb2FudWNwbHZ4bWV6Y3EiLCJzdWIiOiJtaXlxZ2d1Y25taGlqd2xid2VvYW51Y3BsdnhtZXpjcSIsImp0aSI6InVzZXItNyJ9.BWmwyfWHEppakz3kx20LcM7GAsUBVu0tLN_YJ62dvpk','web','123123','ACCESS','2025-03-28 18:44:36','2025-02-18 14:27:52','2025-03-28 18:44:36'),(173,7,'eyJhbGciOiJIUzI1NiIsInR5cCI6IkpXVCJ9.eyJ1c2VyX2lkIjo3LCJpYXQiOjE3Mzk4ODg4NzYsImV4cCI6MTc0MDMyMDg3NiwiaXNzIjoibWl5cWdndWNubWhpandsYndlb2FudWNwbHZ4bWV6Y3EiLCJzdWIiOiJtaXlxZ2d1Y25taGlqd2xid2VvYW51Y3BsdnhtZXpjcSIsImp0aSI6InVzZXItNyJ9.-c8edSIeEcxtDDLFAOV8U_oA2lK9XBKqFDU9EE6ysL4','web','123123','ACCESS','2025-03-28 18:44:36','2025-02-18 14:27:56','2025-03-28 18:44:36'),(174,7,'eyJhbGciOiJIUzI1NiIsInR5cCI6IkpXVCJ9.eyJ1c2VyX2lkIjo3LCJpYXQiOjE3Mzk4ODg4OTQsImV4cCI6MTc0MDMyMDg5NCwiaXNzIjoibWl5cWdndWNubWhpandsYndlb2FudWNwbHZ4bWV6Y3EiLCJzdWIiOiJtaXlxZ2d1Y25taGlqd2xid2VvYW51Y3BsdnhtZXpjcSIsImp0aSI6InVzZXItNyJ9.-mPqHFkFklfNQtkF_C_DRxVeVy8719bCq4k7l_ME0tA','web','fy-lfHYN8u3aW8od7nmFg1:APA91bGiDuUgaoqfqV0lSI_DjACSSO7RDulzwzvM2lTi9s9y6xcT3sMQ67a55lai5CnB3Cvz2x7bFKjZ-EKFujGqJHvHMqtjLHrJd-J_Iq52KkFhadiMQ8E','ACCESS','2025-03-28 18:44:36','2025-02-18 14:28:14','2025-03-28 18:44:36'),(175,10,'eyJhbGciOiJIUzI1NiIsInR5cCI6IkpXVCJ9.eyJ1c2VyX2lkIjoxMCwiaWF0IjoxNzM5OTAxMjUzLCJleHAiOjE3NDAzMzMyNTMsImlzcyI6Im1peXFnZ3Vjbm1oaWp3bGJ3ZW9hbnVjcGx2eG1lemNxIiwic3ViIjoibWl5cWdndWNubWhpandsYndlb2FudWNwbHZ4bWV6Y3EiLCJqdGkiOiJ1c2VyLTEwIn0.IZGWNixjUNURXy0nakqJDdbwZ0LOqrAVbWeqjDOVuhU','web','fCcoMNF2ktxZfcgNnNwwG0:APA91bHSDqH-phW8pmIWCnyn2LL_miMbQMMtUbethjtVt90KQ3JVXtyi_V5TROCziRUrlSalaPRrRMs9vA9cQV6b1PvoA51PACLk3OtKVW4dj8WpuQAvd5M','ACCESS','2025-03-27 20:00:13','2025-02-18 17:54:13','2025-03-27 20:00:13'),(176,7,'eyJhbGciOiJIUzI1NiIsInR5cCI6IkpXVCJ9.eyJ1c2VyX2lkIjo3LCJpYXQiOjE3Mzk5NTYzNTEsImV4cCI6MTc0MDM4ODM1MSwiaXNzIjoibWl5cWdndWNubWhpandsYndlb2FudWNwbHZ4bWV6Y3EiLCJzdWIiOiJtaXlxZ2d1Y25taGlqd2xid2VvYW51Y3BsdnhtZXpjcSIsImp0aSI6InVzZXItNyJ9.ojY5_xkzsPQ6LYR83QoNJTEyHRgky5EQcn0tWrTaLG8','web','123123','ACCESS','2025-03-28 18:44:36','2025-02-19 09:12:31','2025-03-28 18:44:36'),(177,11,'eyJhbGciOiJIUzI1NiIsInR5cCI6IkpXVCJ9.eyJ1c2VyX2lkIjoxMSwiaWF0IjoxNzM5OTU2NDUwLCJleHAiOjE3NDAzODg0NTAsImlzcyI6Im1peXFnZ3Vjbm1oaWp3bGJ3ZW9hbnVjcGx2eG1lemNxIiwic3ViIjoibWl5cWdndWNubWhpandsYndlb2FudWNwbHZ4bWV6Y3EiLCJqdGkiOiJ1c2VyLTExIn0.kS28QJj6WJ4YoBfcMgoowzCNiL-a8WYqITh4PQA4Pw0','web','123','ACCESS','2025-03-12 10:16:24','2025-02-19 09:14:10','2025-03-12 10:16:24'),(178,11,'eyJhbGciOiJIUzI1NiIsInR5cCI6IkpXVCJ9.eyJ1c2VyX2lkIjoxMSwiaWF0IjoxNzM5OTU2NDc2LCJleHAiOjE3NDAzODg0NzYsImlzcyI6Im1peXFnZ3Vjbm1oaWp3bGJ3ZW9hbnVjcGx2eG1lemNxIiwic3ViIjoibWl5cWdndWNubWhpandsYndlb2FudWNwbHZ4bWV6Y3EiLCJqdGkiOiJ1c2VyLTExIn0.sawHIFLo5Apah75GZeYBhRWFMijrdYAZyfNjSQmwu3k','web','dwvLGA6PXx5z2i2w-l-d43:APA91bEjIT_7SpQ8XvlLlgoLH8XRpX7EOkgdr80Wg0D-9KG4EzDtDJ0xRSiBl0YYD-2lnTa1uDSTm0Q7x5tTyRJnlwhK5Ol8ap1zp_pC0nwujQ_nQ0lCZnk','ACCESS','2025-03-12 10:16:24','2025-02-19 09:14:36','2025-03-12 10:16:24'),(179,1,'eyJhbGciOiJIUzI1NiIsInR5cCI6IkpXVCJ9.eyJ1c2VyX2lkIjoxLCJpYXQiOjE3Mzk5NTY5NjMsImV4cCI6MTc0MDM4ODk2MywiaXNzIjoibWl5cWdndWNubWhpandsYndlb2FudWNwbHZ4bWV6Y3EiLCJzdWIiOiJtaXlxZ2d1Y25taGlqd2xid2VvYW51Y3BsdnhtZXpjcSIsImp0aSI6InVzZXItMSJ9.Gidt_aztGN_ZsjNQA64f2dgZa3oL0WpSicucrfiPlHw','web','123','ACCESS','2025-03-19 08:26:22','2025-02-19 09:22:43','2025-03-19 08:26:22'),(180,7,'eyJhbGciOiJIUzI1NiIsInR5cCI6IkpXVCJ9.eyJ1c2VyX2lkIjo3LCJpYXQiOjE3Mzk5NTc0MzQsImV4cCI6MTc0MDM4OTQzNCwiaXNzIjoibWl5cWdndWNubWhpandsYndlb2FudWNwbHZ4bWV6Y3EiLCJzdWIiOiJtaXlxZ2d1Y25taGlqd2xid2VvYW51Y3BsdnhtZXpjcSIsImp0aSI6InVzZXItNyJ9.Fvg0Zh0mI0Um6YTPdKviQIRucExoM0So4xp8MxY6qko','ios','qwerty','ACCESS','2025-03-28 18:44:36','2025-02-19 09:30:34','2025-03-28 18:44:36'),(181,1,'eyJhbGciOiJIUzI1NiIsInR5cCI6IkpXVCJ9.eyJ1c2VyX2lkIjoxLCJpYXQiOjE3Mzk5NTc5OTcsImV4cCI6MTc0MDM4OTk5NywiaXNzIjoibWl5cWdndWNubWhpandsYndlb2FudWNwbHZ4bWV6Y3EiLCJzdWIiOiJtaXlxZ2d1Y25taGlqd2xid2VvYW51Y3BsdnhtZXpjcSIsImp0aSI6InVzZXItMSJ9.Ul8O-Esua3rdhmTN2jRC1kcySeXdgT4ZMO8_ZAfK8oM','web','123','ACCESS','2025-03-19 08:26:22','2025-02-19 09:39:57','2025-03-19 08:26:22'),(182,1,'eyJhbGciOiJIUzI1NiIsInR5cCI6IkpXVCJ9.eyJ1c2VyX2lkIjoxLCJpYXQiOjE3Mzk5NTgzMzEsImV4cCI6MTc0MDM5MDMzMSwiaXNzIjoibWl5cWdndWNubWhpandsYndlb2FudWNwbHZ4bWV6Y3EiLCJzdWIiOiJtaXlxZ2d1Y25taGlqd2xid2VvYW51Y3BsdnhtZXpjcSIsImp0aSI6InVzZXItMSJ9.VgvUk9QgGPD5ZLK_jIq7DrwiWDHz3ZXJjFANgY9ho3A','web','123','ACCESS','2025-03-19 08:26:22','2025-02-19 09:45:31','2025-03-19 08:26:22'),(183,1,'eyJhbGciOiJIUzI1NiIsInR5cCI6IkpXVCJ9.eyJ1c2VyX2lkIjoxLCJpYXQiOjE3Mzk5NTk2NTUsImV4cCI6MTc0MDM5MTY1NSwiaXNzIjoibWl5cWdndWNubWhpandsYndlb2FudWNwbHZ4bWV6Y3EiLCJzdWIiOiJtaXlxZ2d1Y25taGlqd2xid2VvYW51Y3BsdnhtZXpjcSIsImp0aSI6InVzZXItMSJ9.PqqwMr4vYR6MXzhT_kcn32hvXAkOx5D5ti9Ax4d3KAo','web','123','ACCESS','2025-03-19 08:26:22','2025-02-19 10:07:35','2025-03-19 08:26:22'),(184,11,'eyJhbGciOiJIUzI1NiIsInR5cCI6IkpXVCJ9.eyJ1c2VyX2lkIjoxMSwiaWF0IjoxNzM5OTYwMzkwLCJleHAiOjE3NDAzOTIzOTAsImlzcyI6Im1peXFnZ3Vjbm1oaWp3bGJ3ZW9hbnVjcGx2eG1lemNxIiwic3ViIjoibWl5cWdndWNubWhpandsYndlb2FudWNwbHZ4bWV6Y3EiLCJqdGkiOiJ1c2VyLTExIn0._yD4_lUxNUZHwxZQnhoOumyHhQumb5MAsR-wVt4vmbk','web','123','ACCESS','2025-03-12 10:16:24','2025-02-19 10:19:50','2025-03-12 10:16:24'),(185,7,'eyJhbGciOiJIUzI1NiIsInR5cCI6IkpXVCJ9.eyJ1c2VyX2lkIjo3LCJpYXQiOjE3Mzk5NjI1MTMsImV4cCI6MTc0MDM5NDUxMywiaXNzIjoibWl5cWdndWNubWhpandsYndlb2FudWNwbHZ4bWV6Y3EiLCJzdWIiOiJtaXlxZ2d1Y25taGlqd2xid2VvYW51Y3BsdnhtZXpjcSIsImp0aSI6InVzZXItNyJ9.k79fBNC3T5HpggGt-MhX553y5pqr3F3Nx-ZKWMw-TWs','ios','qwerty','ACCESS','2025-03-28 18:44:36','2025-02-19 10:55:13','2025-03-28 18:44:36'),(186,7,'eyJhbGciOiJIUzI1NiIsInR5cCI6IkpXVCJ9.eyJ1c2VyX2lkIjo3LCJpYXQiOjE3Mzk5NjI4NDcsImV4cCI6MTc0MDM5NDg0NywiaXNzIjoibWl5cWdndWNubWhpandsYndlb2FudWNwbHZ4bWV6Y3EiLCJzdWIiOiJtaXlxZ2d1Y25taGlqd2xid2VvYW51Y3BsdnhtZXpjcSIsImp0aSI6InVzZXItNyJ9.rFKzY7eC55zbGrjHI9OIGlGFe2LJQ_rS0vueZbuT8Uw','ios','qwerty','ACCESS','2025-03-28 18:44:36','2025-02-19 11:00:47','2025-03-28 18:44:36'),(187,7,'eyJhbGciOiJIUzI1NiIsInR5cCI6IkpXVCJ9.eyJ1c2VyX2lkIjo3LCJpYXQiOjE3Mzk5NjI5NjMsImV4cCI6MTc0MDM5NDk2MywiaXNzIjoibWl5cWdndWNubWhpandsYndlb2FudWNwbHZ4bWV6Y3EiLCJzdWIiOiJtaXlxZ2d1Y25taGlqd2xid2VvYW51Y3BsdnhtZXpjcSIsImp0aSI6InVzZXItNyJ9.N_UyBn20HKA9yzEkkrYNJb__MbeZ24adBauCfQ5sOIQ','ios','qwerty','ACCESS','2025-03-28 18:44:36','2025-02-19 11:02:43','2025-03-28 18:44:36'),(188,7,'eyJhbGciOiJIUzI1NiIsInR5cCI6IkpXVCJ9.eyJ1c2VyX2lkIjo3LCJpYXQiOjE3Mzk5NjQwMzEsImV4cCI6MTc0MDM5NjAzMSwiaXNzIjoibWl5cWdndWNubWhpandsYndlb2FudWNwbHZ4bWV6Y3EiLCJzdWIiOiJtaXlxZ2d1Y25taGlqd2xid2VvYW51Y3BsdnhtZXpjcSIsImp0aSI6InVzZXItNyJ9.AlPviJG-yCs_cTwJ9XztlNylGgFFgwYdihOlOkkbWEc','ios','qwerty','ACCESS','2025-03-28 18:44:36','2025-02-19 11:20:31','2025-03-28 18:44:36'),(189,7,'eyJhbGciOiJIUzI1NiIsInR5cCI6IkpXVCJ9.eyJ1c2VyX2lkIjo3LCJpYXQiOjE3Mzk5NjQwMzQsImV4cCI6MTc0MDM5NjAzNCwiaXNzIjoibWl5cWdndWNubWhpandsYndlb2FudWNwbHZ4bWV6Y3EiLCJzdWIiOiJtaXlxZ2d1Y25taGlqd2xid2VvYW51Y3BsdnhtZXpjcSIsImp0aSI6InVzZXItNyJ9.EA3ETuzKtWSbbMDMN5SaOxCKcZ-A3d5U_E3LidYvFgc','ios','qwerty','ACCESS','2025-03-28 18:44:36','2025-02-19 11:20:34','2025-03-28 18:44:36'),(190,1,'eyJhbGciOiJIUzI1NiIsInR5cCI6IkpXVCJ9.eyJ1c2VyX2lkIjoxLCJpYXQiOjE3Mzk5NjQ2NDcsImV4cCI6MTc0MDM5NjY0NywiaXNzIjoibWl5cWdndWNubWhpandsYndlb2FudWNwbHZ4bWV6Y3EiLCJzdWIiOiJtaXlxZ2d1Y25taGlqd2xid2VvYW51Y3BsdnhtZXpjcSIsImp0aSI6InVzZXItMSJ9.BZDRiTIrRsbO3ocLqXaOHlLddpXGKGDShfxgV5jW1JY','web','123','ACCESS','2025-03-19 08:26:22','2025-02-19 11:30:47','2025-03-19 08:26:22'),(191,1,'eyJhbGciOiJIUzI1NiIsInR5cCI6IkpXVCJ9.eyJ1c2VyX2lkIjoxLCJpYXQiOjE3Mzk5NjQ5NzksImV4cCI6MTc0MDM5Njk3OSwiaXNzIjoibWl5cWdndWNubWhpandsYndlb2FudWNwbHZ4bWV6Y3EiLCJzdWIiOiJtaXlxZ2d1Y25taGlqd2xid2VvYW51Y3BsdnhtZXpjcSIsImp0aSI6InVzZXItMSJ9.-7DUSEEWDqT-uQzJ39J95XRS_jxiX5JXTkoNM4jlUak','web','123','ACCESS','2025-03-19 08:26:22','2025-02-19 11:36:19','2025-03-19 08:26:22'),(192,1,'eyJhbGciOiJIUzI1NiIsInR5cCI6IkpXVCJ9.eyJ1c2VyX2lkIjoxLCJpYXQiOjE3Mzk5NjUwNzEsImV4cCI6MTc0MDM5NzA3MSwiaXNzIjoibWl5cWdndWNubWhpandsYndlb2FudWNwbHZ4bWV6Y3EiLCJzdWIiOiJtaXlxZ2d1Y25taGlqd2xid2VvYW51Y3BsdnhtZXpjcSIsImp0aSI6InVzZXItMSJ9.Ad7aPMB9VCfmV0VTpgrSZlxCY1rfeho2Kag2QB-J2nw','web','123','ACCESS','2025-03-19 08:26:22','2025-02-19 11:37:51','2025-03-19 08:26:22'),(193,1,'eyJhbGciOiJIUzI1NiIsInR5cCI6IkpXVCJ9.eyJ1c2VyX2lkIjoxLCJpYXQiOjE3Mzk5NjUxNjMsImV4cCI6MTc0MDM5NzE2MywiaXNzIjoibWl5cWdndWNubWhpandsYndlb2FudWNwbHZ4bWV6Y3EiLCJzdWIiOiJtaXlxZ2d1Y25taGlqd2xid2VvYW51Y3BsdnhtZXpjcSIsImp0aSI6InVzZXItMSJ9.a4GN2WBPGQlVM_oB-Egs7TsmPxsjiqVCc9d0eljzBhs','web','123','ACCESS','2025-03-19 08:26:22','2025-02-19 11:39:23','2025-03-19 08:26:22'),(194,7,'eyJhbGciOiJIUzI1NiIsInR5cCI6IkpXVCJ9.eyJ1c2VyX2lkIjo3LCJpYXQiOjE3Mzk5NjUyNDQsImV4cCI6MTc0MDM5NzI0NCwiaXNzIjoibWl5cWdndWNubWhpandsYndlb2FudWNwbHZ4bWV6Y3EiLCJzdWIiOiJtaXlxZ2d1Y25taGlqd2xid2VvYW51Y3BsdnhtZXpjcSIsImp0aSI6InVzZXItNyJ9.JlNLAttj9zTklwrzm-0k0vZD0fqzmPX7CM3dWHvdQFI','web','elQWLvBgZ-QzIkxTPCC9eq:APA91bHKkKx2lOfBe9WWbxjSYVIoR2ukCE69Z_zI7OyFm7cI0W7QtEZiJH2_hYj-iiOcCpIQQJmqCXSVnjNIDVh6xxILhEot5KPq1cUYANGOwfAWsvnPJPs','ACCESS','2025-03-28 18:44:36','2025-02-19 11:40:44','2025-03-28 18:44:36'),(195,7,'eyJhbGciOiJIUzI1NiIsInR5cCI6IkpXVCJ9.eyJ1c2VyX2lkIjo3LCJpYXQiOjE3Mzk5NjUzMTcsImV4cCI6MTc0MDM5NzMxNywiaXNzIjoibWl5cWdndWNubWhpandsYndlb2FudWNwbHZ4bWV6Y3EiLCJzdWIiOiJtaXlxZ2d1Y25taGlqd2xid2VvYW51Y3BsdnhtZXpjcSIsImp0aSI6InVzZXItNyJ9.uSzJo4vec0oe4ynReCJfSicby782_35Yo_iil7W1Z6A','web','elQWLvBgZ-QzIkxTPCC9eq:APA91bHKkKx2lOfBe9WWbxjSYVIoR2ukCE69Z_zI7OyFm7cI0W7QtEZiJH2_hYj-iiOcCpIQQJmqCXSVnjNIDVh6xxILhEot5KPq1cUYANGOwfAWsvnPJPs','ACCESS','2025-03-28 18:44:36','2025-02-19 11:41:57','2025-03-28 18:44:36'),(196,7,'eyJhbGciOiJIUzI1NiIsInR5cCI6IkpXVCJ9.eyJ1c2VyX2lkIjo3LCJpYXQiOjE3Mzk5NjY2MDMsImV4cCI6MTc0MDM5ODYwMywiaXNzIjoibWl5cWdndWNubWhpandsYndlb2FudWNwbHZ4bWV6Y3EiLCJzdWIiOiJtaXlxZ2d1Y25taGlqd2xid2VvYW51Y3BsdnhtZXpjcSIsImp0aSI6InVzZXItNyJ9.ozkCmSx5mGGKrk6Rmg5oc4nimpJOBFSxsqpURK0TSMY','ios','qwerty','ACCESS','2025-03-28 18:44:36','2025-02-19 12:03:23','2025-03-28 18:44:36'),(197,7,'eyJhbGciOiJIUzI1NiIsInR5cCI6IkpXVCJ9.eyJ1c2VyX2lkIjo3LCJpYXQiOjE3Mzk5NjY3MDAsImV4cCI6MTc0MDM5ODcwMCwiaXNzIjoibWl5cWdndWNubWhpandsYndlb2FudWNwbHZ4bWV6Y3EiLCJzdWIiOiJtaXlxZ2d1Y25taGlqd2xid2VvYW51Y3BsdnhtZXpjcSIsImp0aSI6InVzZXItNyJ9.TcBTThgEP69MR_HZBB7VJpZpvniEw5y3tXVQ8mz9JFU','web','elQWLvBgZ-QzIkxTPCC9eq:APA91bHKkKx2lOfBe9WWbxjSYVIoR2ukCE69Z_zI7OyFm7cI0W7QtEZiJH2_hYj-iiOcCpIQQJmqCXSVnjNIDVh6xxILhEot5KPq1cUYANGOwfAWsvnPJPs','ACCESS','2025-03-28 18:44:36','2025-02-19 12:05:00','2025-03-28 18:44:36'),(198,7,'eyJhbGciOiJIUzI1NiIsInR5cCI6IkpXVCJ9.eyJ1c2VyX2lkIjo3LCJpYXQiOjE3Mzk5Njg1MzgsImV4cCI6MTc0MDQwMDUzOCwiaXNzIjoibWl5cWdndWNubWhpandsYndlb2FudWNwbHZ4bWV6Y3EiLCJzdWIiOiJtaXlxZ2d1Y25taGlqd2xid2VvYW51Y3BsdnhtZXpjcSIsImp0aSI6InVzZXItNyJ9.6DL_4awx6AE9v53xU2fTo0anlwlg5hfuZwyNaMNQg7Q','ios','qwerty','ACCESS','2025-03-28 18:44:36','2025-02-19 12:35:38','2025-03-28 18:44:36'),(199,7,'eyJhbGciOiJIUzI1NiIsInR5cCI6IkpXVCJ9.eyJ1c2VyX2lkIjo3LCJpYXQiOjE3Mzk5Njg3NjMsImV4cCI6MTc0MDQwMDc2MywiaXNzIjoibWl5cWdndWNubWhpandsYndlb2FudWNwbHZ4bWV6Y3EiLCJzdWIiOiJtaXlxZ2d1Y25taGlqd2xid2VvYW51Y3BsdnhtZXpjcSIsImp0aSI6InVzZXItNyJ9.aGi_E85H0mXgOLndYNhDcVnipxF7B-ppu5yzzoVlwSE','web','123123','ACCESS','2025-03-28 18:44:36','2025-02-19 12:39:23','2025-03-28 18:44:36'),(200,7,'eyJhbGciOiJIUzI1NiIsInR5cCI6IkpXVCJ9.eyJ1c2VyX2lkIjo3LCJpYXQiOjE3Mzk5Njg4NzgsImV4cCI6MTc0MDQwMDg3OCwiaXNzIjoibWl5cWdndWNubWhpandsYndlb2FudWNwbHZ4bWV6Y3EiLCJzdWIiOiJtaXlxZ2d1Y25taGlqd2xid2VvYW51Y3BsdnhtZXpjcSIsImp0aSI6InVzZXItNyJ9.LlX51kKF_hEgOmI1VXggzY8T-0WMsvlmYfqRfGdaO5A','web','elQWLvBgZ-QzIkxTPCC9eq:APA91bHKkKx2lOfBe9WWbxjSYVIoR2ukCE69Z_zI7OyFm7cI0W7QtEZiJH2_hYj-iiOcCpIQQJmqCXSVnjNIDVh6xxILhEot5KPq1cUYANGOwfAWsvnPJPs','ACCESS','2025-03-28 18:44:36','2025-02-19 12:41:18','2025-03-28 18:44:36'),(201,7,'eyJhbGciOiJIUzI1NiIsInR5cCI6IkpXVCJ9.eyJ1c2VyX2lkIjo3LCJpYXQiOjE3Mzk5Njk1MzksImV4cCI6MTc0MDQwMTUzOSwiaXNzIjoibWl5cWdndWNubWhpandsYndlb2FudWNwbHZ4bWV6Y3EiLCJzdWIiOiJtaXlxZ2d1Y25taGlqd2xid2VvYW51Y3BsdnhtZXpjcSIsImp0aSI6InVzZXItNyJ9.X42ErPerioZfKpjVyQ3ots3rpVfMLKKofVBAd3S7sCg','web','123123','ACCESS','2025-03-28 18:44:36','2025-02-19 12:52:19','2025-03-28 18:44:36'),(202,7,'eyJhbGciOiJIUzI1NiIsInR5cCI6IkpXVCJ9.eyJ1c2VyX2lkIjo3LCJpYXQiOjE3Mzk5Njk1NDcsImV4cCI6MTc0MDQwMTU0NywiaXNzIjoibWl5cWdndWNubWhpandsYndlb2FudWNwbHZ4bWV6Y3EiLCJzdWIiOiJtaXlxZ2d1Y25taGlqd2xid2VvYW51Y3BsdnhtZXpjcSIsImp0aSI6InVzZXItNyJ9.TiSSwSHGoR17KvZx248bJtLA1tMqFZRIi8lttjk8iTA','web','c1BJaFaVqwF5us0t6tLSTB:APA91bHbCmyRvIcsm3xk9UxKKbhSThm1NM1YPa2jOx_xoBTlK3LW__lg23kHKSJf-LUmuuYccoAAcyqzH6sogNWaMFU4Isk5D2VTfh8NpoSrllw_kim6xjU','ACCESS','2025-03-28 18:44:36','2025-02-19 12:52:27','2025-03-28 18:44:36'),(203,7,'eyJhbGciOiJIUzI1NiIsInR5cCI6IkpXVCJ9.eyJ1c2VyX2lkIjo3LCJpYXQiOjE3Mzk5NzIyMDIsImV4cCI6MTc0MDQwNDIwMiwiaXNzIjoibWl5cWdndWNubWhpandsYndlb2FudWNwbHZ4bWV6Y3EiLCJzdWIiOiJtaXlxZ2d1Y25taGlqd2xid2VvYW51Y3BsdnhtZXpjcSIsImp0aSI6InVzZXItNyJ9.FWqQRrEHtny6lSaRDG9Gs8BFDJlB6Zr_5yX6o06m5Kc','web','c1BJaFaVqwF5us0t6tLSTB:APA91bHbCmyRvIcsm3xk9UxKKbhSThm1NM1YPa2jOx_xoBTlK3LW__lg23kHKSJf-LUmuuYccoAAcyqzH6sogNWaMFU4Isk5D2VTfh8NpoSrllw_kim6xjU','ACCESS','2025-03-28 18:44:36','2025-02-19 13:36:42','2025-03-28 18:44:36'),(204,7,'eyJhbGciOiJIUzI1NiIsInR5cCI6IkpXVCJ9.eyJ1c2VyX2lkIjo3LCJpYXQiOjE3Mzk5NzIyODAsImV4cCI6MTc0MDQwNDI4MCwiaXNzIjoibWl5cWdndWNubWhpandsYndlb2FudWNwbHZ4bWV6Y3EiLCJzdWIiOiJtaXlxZ2d1Y25taGlqd2xid2VvYW51Y3BsdnhtZXpjcSIsImp0aSI6InVzZXItNyJ9.eHXy-RfTQr5XCFndbfrjn_wz57O3zZ4Z-xGVZfUvxPw','web','c1BJaFaVqwF5us0t6tLSTB:APA91bHbCmyRvIcsm3xk9UxKKbhSThm1NM1YPa2jOx_xoBTlK3LW__lg23kHKSJf-LUmuuYccoAAcyqzH6sogNWaMFU4Isk5D2VTfh8NpoSrllw_kim6xjU','ACCESS','2025-03-28 18:44:36','2025-02-19 13:38:00','2025-03-28 18:44:36'),(205,7,'eyJhbGciOiJIUzI1NiIsInR5cCI6IkpXVCJ9.eyJ1c2VyX2lkIjo3LCJpYXQiOjE3Mzk5NzIzNDMsImV4cCI6MTc0MDQwNDM0MywiaXNzIjoibWl5cWdndWNubWhpandsYndlb2FudWNwbHZ4bWV6Y3EiLCJzdWIiOiJtaXlxZ2d1Y25taGlqd2xid2VvYW51Y3BsdnhtZXpjcSIsImp0aSI6InVzZXItNyJ9.V_EQKByqVMqKifVQjOLcUEG4gw_JIDjrdeBSMVY3sPs','web','c1BJaFaVqwF5us0t6tLSTB:APA91bHbCmyRvIcsm3xk9UxKKbhSThm1NM1YPa2jOx_xoBTlK3LW__lg23kHKSJf-LUmuuYccoAAcyqzH6sogNWaMFU4Isk5D2VTfh8NpoSrllw_kim6xjU','ACCESS','2025-03-28 18:44:36','2025-02-19 13:39:03','2025-03-28 18:44:36'),(206,7,'eyJhbGciOiJIUzI1NiIsInR5cCI6IkpXVCJ9.eyJ1c2VyX2lkIjo3LCJpYXQiOjE3Mzk5NzI0NDcsImV4cCI6MTc0MDQwNDQ0NywiaXNzIjoibWl5cWdndWNubWhpandsYndlb2FudWNwbHZ4bWV6Y3EiLCJzdWIiOiJtaXlxZ2d1Y25taGlqd2xid2VvYW51Y3BsdnhtZXpjcSIsImp0aSI6InVzZXItNyJ9.Q0yw0ISVhIux-lRZjegvqQVmtc6m-tBKDQEeJtJdOFA','web','c1BJaFaVqwF5us0t6tLSTB:APA91bHbCmyRvIcsm3xk9UxKKbhSThm1NM1YPa2jOx_xoBTlK3LW__lg23kHKSJf-LUmuuYccoAAcyqzH6sogNWaMFU4Isk5D2VTfh8NpoSrllw_kim6xjU','ACCESS','2025-03-28 18:44:36','2025-02-19 13:40:47','2025-03-28 18:44:36'),(207,7,'eyJhbGciOiJIUzI1NiIsInR5cCI6IkpXVCJ9.eyJ1c2VyX2lkIjo3LCJpYXQiOjE3Mzk5NzI1NjIsImV4cCI6MTc0MDQwNDU2MiwiaXNzIjoibWl5cWdndWNubWhpandsYndlb2FudWNwbHZ4bWV6Y3EiLCJzdWIiOiJtaXlxZ2d1Y25taGlqd2xid2VvYW51Y3BsdnhtZXpjcSIsImp0aSI6InVzZXItNyJ9.8jjHFh28pHIpNdVGYqKm72QDmRwaL42_J2J6Ikpqzzw','web','c1BJaFaVqwF5us0t6tLSTB:APA91bHbCmyRvIcsm3xk9UxKKbhSThm1NM1YPa2jOx_xoBTlK3LW__lg23kHKSJf-LUmuuYccoAAcyqzH6sogNWaMFU4Isk5D2VTfh8NpoSrllw_kim6xjU','ACCESS','2025-03-28 18:44:36','2025-02-19 13:42:42','2025-03-28 18:44:36'),(208,22,'eyJhbGciOiJIUzI1NiIsInR5cCI6IkpXVCJ9.eyJ1c2VyX2lkIjoyMiwiaWF0IjoxNzM5OTg2MTU0LCJleHAiOjE3NDA0MTgxNTQsImlzcyI6Im1peXFnZ3Vjbm1oaWp3bGJ3ZW9hbnVjcGx2eG1lemNxIiwic3ViIjoibWl5cWdndWNubWhpandsYndlb2FudWNwbHZ4bWV6Y3EiLCJqdGkiOiJ1c2VyLTIyIn0.aO5X8E-ujWde-QniEeIjmn0ajD82iWFxEyK2p5_Dnrc','web','123','ACCESS','2025-02-19 17:36:05','2025-02-19 17:29:14','2025-02-19 17:36:05'),(209,22,'eyJhbGciOiJIUzI1NiIsInR5cCI6IkpXVCJ9.eyJ1c2VyX2lkIjoyMiwiaWF0IjoxNzM5OTg2MTg2LCJleHAiOjE3NDA0MTgxODYsImlzcyI6Im1peXFnZ3Vjbm1oaWp3bGJ3ZW9hbnVjcGx2eG1lemNxIiwic3ViIjoibWl5cWdndWNubWhpandsYndlb2FudWNwbHZ4bWV6Y3EiLCJqdGkiOiJ1c2VyLTIyIn0.172PuVhmzqz8WgrWsjuK2wp9rtTUX6sr7t_mbIZ7GlA','web','dXXUJWW7EbK0LXD6vRt8De:APA91bFIAz_nsuh2cc0wwlq28BVYyfe78SpY5V1xPHeQ7ESs_gI5xTr7CEuxUzr-6_uIiZFEwjdRix5Pwa7p8gpS0mOFUZVzWLzyDg6XL5C6L8qFUp94huQ','ACCESS','2025-02-19 17:36:05','2025-02-19 17:29:46','2025-02-19 17:36:05'),(210,22,'eyJhbGciOiJIUzI1NiIsInR5cCI6IkpXVCJ9.eyJ1c2VyX2lkIjoyMiwiaWF0IjoxNzM5OTg2NTY1LCJleHAiOjE3NDA0MTg1NjUsImlzcyI6Im1peXFnZ3Vjbm1oaWp3bGJ3ZW9hbnVjcGx2eG1lemNxIiwic3ViIjoibWl5cWdndWNubWhpandsYndlb2FudWNwbHZ4bWV6Y3EiLCJqdGkiOiJ1c2VyLTIyIn0.X2g03le4gMR7jFdP20eicAYrZ02HqEAGMYFiTXIZgYQ','web','dXXUJWW7EbK0LXD6vRt8De:APA91bFIAz_nsuh2cc0wwlq28BVYyfe78SpY5V1xPHeQ7ESs_gI5xTr7CEuxUzr-6_uIiZFEwjdRix5Pwa7p8gpS0mOFUZVzWLzyDg6XL5C6L8qFUp94huQ','ACCESS',NULL,'2025-02-19 17:36:05','2025-02-24 13:39:38'),(211,7,'eyJhbGciOiJIUzI1NiIsInR5cCI6IkpXVCJ9.eyJ1c2VyX2lkIjo3LCJpYXQiOjE3Mzk5OTA0MzgsImV4cCI6MTc0MDQyMjQzOCwiaXNzIjoibWl5cWdndWNubWhpandsYndlb2FudWNwbHZ4bWV6Y3EiLCJzdWIiOiJtaXlxZ2d1Y25taGlqd2xid2VvYW51Y3BsdnhtZXpjcSIsImp0aSI6InVzZXItNyJ9.FApotIaxp4oxVpDDKF5e0tC-hCgEsM46GUpDcefurTU','web','fy-lfHYN8u3aW8od7nmFg1:APA91bGiDuUgaoqfqV0lSI_DjACSSO7RDulzwzvM2lTi9s9y6xcT3sMQ67a55lai5CnB3Cvz2x7bFKjZ-EKFujGqJHvHMqtjLHrJd-J_Iq52KkFhadiMQ8E','ACCESS','2025-03-28 18:44:36','2025-02-19 18:40:38','2025-03-28 18:44:36'),(212,7,'eyJhbGciOiJIUzI1NiIsInR5cCI6IkpXVCJ9.eyJ1c2VyX2lkIjo3LCJpYXQiOjE3NDAwNDIyNTEsImV4cCI6MTc0MDQ3NDI1MSwiaXNzIjoibWl5cWdndWNubWhpandsYndlb2FudWNwbHZ4bWV6Y3EiLCJzdWIiOiJtaXlxZ2d1Y25taGlqd2xid2VvYW51Y3BsdnhtZXpjcSIsImp0aSI6InVzZXItNyJ9.HkxQjIwzANXZEP2ujLJuYdRuunmznlw1K6dUp-gT9ts','web','c1BJaFaVqwF5us0t6tLSTB:APA91bHbCmyRvIcsm3xk9UxKKbhSThm1NM1YPa2jOx_xoBTlK3LW__lg23kHKSJf-LUmuuYccoAAcyqzH6sogNWaMFU4Isk5D2VTfh8NpoSrllw_kim6xjU','ACCESS','2025-03-28 18:44:36','2025-02-20 09:04:11','2025-03-28 18:44:36'),(213,7,'eyJhbGciOiJIUzI1NiIsInR5cCI6IkpXVCJ9.eyJ1c2VyX2lkIjo3LCJpYXQiOjE3NDAwNDI0NjMsImV4cCI6MTc0MDQ3NDQ2MywiaXNzIjoibWl5cWdndWNubWhpandsYndlb2FudWNwbHZ4bWV6Y3EiLCJzdWIiOiJtaXlxZ2d1Y25taGlqd2xid2VvYW51Y3BsdnhtZXpjcSIsImp0aSI6InVzZXItNyJ9.ZgaCWYZV9nLIchZvHMCSaW8wJUbEl7s8lKBabcVnCf8','web','c1BJaFaVqwF5us0t6tLSTB:APA91bHbCmyRvIcsm3xk9UxKKbhSThm1NM1YPa2jOx_xoBTlK3LW__lg23kHKSJf-LUmuuYccoAAcyqzH6sogNWaMFU4Isk5D2VTfh8NpoSrllw_kim6xjU','ACCESS','2025-03-28 18:44:36','2025-02-20 09:07:43','2025-03-28 18:44:36'),(214,7,'eyJhbGciOiJIUzI1NiIsInR5cCI6IkpXVCJ9.eyJ1c2VyX2lkIjo3LCJpYXQiOjE3NDAwNDYzMTAsImV4cCI6MTc0MDQ3ODMxMCwiaXNzIjoibWl5cWdndWNubWhpandsYndlb2FudWNwbHZ4bWV6Y3EiLCJzdWIiOiJtaXlxZ2d1Y25taGlqd2xid2VvYW51Y3BsdnhtZXpjcSIsImp0aSI6InVzZXItNyJ9.7q5thjI9Zn8hbCkd65SELgdyFM47Y6I6BHi8jDyGTJ8','web','fy-lfHYN8u3aW8od7nmFg1:APA91bGiDuUgaoqfqV0lSI_DjACSSO7RDulzwzvM2lTi9s9y6xcT3sMQ67a55lai5CnB3Cvz2x7bFKjZ-EKFujGqJHvHMqtjLHrJd-J_Iq52KkFhadiMQ8E','ACCESS','2025-03-28 18:44:36','2025-02-20 10:11:50','2025-03-28 18:44:36'),(215,7,'eyJhbGciOiJIUzI1NiIsInR5cCI6IkpXVCJ9.eyJ1c2VyX2lkIjo3LCJpYXQiOjE3NDAwNDgwMTcsImV4cCI6MTc0MDQ4MDAxNywiaXNzIjoibWl5cWdndWNubWhpandsYndlb2FudWNwbHZ4bWV6Y3EiLCJzdWIiOiJtaXlxZ2d1Y25taGlqd2xid2VvYW51Y3BsdnhtZXpjcSIsImp0aSI6InVzZXItNyJ9.WEQPJb9VnUwwQ9y2P5FumAnV_zJ_HFnBhRu3CucbwCY','web','fy-lfHYN8u3aW8od7nmFg1:APA91bGiDuUgaoqfqV0lSI_DjACSSO7RDulzwzvM2lTi9s9y6xcT3sMQ67a55lai5CnB3Cvz2x7bFKjZ-EKFujGqJHvHMqtjLHrJd-J_Iq52KkFhadiMQ8E','ACCESS','2025-03-28 18:44:36','2025-02-20 10:40:17','2025-03-28 18:44:36'),(216,7,'eyJhbGciOiJIUzI1NiIsInR5cCI6IkpXVCJ9.eyJ1c2VyX2lkIjo3LCJpYXQiOjE3NDAwNDgxMjMsImV4cCI6MTc0MDQ4MDEyMywiaXNzIjoibWl5cWdndWNubWhpandsYndlb2FudWNwbHZ4bWV6Y3EiLCJzdWIiOiJtaXlxZ2d1Y25taGlqd2xid2VvYW51Y3BsdnhtZXpjcSIsImp0aSI6InVzZXItNyJ9.kN-MqKM-wBnUj5T-6zaxavk-Nls6UwBEfjc1qrNnf8Y','web','fXqpjPGYkZQS7wftjjDL-2:APA91bG_q5e1ef8G5rAlmHDJbmiYuoOHd7DG8yWAEITXKkhUF3QfzIu8OmKIDvo4cZcKtDQLLQMTjW2vBQ8jp1WBdYH1jh3YkJe2O9-Nx0OG3oNSJzC999A','ACCESS','2025-03-28 18:44:36','2025-02-20 10:42:03','2025-03-28 18:44:36'),(217,7,'eyJhbGciOiJIUzI1NiIsInR5cCI6IkpXVCJ9.eyJ1c2VyX2lkIjo3LCJpYXQiOjE3NDAwNDgzNjksImV4cCI6MTc0MDQ4MDM2OSwiaXNzIjoibWl5cWdndWNubWhpandsYndlb2FudWNwbHZ4bWV6Y3EiLCJzdWIiOiJtaXlxZ2d1Y25taGlqd2xid2VvYW51Y3BsdnhtZXpjcSIsImp0aSI6InVzZXItNyJ9.tBTkBXa8zO-1NdfS-QdH1hHdV96VnPT1Z-Aq1rpr_Jg','web','fXqpjPGYkZQS7wftjjDL-2:APA91bG_q5e1ef8G5rAlmHDJbmiYuoOHd7DG8yWAEITXKkhUF3QfzIu8OmKIDvo4cZcKtDQLLQMTjW2vBQ8jp1WBdYH1jh3YkJe2O9-Nx0OG3oNSJzC999A','ACCESS','2025-03-28 18:44:36','2025-02-20 10:46:09','2025-03-28 18:44:36'),(218,1,'eyJhbGciOiJIUzI1NiIsInR5cCI6IkpXVCJ9.eyJ1c2VyX2lkIjoxLCJpYXQiOjE3NDAwNDg2MzgsImV4cCI6MTc0MDQ4MDYzOCwiaXNzIjoibWl5cWdndWNubWhpandsYndlb2FudWNwbHZ4bWV6Y3EiLCJzdWIiOiJtaXlxZ2d1Y25taGlqd2xid2VvYW51Y3BsdnhtZXpjcSIsImp0aSI6InVzZXItMSJ9.a8wF0BYZxSSDWZ7I2EjXXNMJJ6IXXTgTUn34d-FZh8Q','web','123','ACCESS','2025-03-19 08:26:22','2025-02-20 10:50:38','2025-03-19 08:26:22'),(219,7,'eyJhbGciOiJIUzI1NiIsInR5cCI6IkpXVCJ9.eyJ1c2VyX2lkIjo3LCJpYXQiOjE3NDAwNDkyMDEsImV4cCI6MTc0MDQ4MTIwMSwiaXNzIjoibWl5cWdndWNubWhpandsYndlb2FudWNwbHZ4bWV6Y3EiLCJzdWIiOiJtaXlxZ2d1Y25taGlqd2xid2VvYW51Y3BsdnhtZXpjcSIsImp0aSI6InVzZXItNyJ9.f3rJ4zqN9-12hNnAOp0du5k3QUf53FQW_T_C1Z04X3I','web',NULL,'ACCESS','2025-03-28 18:44:36','2025-02-20 11:00:01','2025-03-28 18:44:36'),(220,11,'eyJhbGciOiJIUzI1NiIsInR5cCI6IkpXVCJ9.eyJ1c2VyX2lkIjoxMSwiaWF0IjoxNzQwMDQ5MjU5LCJleHAiOjE3NDA0ODEyNTksImlzcyI6Im1peXFnZ3Vjbm1oaWp3bGJ3ZW9hbnVjcGx2eG1lemNxIiwic3ViIjoibWl5cWdndWNubWhpandsYndlb2FudWNwbHZ4bWV6Y3EiLCJqdGkiOiJ1c2VyLTExIn0.lV1QyjR4eLkx-HdwMo4I4YjzOT0vuze1K8xTDLM65w8','web','123','ACCESS','2025-03-12 10:16:24','2025-02-20 11:00:59','2025-03-12 10:16:24'),(221,7,'eyJhbGciOiJIUzI1NiIsInR5cCI6IkpXVCJ9.eyJ1c2VyX2lkIjo3LCJpYXQiOjE3NDAwNTEyNTgsImV4cCI6MTc0MDQ4MzI1OCwiaXNzIjoibWl5cWdndWNubWhpandsYndlb2FudWNwbHZ4bWV6Y3EiLCJzdWIiOiJtaXlxZ2d1Y25taGlqd2xid2VvYW51Y3BsdnhtZXpjcSIsImp0aSI6InVzZXItNyJ9._znBiofF6ETeL1ObU17ux0KKM7-Zc59A_jGy7PGiF-U','web','fXqpjPGYkZQS7wftjjDL-2:APA91bG_q5e1ef8G5rAlmHDJbmiYuoOHd7DG8yWAEITXKkhUF3QfzIu8OmKIDvo4cZcKtDQLLQMTjW2vBQ8jp1WBdYH1jh3YkJe2O9-Nx0OG3oNSJzC999A','ACCESS','2025-03-28 18:44:36','2025-02-20 11:34:18','2025-03-28 18:44:36'),(222,7,'eyJhbGciOiJIUzI1NiIsInR5cCI6IkpXVCJ9.eyJ1c2VyX2lkIjo3LCJpYXQiOjE3NDAwNTEyNjUsImV4cCI6MTc0MDQ4MzI2NSwiaXNzIjoibWl5cWdndWNubWhpandsYndlb2FudWNwbHZ4bWV6Y3EiLCJzdWIiOiJtaXlxZ2d1Y25taGlqd2xid2VvYW51Y3BsdnhtZXpjcSIsImp0aSI6InVzZXItNyJ9.vKW0sSnY95olyO5eLhIZmEbHr3G53bpNCNOvK5ReAGI','web',NULL,'ACCESS','2025-03-28 18:44:36','2025-02-20 11:34:25','2025-03-28 18:44:36'),(223,7,'eyJhbGciOiJIUzI1NiIsInR5cCI6IkpXVCJ9.eyJ1c2VyX2lkIjo3LCJpYXQiOjE3NDAwNTEzMDUsImV4cCI6MTc0MDQ4MzMwNSwiaXNzIjoibWl5cWdndWNubWhpandsYndlb2FudWNwbHZ4bWV6Y3EiLCJzdWIiOiJtaXlxZ2d1Y25taGlqd2xid2VvYW51Y3BsdnhtZXpjcSIsImp0aSI6InVzZXItNyJ9.WuuQNalFh52s4t1f97II1conFfvRxXyK4R4zsW3kWsA','web','fXqpjPGYkZQS7wftjjDL-2:APA91bG_q5e1ef8G5rAlmHDJbmiYuoOHd7DG8yWAEITXKkhUF3QfzIu8OmKIDvo4cZcKtDQLLQMTjW2vBQ8jp1WBdYH1jh3YkJe2O9-Nx0OG3oNSJzC999A','ACCESS','2025-03-28 18:44:36','2025-02-20 11:35:05','2025-03-28 18:44:36'),(224,7,'eyJhbGciOiJIUzI1NiIsInR5cCI6IkpXVCJ9.eyJ1c2VyX2lkIjo3LCJpYXQiOjE3NDAwNTUxNTEsImV4cCI6MTc0MDQ4NzE1MSwiaXNzIjoibWl5cWdndWNubWhpandsYndlb2FudWNwbHZ4bWV6Y3EiLCJzdWIiOiJtaXlxZ2d1Y25taGlqd2xid2VvYW51Y3BsdnhtZXpjcSIsImp0aSI6InVzZXItNyJ9.uPb49ykFaCqrqdeis6yPrwdVzMWe_YrJ-SEQy1Dbj_k','web','fy-lfHYN8u3aW8od7nmFg1:APA91bGiDuUgaoqfqV0lSI_DjACSSO7RDulzwzvM2lTi9s9y6xcT3sMQ67a55lai5CnB3Cvz2x7bFKjZ-EKFujGqJHvHMqtjLHrJd-J_Iq52KkFhadiMQ8E','ACCESS','2025-03-28 18:44:36','2025-02-20 12:39:11','2025-03-28 18:44:36'),(225,7,'eyJhbGciOiJIUzI1NiIsInR5cCI6IkpXVCJ9.eyJ1c2VyX2lkIjo3LCJpYXQiOjE3NDAwNTU3MjksImV4cCI6MTc0MDQ4NzcyOSwiaXNzIjoibWl5cWdndWNubWhpandsYndlb2FudWNwbHZ4bWV6Y3EiLCJzdWIiOiJtaXlxZ2d1Y25taGlqd2xid2VvYW51Y3BsdnhtZXpjcSIsImp0aSI6InVzZXItNyJ9.2sms8ScjdXCbBp2-5R6l9YGk5R9DN_z4vgVqau1uXN4','web','fy-lfHYN8u3aW8od7nmFg1:APA91bGiDuUgaoqfqV0lSI_DjACSSO7RDulzwzvM2lTi9s9y6xcT3sMQ67a55lai5CnB3Cvz2x7bFKjZ-EKFujGqJHvHMqtjLHrJd-J_Iq52KkFhadiMQ8E','ACCESS','2025-03-28 18:44:36','2025-02-20 12:48:49','2025-03-28 18:44:36'),(226,13,'eyJhbGciOiJIUzI1NiIsInR5cCI6IkpXVCJ9.eyJ1c2VyX2lkIjoxMywiaWF0IjoxNzQwMDU1OTc1LCJleHAiOjE3NDA0ODc5NzUsImlzcyI6Im1peXFnZ3Vjbm1oaWp3bGJ3ZW9hbnVjcGx2eG1lemNxIiwic3ViIjoibWl5cWdndWNubWhpandsYndlb2FudWNwbHZ4bWV6Y3EiLCJqdGkiOiJ1c2VyLTEzIn0.45GSt88s5Uvk1m9NB4d424ob14aCEnPi3_WO2fEch3A','web','fy-lfHYN8u3aW8od7nmFg1:APA91bGiDuUgaoqfqV0lSI_DjACSSO7RDulzwzvM2lTi9s9y6xcT3sMQ67a55lai5CnB3Cvz2x7bFKjZ-EKFujGqJHvHMqtjLHrJd-J_Iq52KkFhadiMQ8E','ACCESS','2025-02-27 10:10:47','2025-02-20 12:52:55','2025-02-27 10:10:47'),(227,1,'eyJhbGciOiJIUzI1NiIsInR5cCI6IkpXVCJ9.eyJ1c2VyX2lkIjoxLCJpYXQiOjE3NDAwNTcxMjUsImV4cCI6MTc0MDQ4OTEyNSwiaXNzIjoibWl5cWdndWNubWhpandsYndlb2FudWNwbHZ4bWV6Y3EiLCJzdWIiOiJtaXlxZ2d1Y25taGlqd2xid2VvYW51Y3BsdnhtZXpjcSIsImp0aSI6InVzZXItMSJ9.vwbbmN0HUS9-Ke4y3JeDjtabeq2D5v5coA7q9qy1MhI','web','123','ACCESS','2025-03-19 08:26:22','2025-02-20 13:12:05','2025-03-19 08:26:22'),(228,10,'eyJhbGciOiJIUzI1NiIsInR5cCI6IkpXVCJ9.eyJ1c2VyX2lkIjoxMCwiaWF0IjoxNzQwMTU5NTM3LCJleHAiOjE3NDA1OTE1MzcsImlzcyI6Im1peXFnZ3Vjbm1oaWp3bGJ3ZW9hbnVjcGx2eG1lemNxIiwic3ViIjoibWl5cWdndWNubWhpandsYndlb2FudWNwbHZ4bWV6Y3EiLCJqdGkiOiJ1c2VyLTEwIn0.5bLV2374mZzhlXG3hR4YVSCB8xAoTJZr1yvEmjEcEBs','web','efG6Sij5bFYttWtvyyPGZo:APA91bG4zDNp60yDjPcBGkXOF0cQ4xi01-7TiJdndHfgYVe4dYzzCTVI2_c5iDW56P5O8-agJfWdoNah8gfqz9Gfphy-xvB8-rKcOWZHLNuEmEsn8x8YU_A','ACCESS','2025-03-27 20:00:13','2025-02-21 17:38:57','2025-03-27 20:00:13'),(229,32,'eyJhbGciOiJIUzI1NiIsInR5cCI6IkpXVCJ9.eyJ1c2VyX2lkIjozMiwiaWF0IjoxNzQwMTU5NzUxLCJleHAiOjE3NDA1OTE3NTEsImlzcyI6Im1peXFnZ3Vjbm1oaWp3bGJ3ZW9hbnVjcGx2eG1lemNxIiwic3ViIjoibWl5cWdndWNubWhpandsYndlb2FudWNwbHZ4bWV6Y3EiLCJqdGkiOiJ1c2VyLTMyIn0.1vgkIG249DtE3rl_nW6r86bkOwUOhTYCzZKwkOQaJwE','web','dMts0DlPRfVwG6c4GB3RrR:APA91bG7G1Oct8LETTb_Ey5Kjnyw9XK8WRonj9jDItzAOovNP9rEXlLXlJqMcF32cP8WyKn5sZui-X_wFq3AKQie5H9iaWX_WkTZ4YFlhWLyyooKS6bvnFg','ACCESS',NULL,'2025-02-21 17:42:31','2025-02-21 17:44:09'),(230,10,'eyJhbGciOiJIUzI1NiIsInR5cCI6IkpXVCJ9.eyJ1c2VyX2lkIjoxMCwiaWF0IjoxNzQwMTc5NDI2LCJleHAiOjE3NDA2MTE0MjYsImlzcyI6Im1peXFnZ3Vjbm1oaWp3bGJ3ZW9hbnVjcGx2eG1lemNxIiwic3ViIjoibWl5cWdndWNubWhpandsYndlb2FudWNwbHZ4bWV6Y3EiLCJqdGkiOiJ1c2VyLTEwIn0.1zGHcpD4bKbzA2sXE6MEgosZl_4XdPfI0GXucKPkzZ4','web',NULL,'ACCESS','2025-03-27 20:00:13','2025-02-21 23:10:26','2025-03-27 20:00:13'),(231,10,'eyJhbGciOiJIUzI1NiIsInR5cCI6IkpXVCJ9.eyJ1c2VyX2lkIjoxMCwiaWF0IjoxNzQwMjQwMDQ3LCJleHAiOjE3NDA2NzIwNDcsImlzcyI6Im1peXFnZ3Vjbm1oaWp3bGJ3ZW9hbnVjcGx2eG1lemNxIiwic3ViIjoibWl5cWdndWNubWhpandsYndlb2FudWNwbHZ4bWV6Y3EiLCJqdGkiOiJ1c2VyLTEwIn0.VIWp367FMdi-fW4hrZ4GHeadxsXZdqQdtS2djRy1ANU','web','efG6Sij5bFYttWtvyyPGZo:APA91bG4zDNp60yDjPcBGkXOF0cQ4xi01-7TiJdndHfgYVe4dYzzCTVI2_c5iDW56P5O8-agJfWdoNah8gfqz9Gfphy-xvB8-rKcOWZHLNuEmEsn8x8YU_A','ACCESS','2025-03-27 20:00:13','2025-02-22 16:00:47','2025-03-27 20:00:13'),(232,7,'eyJhbGciOiJIUzI1NiIsInR5cCI6IkpXVCJ9.eyJ1c2VyX2lkIjo3LCJpYXQiOjE3NDAzODc1ODAsImV4cCI6MTc0MDgxOTU4MCwiaXNzIjoibWl5cWdndWNubWhpandsYndlb2FudWNwbHZ4bWV6Y3EiLCJzdWIiOiJtaXlxZ2d1Y25taGlqd2xid2VvYW51Y3BsdnhtZXpjcSIsImp0aSI6InVzZXItNyJ9.MUI63VE16b33jBc-e0Mns0jbbTOFYVrM5Sf4cGip8zE','web',NULL,'ACCESS','2025-03-28 18:44:36','2025-02-24 08:59:40','2025-03-28 18:44:36'),(233,7,'eyJhbGciOiJIUzI1NiIsInR5cCI6IkpXVCJ9.eyJ1c2VyX2lkIjo3LCJpYXQiOjE3NDAzODg2MzMsImV4cCI6MTc0MDgyMDYzMywiaXNzIjoibWl5cWdndWNubWhpandsYndlb2FudWNwbHZ4bWV6Y3EiLCJzdWIiOiJtaXlxZ2d1Y25taGlqd2xid2VvYW51Y3BsdnhtZXpjcSIsImp0aSI6InVzZXItNyJ9.xsWaYMSE5BefGpGrgY8zp6ebE7lMW0QQes89-c7NQDU','ios','qwerty','ACCESS','2025-03-28 18:44:36','2025-02-24 09:17:13','2025-03-28 18:44:36'),(234,7,'eyJhbGciOiJIUzI1NiIsInR5cCI6IkpXVCJ9.eyJ1c2VyX2lkIjo3LCJpYXQiOjE3NDAzODg3MjUsImV4cCI6MTc0MDgyMDcyNSwiaXNzIjoibWl5cWdndWNubWhpandsYndlb2FudWNwbHZ4bWV6Y3EiLCJzdWIiOiJtaXlxZ2d1Y25taGlqd2xid2VvYW51Y3BsdnhtZXpjcSIsImp0aSI6InVzZXItNyJ9.68mSv2eRICIhjDBI2_wzbAQhB9S2NnM8SKWg2YMRa0k','web',NULL,'ACCESS','2025-03-28 18:44:36','2025-02-24 09:18:45','2025-03-28 18:44:36'),(235,7,'eyJhbGciOiJIUzI1NiIsInR5cCI6IkpXVCJ9.eyJ1c2VyX2lkIjo3LCJpYXQiOjE3NDAzOTE1MzUsImV4cCI6MTc0MDgyMzUzNSwiaXNzIjoibWl5cWdndWNubWhpandsYndlb2FudWNwbHZ4bWV6Y3EiLCJzdWIiOiJtaXlxZ2d1Y25taGlqd2xid2VvYW51Y3BsdnhtZXpjcSIsImp0aSI6InVzZXItNyJ9.vVYQ0E0D46XNkZN3EE_zx4ynIhKlHSDNxaTWsJJBJjk','web','c1BJaFaVqwF5us0t6tLSTB:APA91bHbCmyRvIcsm3xk9UxKKbhSThm1NM1YPa2jOx_xoBTlK3LW__lg23kHKSJf-LUmuuYccoAAcyqzH6sogNWaMFU4Isk5D2VTfh8NpoSrllw_kim6xjU','ACCESS','2025-03-28 18:44:36','2025-02-24 10:05:35','2025-03-28 18:44:36'),(236,7,'eyJhbGciOiJIUzI1NiIsInR5cCI6IkpXVCJ9.eyJ1c2VyX2lkIjo3LCJpYXQiOjE3NDAzOTY0MTcsImV4cCI6MTc0MDgyODQxNywiaXNzIjoibWl5cWdndWNubWhpandsYndlb2FudWNwbHZ4bWV6Y3EiLCJzdWIiOiJtaXlxZ2d1Y25taGlqd2xid2VvYW51Y3BsdnhtZXpjcSIsImp0aSI6InVzZXItNyJ9.NEjwAcOlIJNSvsGpnDZu9oov--HCOkBx5a4cTszMgy4','web',NULL,'ACCESS','2025-03-28 18:44:36','2025-02-24 11:26:57','2025-03-28 18:44:36'),(237,1,'eyJhbGciOiJIUzI1NiIsInR5cCI6IkpXVCJ9.eyJ1c2VyX2lkIjoxLCJpYXQiOjE3NDAzOTc2MDksImV4cCI6MTc0MDgyOTYwOSwiaXNzIjoibWl5cWdndWNubWhpandsYndlb2FudWNwbHZ4bWV6Y3EiLCJzdWIiOiJtaXlxZ2d1Y25taGlqd2xid2VvYW51Y3BsdnhtZXpjcSIsImp0aSI6InVzZXItMSJ9.sYtLQqTkE_f6Z1XwZZWEzX5KEUG1HElUkwqtNFd5Css','web','123','ACCESS','2025-03-19 08:26:22','2025-02-24 11:46:49','2025-03-19 08:26:22'),(238,1,'eyJhbGciOiJIUzI1NiIsInR5cCI6IkpXVCJ9.eyJ1c2VyX2lkIjoxLCJpYXQiOjE3NDAzOTgxMzAsImV4cCI6MTc0MDgzMDEzMCwiaXNzIjoibWl5cWdndWNubWhpandsYndlb2FudWNwbHZ4bWV6Y3EiLCJzdWIiOiJtaXlxZ2d1Y25taGlqd2xid2VvYW51Y3BsdnhtZXpjcSIsImp0aSI6InVzZXItMSJ9.4uwmEYU4K3BQ6iawb6iL1XclEFhr7gVv76CdbT34lWs','web','123','ACCESS','2025-03-19 08:26:22','2025-02-24 11:55:30','2025-03-19 08:26:22'),(239,7,'eyJhbGciOiJIUzI1NiIsInR5cCI6IkpXVCJ9.eyJ1c2VyX2lkIjo3LCJpYXQiOjE3NDAzOTgxNjcsImV4cCI6MTc0MDgzMDE2NywiaXNzIjoibWl5cWdndWNubWhpandsYndlb2FudWNwbHZ4bWV6Y3EiLCJzdWIiOiJtaXlxZ2d1Y25taGlqd2xid2VvYW51Y3BsdnhtZXpjcSIsImp0aSI6InVzZXItNyJ9.LqqYhDIoXg9UvB4M56sjB1TZv7NNWLo1qmApCVGVvaM','ios','qwerty','ACCESS','2025-03-28 18:44:36','2025-02-24 11:56:07','2025-03-28 18:44:36'),(240,7,'eyJhbGciOiJIUzI1NiIsInR5cCI6IkpXVCJ9.eyJ1c2VyX2lkIjo3LCJpYXQiOjE3NDAzOTgzNTEsImV4cCI6MTc0MDgzMDM1MSwiaXNzIjoibWl5cWdndWNubWhpandsYndlb2FudWNwbHZ4bWV6Y3EiLCJzdWIiOiJtaXlxZ2d1Y25taGlqd2xid2VvYW51Y3BsdnhtZXpjcSIsImp0aSI6InVzZXItNyJ9.A9byWG-Vjh5d3-HX3OuDiuRFRX2d1bPml2nfAYimJVU','web',NULL,'ACCESS','2025-03-28 18:44:36','2025-02-24 11:59:11','2025-03-28 18:44:36'),(241,1,'eyJhbGciOiJIUzI1NiIsInR5cCI6IkpXVCJ9.eyJ1c2VyX2lkIjoxLCJpYXQiOjE3NDAzOTg1MDgsImV4cCI6MTc0MDgzMDUwOCwiaXNzIjoibWl5cWdndWNubWhpandsYndlb2FudWNwbHZ4bWV6Y3EiLCJzdWIiOiJtaXlxZ2d1Y25taGlqd2xid2VvYW51Y3BsdnhtZXpjcSIsImp0aSI6InVzZXItMSJ9.scMTQHyl2GMJL8SmtCufXivM5479i0CQiDqskf1oOkM','web','123','ACCESS','2025-03-19 08:26:22','2025-02-24 12:01:48','2025-03-19 08:26:22'),(242,7,'eyJhbGciOiJIUzI1NiIsInR5cCI6IkpXVCJ9.eyJ1c2VyX2lkIjo3LCJpYXQiOjE3NDAzOTg1MjAsImV4cCI6MTc0MDgzMDUyMCwiaXNzIjoibWl5cWdndWNubWhpandsYndlb2FudWNwbHZ4bWV6Y3EiLCJzdWIiOiJtaXlxZ2d1Y25taGlqd2xid2VvYW51Y3BsdnhtZXpjcSIsImp0aSI6InVzZXItNyJ9.jlLLHofcSXOoPjaIHfB62Du21OP5vkQ9YtR12hhGdRg','ios','qwerty','ACCESS','2025-03-28 18:44:36','2025-02-24 12:02:00','2025-03-28 18:44:36'),(243,1,'eyJhbGciOiJIUzI1NiIsInR5cCI6IkpXVCJ9.eyJ1c2VyX2lkIjoxLCJpYXQiOjE3NDAzOTk2ODMsImV4cCI6MTc0MDgzMTY4MywiaXNzIjoibWl5cWdndWNubWhpandsYndlb2FudWNwbHZ4bWV6Y3EiLCJzdWIiOiJtaXlxZ2d1Y25taGlqd2xid2VvYW51Y3BsdnhtZXpjcSIsImp0aSI6InVzZXItMSJ9.Y226Fe81QHswTh_M6Gx3z-sufKRAuSOV8iPpWWjVEx8','web','123','ACCESS','2025-03-19 08:26:22','2025-02-24 12:21:23','2025-03-19 08:26:22'),(244,7,'eyJhbGciOiJIUzI1NiIsInR5cCI6IkpXVCJ9.eyJ1c2VyX2lkIjo3LCJpYXQiOjE3NDAzOTk3NzgsImV4cCI6MTc0MDgzMTc3OCwiaXNzIjoibWl5cWdndWNubWhpandsYndlb2FudWNwbHZ4bWV6Y3EiLCJzdWIiOiJtaXlxZ2d1Y25taGlqd2xid2VvYW51Y3BsdnhtZXpjcSIsImp0aSI6InVzZXItNyJ9.oS86QRXBHrTStJtJTEJ_XiQpS8ISGtFYE4AE2ovuV0E','web',NULL,'ACCESS','2025-03-28 18:44:36','2025-02-24 12:22:58','2025-03-28 18:44:36'),(245,13,'eyJhbGciOiJIUzI1NiIsInR5cCI6IkpXVCJ9.eyJ1c2VyX2lkIjoxMywiaWF0IjoxNzQwNDAwMDA4LCJleHAiOjE3NDA4MzIwMDgsImlzcyI6Im1peXFnZ3Vjbm1oaWp3bGJ3ZW9hbnVjcGx2eG1lemNxIiwic3ViIjoibWl5cWdndWNubWhpandsYndlb2FudWNwbHZ4bWV6Y3EiLCJqdGkiOiJ1c2VyLTEzIn0.Fp2Yjpy7wKBGSLF5SlBApp2GX38cpMezClndG_pGYew','web','c1BJaFaVqwF5us0t6tLSTB:APA91bHbCmyRvIcsm3xk9UxKKbhSThm1NM1YPa2jOx_xoBTlK3LW__lg23kHKSJf-LUmuuYccoAAcyqzH6sogNWaMFU4Isk5D2VTfh8NpoSrllw_kim6xjU','ACCESS','2025-02-27 10:10:47','2025-02-24 12:26:48','2025-02-27 10:10:47'),(246,7,'eyJhbGciOiJIUzI1NiIsInR5cCI6IkpXVCJ9.eyJ1c2VyX2lkIjo3LCJpYXQiOjE3NDA0MDE4NTYsImV4cCI6MTc0MDgzMzg1NiwiaXNzIjoibWl5cWdndWNubWhpandsYndlb2FudWNwbHZ4bWV6Y3EiLCJzdWIiOiJtaXlxZ2d1Y25taGlqd2xid2VvYW51Y3BsdnhtZXpjcSIsImp0aSI6InVzZXItNyJ9.hxTAI_eQpCU9qLbW9MYz_cfpS_Tw_y3YPjtypwJ6rUk','ios','qwerty','ACCESS','2025-03-28 18:44:36','2025-02-24 12:57:36','2025-03-28 18:44:36'),(247,7,'eyJhbGciOiJIUzI1NiIsInR5cCI6IkpXVCJ9.eyJ1c2VyX2lkIjo3LCJpYXQiOjE3NDA0MDIyOTksImV4cCI6MTc0MDgzNDI5OSwiaXNzIjoibWl5cWdndWNubWhpandsYndlb2FudWNwbHZ4bWV6Y3EiLCJzdWIiOiJtaXlxZ2d1Y25taGlqd2xid2VvYW51Y3BsdnhtZXpjcSIsImp0aSI6InVzZXItNyJ9.70E8aNhk8LZuT2satmv3EjeudvbI7U7hcIWZSDBa32c','web',NULL,'ACCESS','2025-03-28 18:44:36','2025-02-24 13:04:59','2025-03-28 18:44:36'),(248,7,'eyJhbGciOiJIUzI1NiIsInR5cCI6IkpXVCJ9.eyJ1c2VyX2lkIjo3LCJpYXQiOjE3NDA0MDIzNjgsImV4cCI6MTc0MDgzNDM2OCwiaXNzIjoibWl5cWdndWNubWhpandsYndlb2FudWNwbHZ4bWV6Y3EiLCJzdWIiOiJtaXlxZ2d1Y25taGlqd2xid2VvYW51Y3BsdnhtZXpjcSIsImp0aSI6InVzZXItNyJ9.zAZTpBlW8Ku4vP3rW313jburVbV7Y4wmuZblDriScjo','ios','qwerty','ACCESS','2025-03-28 18:44:36','2025-02-24 13:06:08','2025-03-28 18:44:36'),(249,7,'eyJhbGciOiJIUzI1NiIsInR5cCI6IkpXVCJ9.eyJ1c2VyX2lkIjo3LCJpYXQiOjE3NDA0MDI1NzUsImV4cCI6MTc0MDgzNDU3NSwiaXNzIjoibWl5cWdndWNubWhpandsYndlb2FudWNwbHZ4bWV6Y3EiLCJzdWIiOiJtaXlxZ2d1Y25taGlqd2xid2VvYW51Y3BsdnhtZXpjcSIsImp0aSI6InVzZXItNyJ9.MTjicgjuF6O69jZnSS0WLkoNBWGMTDwpJL_G-QcLwZg','web',NULL,'ACCESS','2025-03-28 18:44:36','2025-02-24 13:09:35','2025-03-28 18:44:36'),(250,7,'eyJhbGciOiJIUzI1NiIsInR5cCI6IkpXVCJ9.eyJ1c2VyX2lkIjo3LCJpYXQiOjE3NDA0NzQyMTAsImV4cCI6MTc0MDkwNjIxMCwiaXNzIjoibWl5cWdndWNubWhpandsYndlb2FudWNwbHZ4bWV6Y3EiLCJzdWIiOiJtaXlxZ2d1Y25taGlqd2xid2VvYW51Y3BsdnhtZXpjcSIsImp0aSI6InVzZXItNyJ9.c2Yi8qLbwXOWPmfU-lpnh-L6XPpAtHQ4pMa-IsgWBjU','web','dDEb7sorJdGyTL8zRLeGK4:APA91bFnydC9zYJUwQAUvQp4uIVexb5zbZWXRPGgfCxmts1vXYMFuZbcieAAGrChAxfz_0sNjR7kA_6aJ8O1mrGE4JmlMj5Ls4rC253DHBhW_-tgSQmeta8','ACCESS','2025-03-28 18:44:36','2025-02-25 09:03:30','2025-03-28 18:44:36'),(251,19,'eyJhbGciOiJIUzI1NiIsInR5cCI6IkpXVCJ9.eyJ1c2VyX2lkIjoxOSwiaWF0IjoxNzQwNDc1MTU3LCJleHAiOjE3NDA5MDcxNTcsImlzcyI6Im1peXFnZ3Vjbm1oaWp3bGJ3ZW9hbnVjcGx2eG1lemNxIiwic3ViIjoibWl5cWdndWNubWhpandsYndlb2FudWNwbHZ4bWV6Y3EiLCJqdGkiOiJ1c2VyLTE5In0.iqn1ZiTnEp7aPwON46NcVQGF0PO_ol_2qsaSeNJIHr0','web','123','ACCESS','2025-02-25 09:19:34','2025-02-25 09:19:17','2025-02-25 09:19:34'),(252,19,'eyJhbGciOiJIUzI1NiIsInR5cCI6IkpXVCJ9.eyJ1c2VyX2lkIjoxOSwiaWF0IjoxNzQwNDc1MTc0LCJleHAiOjE3NDA5MDcxNzQsImlzcyI6Im1peXFnZ3Vjbm1oaWp3bGJ3ZW9hbnVjcGx2eG1lemNxIiwic3ViIjoibWl5cWdndWNubWhpandsYndlb2FudWNwbHZ4bWV6Y3EiLCJqdGkiOiJ1c2VyLTE5In0.0FUUnAQySmmYAlJDORm-p7PCRt_7VA4htLwZIAip_18','web',NULL,'ACCESS',NULL,'2025-02-25 09:19:34','2025-02-26 07:07:53'),(253,13,'eyJhbGciOiJIUzI1NiIsInR5cCI6IkpXVCJ9.eyJ1c2VyX2lkIjoxMywiaWF0IjoxNzQwNDc1NTU3LCJleHAiOjE3NDA5MDc1NTcsImlzcyI6Im1peXFnZ3Vjbm1oaWp3bGJ3ZW9hbnVjcGx2eG1lemNxIiwic3ViIjoibWl5cWdndWNubWhpandsYndlb2FudWNwbHZ4bWV6Y3EiLCJqdGkiOiJ1c2VyLTEzIn0.E7txTeLonC_5HIfO5zgsNF3PznC9qTAEmOiYdIvGaN0','web','fy-lfHYN8u3aW8od7nmFg1:APA91bGiDuUgaoqfqV0lSI_DjACSSO7RDulzwzvM2lTi9s9y6xcT3sMQ67a55lai5CnB3Cvz2x7bFKjZ-EKFujGqJHvHMqtjLHrJd-J_Iq52KkFhadiMQ8E','ACCESS','2025-02-27 10:10:47','2025-02-25 09:25:57','2025-02-27 10:10:47'),(254,13,'eyJhbGciOiJIUzI1NiIsInR5cCI6IkpXVCJ9.eyJ1c2VyX2lkIjoxMywiaWF0IjoxNzQwNDk5MTAwLCJleHAiOjE3NDA5MzExMDAsImlzcyI6Im1peXFnZ3Vjbm1oaWp3bGJ3ZW9hbnVjcGx2eG1lemNxIiwic3ViIjoibWl5cWdndWNubWhpandsYndlb2FudWNwbHZ4bWV6Y3EiLCJqdGkiOiJ1c2VyLTEzIn0.Dr1hZ3wW0ervCWnoeDdhmAlb2XhLjMVe5xS6fLOL16k','web','c1BJaFaVqwF5us0t6tLSTB:APA91bEg37SGxzpCi2Z5i-i5pSrUO7fvrpL60dwMRnIClTIJonfso_k6eBYLC_TvwKb8SJIbcEGClWry2nnG81MKJhSzxOOAQlekXqjSFYJFGJEtQu4afFc','ACCESS','2025-02-27 10:10:47','2025-02-25 15:58:20','2025-02-27 10:10:47'),(255,33,'eyJhbGciOiJIUzI1NiIsInR5cCI6IkpXVCJ9.eyJ1c2VyX2lkIjozMywiaWF0IjoxNzQwNTUzNzcyLCJleHAiOjE3NDA5ODU3NzIsImlzcyI6Im1peXFnZ3Vjbm1oaWp3bGJ3ZW9hbnVjcGx2eG1lemNxIiwic3ViIjoibWl5cWdndWNubWhpandsYndlb2FudWNwbHZ4bWV6Y3EiLCJqdGkiOiJ1c2VyLTMzIn0.sl564QHqm_7up-XIKSR04xwrVfe0Ut5jHsN060jIA-o','web',NULL,'ACCESS','2025-03-12 10:17:07','2025-02-26 07:09:32','2025-03-12 10:17:07'),(256,13,'eyJhbGciOiJIUzI1NiIsInR5cCI6IkpXVCJ9.eyJ1c2VyX2lkIjoxMywiaWF0IjoxNzQwNTY0MzQxLCJleHAiOjE3NDA5OTYzNDEsImlzcyI6Im1peXFnZ3Vjbm1oaWp3bGJ3ZW9hbnVjcGx2eG1lemNxIiwic3ViIjoibWl5cWdndWNubWhpandsYndlb2FudWNwbHZ4bWV6Y3EiLCJqdGkiOiJ1c2VyLTEzIn0.Zu5ZLS1CKzhA6TQLLsZW0uQFLCNfmUh-ffCfRwBaSk8','web','fy-lfHYN8u3aW8od7nmFg1:APA91bGiDuUgaoqfqV0lSI_DjACSSO7RDulzwzvM2lTi9s9y6xcT3sMQ67a55lai5CnB3Cvz2x7bFKjZ-EKFujGqJHvHMqtjLHrJd-J_Iq52KkFhadiMQ8E','ACCESS','2025-02-27 10:10:47','2025-02-26 10:05:41','2025-02-27 10:10:47'),(257,13,'eyJhbGciOiJIUzI1NiIsInR5cCI6IkpXVCJ9.eyJ1c2VyX2lkIjoxMywiaWF0IjoxNzQwNTY1NjgyLCJleHAiOjE3NDA5OTc2ODIsImlzcyI6Im1peXFnZ3Vjbm1oaWp3bGJ3ZW9hbnVjcGx2eG1lemNxIiwic3ViIjoibWl5cWdndWNubWhpandsYndlb2FudWNwbHZ4bWV6Y3EiLCJqdGkiOiJ1c2VyLTEzIn0.VkhVq-zcDpMpoL6xlUSO1AcCRvB2uiqs5mKeL3TNgRo','web','c1BJaFaVqwF5us0t6tLSTB:APA91bEg37SGxzpCi2Z5i-i5pSrUO7fvrpL60dwMRnIClTIJonfso_k6eBYLC_TvwKb8SJIbcEGClWry2nnG81MKJhSzxOOAQlekXqjSFYJFGJEtQu4afFc','ACCESS','2025-02-27 10:10:47','2025-02-26 10:28:02','2025-02-27 10:10:47'),(258,13,'eyJhbGciOiJIUzI1NiIsInR5cCI6IkpXVCJ9.eyJ1c2VyX2lkIjoxMywiaWF0IjoxNzQwNTY1OTU4LCJleHAiOjE3NDA5OTc5NTgsImlzcyI6Im1peXFnZ3Vjbm1oaWp3bGJ3ZW9hbnVjcGx2eG1lemNxIiwic3ViIjoibWl5cWdndWNubWhpandsYndlb2FudWNwbHZ4bWV6Y3EiLCJqdGkiOiJ1c2VyLTEzIn0.d8PISl53UM739a4V6fH8lSy6MroOgkgew-LE3-SG2qs','web','fy-lfHYN8u3aW8od7nmFg1:APA91bGiDuUgaoqfqV0lSI_DjACSSO7RDulzwzvM2lTi9s9y6xcT3sMQ67a55lai5CnB3Cvz2x7bFKjZ-EKFujGqJHvHMqtjLHrJd-J_Iq52KkFhadiMQ8E','ACCESS','2025-02-27 10:10:47','2025-02-26 10:32:38','2025-02-27 10:10:47'),(259,13,'eyJhbGciOiJIUzI1NiIsInR5cCI6IkpXVCJ9.eyJ1c2VyX2lkIjoxMywiaWF0IjoxNzQwNTcwNDYxLCJleHAiOjE3NDEwMDI0NjEsImlzcyI6Im1peXFnZ3Vjbm1oaWp3bGJ3ZW9hbnVjcGx2eG1lemNxIiwic3ViIjoibWl5cWdndWNubWhpandsYndlb2FudWNwbHZ4bWV6Y3EiLCJqdGkiOiJ1c2VyLTEzIn0.8OSfG_xo9xlmZ2aDY1y917ITR-DPQw2lTgoKUdjMYp0','web','c1BJaFaVqwF5us0t6tLSTB:APA91bEg37SGxzpCi2Z5i-i5pSrUO7fvrpL60dwMRnIClTIJonfso_k6eBYLC_TvwKb8SJIbcEGClWry2nnG81MKJhSzxOOAQlekXqjSFYJFGJEtQu4afFc','ACCESS','2025-02-27 10:10:47','2025-02-26 11:47:41','2025-02-27 10:10:47'),(260,13,'eyJhbGciOiJIUzI1NiIsInR5cCI6IkpXVCJ9.eyJ1c2VyX2lkIjoxMywiaWF0IjoxNzQwNTg2NTMyLCJleHAiOjE3NDEwMTg1MzIsImlzcyI6Im1peXFnZ3Vjbm1oaWp3bGJ3ZW9hbnVjcGx2eG1lemNxIiwic3ViIjoibWl5cWdndWNubWhpandsYndlb2FudWNwbHZ4bWV6Y3EiLCJqdGkiOiJ1c2VyLTEzIn0.m_LudHf1t3MBx7D0N5SL9Mvhjli0FPkDEfa35lyMy8M','web','dXXUJWW7EbK0LXD6vRt8De:APA91bFIAz_nsuh2cc0wwlq28BVYyfe78SpY5V1xPHeQ7ESs_gI5xTr7CEuxUzr-6_uIiZFEwjdRix5Pwa7p8gpS0mOFUZVzWLzyDg6XL5C6L8qFUp94huQ','ACCESS','2025-02-27 10:10:47','2025-02-26 16:15:32','2025-02-27 10:10:47'),(261,13,'eyJhbGciOiJIUzI1NiIsInR5cCI6IkpXVCJ9.eyJ1c2VyX2lkIjoxMywiaWF0IjoxNzQwNTg2ODAwLCJleHAiOjE3NDEwMTg4MDAsImlzcyI6Im1peXFnZ3Vjbm1oaWp3bGJ3ZW9hbnVjcGx2eG1lemNxIiwic3ViIjoibWl5cWdndWNubWhpandsYndlb2FudWNwbHZ4bWV6Y3EiLCJqdGkiOiJ1c2VyLTEzIn0.SYKoUjIAeTV8a78Jiz3I37ePxdekszAPyXS8v1Va2ds','web','c1BJaFaVqwF5us0t6tLSTB:APA91bEg37SGxzpCi2Z5i-i5pSrUO7fvrpL60dwMRnIClTIJonfso_k6eBYLC_TvwKb8SJIbcEGClWry2nnG81MKJhSzxOOAQlekXqjSFYJFGJEtQu4afFc','ACCESS','2025-02-27 10:10:47','2025-02-26 16:20:00','2025-02-27 10:10:47'),(262,13,'eyJhbGciOiJIUzI1NiIsInR5cCI6IkpXVCJ9.eyJ1c2VyX2lkIjoxMywiaWF0IjoxNzQwNTg2ODc3LCJleHAiOjE3NDEwMTg4NzcsImlzcyI6Im1peXFnZ3Vjbm1oaWp3bGJ3ZW9hbnVjcGx2eG1lemNxIiwic3ViIjoibWl5cWdndWNubWhpandsYndlb2FudWNwbHZ4bWV6Y3EiLCJqdGkiOiJ1c2VyLTEzIn0.UcU4gezUUKbE3egAf8-YGhDUuwIPcSac4djEDJPAri0','web','dXXUJWW7EbK0LXD6vRt8De:APA91bFIAz_nsuh2cc0wwlq28BVYyfe78SpY5V1xPHeQ7ESs_gI5xTr7CEuxUzr-6_uIiZFEwjdRix5Pwa7p8gpS0mOFUZVzWLzyDg6XL5C6L8qFUp94huQ','ACCESS','2025-02-27 10:10:47','2025-02-26 16:21:17','2025-02-27 10:10:47'),(263,13,'eyJhbGciOiJIUzI1NiIsInR5cCI6IkpXVCJ9.eyJ1c2VyX2lkIjoxMywiaWF0IjoxNzQwNTg3NDYzLCJleHAiOjE3NDEwMTk0NjMsImlzcyI6Im1peXFnZ3Vjbm1oaWp3bGJ3ZW9hbnVjcGx2eG1lemNxIiwic3ViIjoibWl5cWdndWNubWhpandsYndlb2FudWNwbHZ4bWV6Y3EiLCJqdGkiOiJ1c2VyLTEzIn0.hAJoxJSvkbnm19DwiJFjV_tHXAAqs9t-IqnPQvHgnpk','web','c1BJaFaVqwF5us0t6tLSTB:APA91bEg37SGxzpCi2Z5i-i5pSrUO7fvrpL60dwMRnIClTIJonfso_k6eBYLC_TvwKb8SJIbcEGClWry2nnG81MKJhSzxOOAQlekXqjSFYJFGJEtQu4afFc','ACCESS','2025-02-27 10:10:47','2025-02-26 16:31:03','2025-02-27 10:10:47'),(264,13,'eyJhbGciOiJIUzI1NiIsInR5cCI6IkpXVCJ9.eyJ1c2VyX2lkIjoxMywiaWF0IjoxNzQwNTg4MDIwLCJleHAiOjE3NDEwMjAwMjAsImlzcyI6Im1peXFnZ3Vjbm1oaWp3bGJ3ZW9hbnVjcGx2eG1lemNxIiwic3ViIjoibWl5cWdndWNubWhpandsYndlb2FudWNwbHZ4bWV6Y3EiLCJqdGkiOiJ1c2VyLTEzIn0.tfq8WBo4RgCcuvrXqRP2XpmFiccfSv3IRwmCWh8ETIA','web','c1BJaFaVqwF5us0t6tLSTB:APA91bEg37SGxzpCi2Z5i-i5pSrUO7fvrpL60dwMRnIClTIJonfso_k6eBYLC_TvwKb8SJIbcEGClWry2nnG81MKJhSzxOOAQlekXqjSFYJFGJEtQu4afFc','ACCESS','2025-02-27 10:10:47','2025-02-26 16:40:20','2025-02-27 10:10:47'),(265,13,'eyJhbGciOiJIUzI1NiIsInR5cCI6IkpXVCJ9.eyJ1c2VyX2lkIjoxMywiaWF0IjoxNzQwNTg4MzcxLCJleHAiOjE3NDEwMjAzNzEsImlzcyI6Im1peXFnZ3Vjbm1oaWp3bGJ3ZW9hbnVjcGx2eG1lemNxIiwic3ViIjoibWl5cWdndWNubWhpandsYndlb2FudWNwbHZ4bWV6Y3EiLCJqdGkiOiJ1c2VyLTEzIn0.N75WImC6yGimUsi-ASWsqW_LD64WbH8u5sIkOtYwXMA','web','dXXUJWW7EbK0LXD6vRt8De:APA91bFIAz_nsuh2cc0wwlq28BVYyfe78SpY5V1xPHeQ7ESs_gI5xTr7CEuxUzr-6_uIiZFEwjdRix5Pwa7p8gpS0mOFUZVzWLzyDg6XL5C6L8qFUp94huQ','ACCESS','2025-02-27 10:10:47','2025-02-26 16:46:11','2025-02-27 10:10:47'),(266,13,'eyJhbGciOiJIUzI1NiIsInR5cCI6IkpXVCJ9.eyJ1c2VyX2lkIjoxMywiaWF0IjoxNzQwNTg4NzM3LCJleHAiOjE3NDEwMjA3MzcsImlzcyI6Im1peXFnZ3Vjbm1oaWp3bGJ3ZW9hbnVjcGx2eG1lemNxIiwic3ViIjoibWl5cWdndWNubWhpandsYndlb2FudWNwbHZ4bWV6Y3EiLCJqdGkiOiJ1c2VyLTEzIn0.c5fRodN3l2eDqy_ry6y5FadJJMK-UAyjX9n2ldTisVU','web','c1BJaFaVqwF5us0t6tLSTB:APA91bEg37SGxzpCi2Z5i-i5pSrUO7fvrpL60dwMRnIClTIJonfso_k6eBYLC_TvwKb8SJIbcEGClWry2nnG81MKJhSzxOOAQlekXqjSFYJFGJEtQu4afFc','ACCESS','2025-02-27 10:10:47','2025-02-26 16:52:17','2025-02-27 10:10:47'),(267,13,'eyJhbGciOiJIUzI1NiIsInR5cCI6IkpXVCJ9.eyJ1c2VyX2lkIjoxMywiaWF0IjoxNzQwNTg4ODY2LCJleHAiOjE3NDEwMjA4NjYsImlzcyI6Im1peXFnZ3Vjbm1oaWp3bGJ3ZW9hbnVjcGx2eG1lemNxIiwic3ViIjoibWl5cWdndWNubWhpandsYndlb2FudWNwbHZ4bWV6Y3EiLCJqdGkiOiJ1c2VyLTEzIn0.HRCTfl6cifb_oq50Try1kB32gleGwkJEyo79RLyhXSk','web','dXXUJWW7EbK0LXD6vRt8De:APA91bFIAz_nsuh2cc0wwlq28BVYyfe78SpY5V1xPHeQ7ESs_gI5xTr7CEuxUzr-6_uIiZFEwjdRix5Pwa7p8gpS0mOFUZVzWLzyDg6XL5C6L8qFUp94huQ','ACCESS','2025-02-27 10:10:47','2025-02-26 16:54:26','2025-02-27 10:10:47'),(268,7,'eyJhbGciOiJIUzI1NiIsInR5cCI6IkpXVCJ9.eyJ1c2VyX2lkIjo3LCJpYXQiOjE3NDA1OTIyODgsImV4cCI6MTc0MTAyNDI4OCwiaXNzIjoibWl5cWdndWNubWhpandsYndlb2FudWNwbHZ4bWV6Y3EiLCJzdWIiOiJtaXlxZ2d1Y25taGlqd2xid2VvYW51Y3BsdnhtZXpjcSIsImp0aSI6InVzZXItNyJ9.pwJHsyaXKsQxJ_2kptWbw_V9b8LLwBnSMAj7YmYK17Q','web','fy-lfHYN8u3aW8od7nmFg1:APA91bGiDuUgaoqfqV0lSI_DjACSSO7RDulzwzvM2lTi9s9y6xcT3sMQ67a55lai5CnB3Cvz2x7bFKjZ-EKFujGqJHvHMqtjLHrJd-J_Iq52KkFhadiMQ8E','ACCESS','2025-03-28 18:44:36','2025-02-26 17:51:28','2025-03-28 18:44:36'),(269,11,'eyJhbGciOiJIUzI1NiIsInR5cCI6IkpXVCJ9.eyJ1c2VyX2lkIjoxMSwiaWF0IjoxNzQwNTkzMDg0LCJleHAiOjE3NDEwMjUwODQsImlzcyI6Im1peXFnZ3Vjbm1oaWp3bGJ3ZW9hbnVjcGx2eG1lemNxIiwic3ViIjoibWl5cWdndWNubWhpandsYndlb2FudWNwbHZ4bWV6Y3EiLCJqdGkiOiJ1c2VyLTExIn0.nyjJSb2peSL9-vUKPAJEFF9gdnaFppdxxSHmgutUVfY','web','123','ACCESS','2025-03-12 10:16:24','2025-02-26 18:04:44','2025-03-12 10:16:24'),(270,11,'eyJhbGciOiJIUzI1NiIsInR5cCI6IkpXVCJ9.eyJ1c2VyX2lkIjoxMSwiaWF0IjoxNzQwNTkzMTI0LCJleHAiOjE3NDEwMjUxMjQsImlzcyI6Im1peXFnZ3Vjbm1oaWp3bGJ3ZW9hbnVjcGx2eG1lemNxIiwic3ViIjoibWl5cWdndWNubWhpandsYndlb2FudWNwbHZ4bWV6Y3EiLCJqdGkiOiJ1c2VyLTExIn0.ju_dwW00NbW1_k-fc8h0P6bdsADUGy0rhVuTksERJuM','web','123','ACCESS','2025-03-12 10:16:24','2025-02-26 18:05:24','2025-03-12 10:16:24'),(271,11,'eyJhbGciOiJIUzI1NiIsInR5cCI6IkpXVCJ9.eyJ1c2VyX2lkIjoxMSwiaWF0IjoxNzQwNTkzMzAzLCJleHAiOjE3NDEwMjUzMDMsImlzcyI6Im1peXFnZ3Vjbm1oaWp3bGJ3ZW9hbnVjcGx2eG1lemNxIiwic3ViIjoibWl5cWdndWNubWhpandsYndlb2FudWNwbHZ4bWV6Y3EiLCJqdGkiOiJ1c2VyLTExIn0.q5FbCkWXgH83jY31f-6VJ-gFZt7fBSYDdmlpjokjT88','web','elQWLvBgZ-QzIkxTPCC9eq:APA91bGKYlGyw0J5c6zeJRgMeZQa_dYzDTLDFP7nS9pO2q9fs-RU0TMy6ahRz-nGjZzjFuveSANcK2cGy_WL8CKhNflmnfYzuvenQybdt5h-Jp4_r11wgNc','ACCESS','2025-03-12 10:16:24','2025-02-26 18:08:23','2025-03-12 10:16:24'),(272,11,'eyJhbGciOiJIUzI1NiIsInR5cCI6IkpXVCJ9.eyJ1c2VyX2lkIjoxMSwiaWF0IjoxNzQwNTkzNTI2LCJleHAiOjE3NDEwMjU1MjYsImlzcyI6Im1peXFnZ3Vjbm1oaWp3bGJ3ZW9hbnVjcGx2eG1lemNxIiwic3ViIjoibWl5cWdndWNubWhpandsYndlb2FudWNwbHZ4bWV6Y3EiLCJqdGkiOiJ1c2VyLTExIn0.jcqgidba-QACkAq9Lc5hLzXKhijigaUW6rwKNiy5gXo','web','dgh87SUGc6yHeXYuQV6QT1:APA91bEGdN95iB_eYdUVGmKaLxDzcusZMzSNwS5A7IcCuqSUCoSn4Bz2QaSpRCQ7ofVJWiDftAT5KoGUnDa90Hm8Y5OypDx6rlhDAoVpm-sERHHJy_aaI5g','ACCESS','2025-03-12 10:16:24','2025-02-26 18:12:06','2025-03-12 10:16:24'),(273,11,'eyJhbGciOiJIUzI1NiIsInR5cCI6IkpXVCJ9.eyJ1c2VyX2lkIjoxMSwiaWF0IjoxNzQwNTk0MDQ2LCJleHAiOjE3NDEwMjYwNDYsImlzcyI6Im1peXFnZ3Vjbm1oaWp3bGJ3ZW9hbnVjcGx2eG1lemNxIiwic3ViIjoibWl5cWdndWNubWhpandsYndlb2FudWNwbHZ4bWV6Y3EiLCJqdGkiOiJ1c2VyLTExIn0.3RasWJcb2O-XqntBuD4F8nuy87vrdgC6rpz0DNZRyy0','web','elQWLvBgZ-QzIkxTPCC9eq:APA91bGKYlGyw0J5c6zeJRgMeZQa_dYzDTLDFP7nS9pO2q9fs-RU0TMy6ahRz-nGjZzjFuveSANcK2cGy_WL8CKhNflmnfYzuvenQybdt5h-Jp4_r11wgNc','ACCESS','2025-03-12 10:16:24','2025-02-26 18:20:46','2025-03-12 10:16:24'),(274,11,'eyJhbGciOiJIUzI1NiIsInR5cCI6IkpXVCJ9.eyJ1c2VyX2lkIjoxMSwiaWF0IjoxNzQwNTk0NzM3LCJleHAiOjE3NDEwMjY3MzcsImlzcyI6Im1peXFnZ3Vjbm1oaWp3bGJ3ZW9hbnVjcGx2eG1lemNxIiwic3ViIjoibWl5cWdndWNubWhpandsYndlb2FudWNwbHZ4bWV6Y3EiLCJqdGkiOiJ1c2VyLTExIn0.xHxDIxQGsO7Pxa_GmMfTOhY6CdNAEU9IsTUwnMipvRI','web','dgh87SUGc6yHeXYuQV6QT1:APA91bEGdN95iB_eYdUVGmKaLxDzcusZMzSNwS5A7IcCuqSUCoSn4Bz2QaSpRCQ7ofVJWiDftAT5KoGUnDa90Hm8Y5OypDx6rlhDAoVpm-sERHHJy_aaI5g','ACCESS','2025-03-12 10:16:24','2025-02-26 18:32:17','2025-03-12 10:16:24'),(275,11,'eyJhbGciOiJIUzI1NiIsInR5cCI6IkpXVCJ9.eyJ1c2VyX2lkIjoxMSwiaWF0IjoxNzQwNTk0NzY5LCJleHAiOjE3NDEwMjY3NjksImlzcyI6Im1peXFnZ3Vjbm1oaWp3bGJ3ZW9hbnVjcGx2eG1lemNxIiwic3ViIjoibWl5cWdndWNubWhpandsYndlb2FudWNwbHZ4bWV6Y3EiLCJqdGkiOiJ1c2VyLTExIn0.HsJFtFuX1svw3bl65kJkbGujj2x4fLWtMo9CTVGeRPw','web','elQWLvBgZ-QzIkxTPCC9eq:APA91bGKYlGyw0J5c6zeJRgMeZQa_dYzDTLDFP7nS9pO2q9fs-RU0TMy6ahRz-nGjZzjFuveSANcK2cGy_WL8CKhNflmnfYzuvenQybdt5h-Jp4_r11wgNc','ACCESS','2025-03-12 10:16:24','2025-02-26 18:32:49','2025-03-12 10:16:24'),(276,7,'eyJhbGciOiJIUzI1NiIsInR5cCI6IkpXVCJ9.eyJ1c2VyX2lkIjo3LCJpYXQiOjE3NDA2NDg4MDMsImV4cCI6MTc0MTA4MDgwMywiaXNzIjoibWl5cWdndWNubWhpandsYndlb2FudWNwbHZ4bWV6Y3EiLCJzdWIiOiJtaXlxZ2d1Y25taGlqd2xid2VvYW51Y3BsdnhtZXpjcSIsImp0aSI6InVzZXItNyJ9.HO3lsDFL9x88gfZ9bobtj-QcfYQJBAP3kmEMWlr6i8I','web','fXqpjPGYkZQS7wftjjDL-2:APA91bG_q5e1ef8G5rAlmHDJbmiYuoOHd7DG8yWAEITXKkhUF3QfzIu8OmKIDvo4cZcKtDQLLQMTjW2vBQ8jp1WBdYH1jh3YkJe2O9-Nx0OG3oNSJzC999A','ACCESS','2025-03-28 18:44:36','2025-02-27 09:33:23','2025-03-28 18:44:36'),(277,7,'eyJhbGciOiJIUzI1NiIsInR5cCI6IkpXVCJ9.eyJ1c2VyX2lkIjo3LCJpYXQiOjE3NDA2NDg4NjEsImV4cCI6MTc0MTA4MDg2MSwiaXNzIjoibWl5cWdndWNubWhpandsYndlb2FudWNwbHZ4bWV6Y3EiLCJzdWIiOiJtaXlxZ2d1Y25taGlqd2xid2VvYW51Y3BsdnhtZXpjcSIsImp0aSI6InVzZXItNyJ9.mogR5t1-HQt8WvkYp3clD-EiZwd9D08F_zcsgQVCAXk','web',NULL,'ACCESS','2025-03-28 18:44:36','2025-02-27 09:34:21','2025-03-28 18:44:36'),(278,7,'eyJhbGciOiJIUzI1NiIsInR5cCI6IkpXVCJ9.eyJ1c2VyX2lkIjo3LCJpYXQiOjE3NDA2NDg5MjIsImV4cCI6MTc0MTA4MDkyMiwiaXNzIjoibWl5cWdndWNubWhpandsYndlb2FudWNwbHZ4bWV6Y3EiLCJzdWIiOiJtaXlxZ2d1Y25taGlqd2xid2VvYW51Y3BsdnhtZXpjcSIsImp0aSI6InVzZXItNyJ9.9ehlRY4K9P5yToDt7wyEECUFNM_EKmaJK_S6l7C5CiQ','web','fXqpjPGYkZQS7wftjjDL-2:APA91bG_q5e1ef8G5rAlmHDJbmiYuoOHd7DG8yWAEITXKkhUF3QfzIu8OmKIDvo4cZcKtDQLLQMTjW2vBQ8jp1WBdYH1jh3YkJe2O9-Nx0OG3oNSJzC999A','ACCESS','2025-03-28 18:44:36','2025-02-27 09:35:22','2025-03-28 18:44:36'),(279,13,'eyJhbGciOiJIUzI1NiIsInR5cCI6IkpXVCJ9.eyJ1c2VyX2lkIjoxMywiaWF0IjoxNzQwNjQ5MzAyLCJleHAiOjE3NDEwODEzMDIsImlzcyI6Im1peXFnZ3Vjbm1oaWp3bGJ3ZW9hbnVjcGx2eG1lemNxIiwic3ViIjoibWl5cWdndWNubWhpandsYndlb2FudWNwbHZ4bWV6Y3EiLCJqdGkiOiJ1c2VyLTEzIn0.3U0nnxEFRtMEeA3w8kVdvO0DZArFXVrJiHI_WySa43E','web','fy-lfHYN8u3aW8od7nmFg1:APA91bGiDuUgaoqfqV0lSI_DjACSSO7RDulzwzvM2lTi9s9y6xcT3sMQ67a55lai5CnB3Cvz2x7bFKjZ-EKFujGqJHvHMqtjLHrJd-J_Iq52KkFhadiMQ8E','ACCESS','2025-02-27 10:10:47','2025-02-27 09:41:42','2025-02-27 10:10:47'),(280,13,'eyJhbGciOiJIUzI1NiIsInR5cCI6IkpXVCJ9.eyJ1c2VyX2lkIjoxMywiaWF0IjoxNzQwNjUwMTA2LCJleHAiOjE3NDEwODIxMDYsImlzcyI6Im1peXFnZ3Vjbm1oaWp3bGJ3ZW9hbnVjcGx2eG1lemNxIiwic3ViIjoibWl5cWdndWNubWhpandsYndlb2FudWNwbHZ4bWV6Y3EiLCJqdGkiOiJ1c2VyLTEzIn0.ppqOIWM0rMpMXV_ThavoTiLyrPiIdTyiK2wWHA5tm4s','web','dXXUJWW7EbK0LXD6vRt8De:APA91bFIAz_nsuh2cc0wwlq28BVYyfe78SpY5V1xPHeQ7ESs_gI5xTr7CEuxUzr-6_uIiZFEwjdRix5Pwa7p8gpS0mOFUZVzWLzyDg6XL5C6L8qFUp94huQ','ACCESS','2025-02-27 10:10:47','2025-02-27 09:55:06','2025-02-27 10:10:47'),(281,7,'eyJhbGciOiJIUzI1NiIsInR5cCI6IkpXVCJ9.eyJ1c2VyX2lkIjo3LCJpYXQiOjE3NDA2NTA2NzcsImV4cCI6MTc0MTA4MjY3NywiaXNzIjoibWl5cWdndWNubWhpandsYndlb2FudWNwbHZ4bWV6Y3EiLCJzdWIiOiJtaXlxZ2d1Y25taGlqd2xid2VvYW51Y3BsdnhtZXpjcSIsImp0aSI6InVzZXItNyJ9.ylqDtgJZAaBU3GMPbcWF1w3mI-IGT59tHt5FCc8yKPs','web','123123','ACCESS','2025-03-28 18:44:36','2025-02-27 10:04:37','2025-03-28 18:44:36'),(282,13,'eyJhbGciOiJIUzI1NiIsInR5cCI6IkpXVCJ9.eyJ1c2VyX2lkIjoxMywiaWF0IjoxNzQwNjUwODQzLCJleHAiOjE3NDEwODI4NDMsImlzcyI6Im1peXFnZ3Vjbm1oaWp3bGJ3ZW9hbnVjcGx2eG1lemNxIiwic3ViIjoibWl5cWdndWNubWhpandsYndlb2FudWNwbHZ4bWV6Y3EiLCJqdGkiOiJ1c2VyLTEzIn0.L22yJNJtYbG1laTtXJeMb620v0DYDkiyGn4CqvoIKbM','web','123','ACCESS','2025-02-27 10:10:47','2025-02-27 10:07:23','2025-02-27 10:10:47'),(283,13,'eyJhbGciOiJIUzI1NiIsInR5cCI6IkpXVCJ9.eyJ1c2VyX2lkIjoxMywiaWF0IjoxNzQwNjUxMDQ3LCJleHAiOjE3NDEwODMwNDcsImlzcyI6Im1peXFnZ3Vjbm1oaWp3bGJ3ZW9hbnVjcGx2eG1lemNxIiwic3ViIjoibWl5cWdndWNubWhpandsYndlb2FudWNwbHZ4bWV6Y3EiLCJqdGkiOiJ1c2VyLTEzIn0.YvPH73flDGMbm0j2Oel1ff5iRbsjWToB901FDWtQSis','web','dXXUJWW7EbK0LXD6vRt8De:APA91bFIAz_nsuh2cc0wwlq28BVYyfe78SpY5V1xPHeQ7ESs_gI5xTr7CEuxUzr-6_uIiZFEwjdRix5Pwa7p8gpS0mOFUZVzWLzyDg6XL5C6L8qFUp94huQ','ACCESS',NULL,'2025-02-27 10:10:47','2025-03-03 08:32:18'),(284,11,'eyJhbGciOiJIUzI1NiIsInR5cCI6IkpXVCJ9.eyJ1c2VyX2lkIjoxMSwiaWF0IjoxNzQwNjUxMzE4LCJleHAiOjE3NDEwODMzMTgsImlzcyI6Im1peXFnZ3Vjbm1oaWp3bGJ3ZW9hbnVjcGx2eG1lemNxIiwic3ViIjoibWl5cWdndWNubWhpandsYndlb2FudWNwbHZ4bWV6Y3EiLCJqdGkiOiJ1c2VyLTExIn0.ZOtvVhaDvtQ6LcAKTIs6V5AgddqqEmp6ZTT3P7KayIg','web','123','ACCESS','2025-03-12 10:16:24','2025-02-27 10:15:18','2025-03-12 10:16:24'),(285,11,'eyJhbGciOiJIUzI1NiIsInR5cCI6IkpXVCJ9.eyJ1c2VyX2lkIjoxMSwiaWF0IjoxNzQwNjUxNjY4LCJleHAiOjE3NDEwODM2NjgsImlzcyI6Im1peXFnZ3Vjbm1oaWp3bGJ3ZW9hbnVjcGx2eG1lemNxIiwic3ViIjoibWl5cWdndWNubWhpandsYndlb2FudWNwbHZ4bWV6Y3EiLCJqdGkiOiJ1c2VyLTExIn0.Y96OZpreEpSB0jgpn76Xi1EKcuOzrO17IOwNOjyVSi4','web','elQWLvBgZ-QzIkxTPCC9eq:APA91bGKYlGyw0J5c6zeJRgMeZQa_dYzDTLDFP7nS9pO2q9fs-RU0TMy6ahRz-nGjZzjFuveSANcK2cGy_WL8CKhNflmnfYzuvenQybdt5h-Jp4_r11wgNc','ACCESS','2025-03-12 10:16:24','2025-02-27 10:21:08','2025-03-12 10:16:24'),(286,11,'eyJhbGciOiJIUzI1NiIsInR5cCI6IkpXVCJ9.eyJ1c2VyX2lkIjoxMSwiaWF0IjoxNzQwNjUxOTA5LCJleHAiOjE3NDEwODM5MDksImlzcyI6Im1peXFnZ3Vjbm1oaWp3bGJ3ZW9hbnVjcGx2eG1lemNxIiwic3ViIjoibWl5cWdndWNubWhpandsYndlb2FudWNwbHZ4bWV6Y3EiLCJqdGkiOiJ1c2VyLTExIn0.KwZKJ_CQw0eaecdzCRmLdCev1vx6e_DVLzUae3P7lt0','web','123','ACCESS','2025-03-12 10:16:24','2025-02-27 10:25:09','2025-03-12 10:16:24'),(287,11,'eyJhbGciOiJIUzI1NiIsInR5cCI6IkpXVCJ9.eyJ1c2VyX2lkIjoxMSwiaWF0IjoxNzQwNjUyMjYyLCJleHAiOjE3NDEwODQyNjIsImlzcyI6Im1peXFnZ3Vjbm1oaWp3bGJ3ZW9hbnVjcGx2eG1lemNxIiwic3ViIjoibWl5cWdndWNubWhpandsYndlb2FudWNwbHZ4bWV6Y3EiLCJqdGkiOiJ1c2VyLTExIn0.K1E2vNNLLHaYFO0QC5imybxBUjLK8hsC_MD1HD5v9-g','web','123','ACCESS','2025-03-12 10:16:24','2025-02-27 10:31:02','2025-03-12 10:16:24'),(288,11,'eyJhbGciOiJIUzI1NiIsInR5cCI6IkpXVCJ9.eyJ1c2VyX2lkIjoxMSwiaWF0IjoxNzQwNjUyNDgzLCJleHAiOjE3NDEwODQ0ODMsImlzcyI6Im1peXFnZ3Vjbm1oaWp3bGJ3ZW9hbnVjcGx2eG1lemNxIiwic3ViIjoibWl5cWdndWNubWhpandsYndlb2FudWNwbHZ4bWV6Y3EiLCJqdGkiOiJ1c2VyLTExIn0.JWGFWlWC9Uts5NvWDaX-BEw7yR6dHtzgw4MR6a6pDaw','web','123','ACCESS','2025-03-12 10:16:24','2025-02-27 10:34:43','2025-03-12 10:16:24'),(289,7,'eyJhbGciOiJIUzI1NiIsInR5cCI6IkpXVCJ9.eyJ1c2VyX2lkIjo3LCJpYXQiOjE3NDA2NTI1NzAsImV4cCI6MTc0MTA4NDU3MCwiaXNzIjoibWl5cWdndWNubWhpandsYndlb2FudWNwbHZ4bWV6Y3EiLCJzdWIiOiJtaXlxZ2d1Y25taGlqd2xid2VvYW51Y3BsdnhtZXpjcSIsImp0aSI6InVzZXItNyJ9.jSh41gkJPtEvKvDykAWjR5eP_AS5KDyIKPZMzyvYcwA','web','elQWLvBgZ-QzIkxTPCC9eq:APA91bGKYlGyw0J5c6zeJRgMeZQa_dYzDTLDFP7nS9pO2q9fs-RU0TMy6ahRz-nGjZzjFuveSANcK2cGy_WL8CKhNflmnfYzuvenQybdt5h-Jp4_r11wgNc','ACCESS','2025-03-28 18:44:36','2025-02-27 10:36:10','2025-03-28 18:44:36'),(290,11,'eyJhbGciOiJIUzI1NiIsInR5cCI6IkpXVCJ9.eyJ1c2VyX2lkIjoxMSwiaWF0IjoxNzQwNjUzMTk1LCJleHAiOjE3NDEwODUxOTUsImlzcyI6Im1peXFnZ3Vjbm1oaWp3bGJ3ZW9hbnVjcGx2eG1lemNxIiwic3ViIjoibWl5cWdndWNubWhpandsYndlb2FudWNwbHZ4bWV6Y3EiLCJqdGkiOiJ1c2VyLTExIn0.ho8SPDXYFVFpiDc92QYL00ngqg4tQeful_bID4okyTM','web','dgh87SUGc6yHeXYuQV6QT1:APA91bEGdN95iB_eYdUVGmKaLxDzcusZMzSNwS5A7IcCuqSUCoSn4Bz2QaSpRCQ7ofVJWiDftAT5KoGUnDa90Hm8Y5OypDx6rlhDAoVpm-sERHHJy_aaI5g','ACCESS','2025-03-12 10:16:24','2025-02-27 10:46:35','2025-03-12 10:16:24'),(291,7,'eyJhbGciOiJIUzI1NiIsInR5cCI6IkpXVCJ9.eyJ1c2VyX2lkIjo3LCJpYXQiOjE3NDA2NTc1MjIsImV4cCI6MTc0MTA4OTUyMiwiaXNzIjoibWl5cWdndWNubWhpandsYndlb2FudWNwbHZ4bWV6Y3EiLCJzdWIiOiJtaXlxZ2d1Y25taGlqd2xid2VvYW51Y3BsdnhtZXpjcSIsImp0aSI6InVzZXItNyJ9.Pu8TwWq8rnfyt2qUiFWlR7yqiWEYLsvXMtohq0BOQIU','web','123123','ACCESS','2025-03-28 18:44:36','2025-02-27 11:58:42','2025-03-28 18:44:36'),(292,7,'eyJhbGciOiJIUzI1NiIsInR5cCI6IkpXVCJ9.eyJ1c2VyX2lkIjo3LCJpYXQiOjE3NDA2NTc5OTgsImV4cCI6MTc0MTA4OTk5OCwiaXNzIjoibWl5cWdndWNubWhpandsYndlb2FudWNwbHZ4bWV6Y3EiLCJzdWIiOiJtaXlxZ2d1Y25taGlqd2xid2VvYW51Y3BsdnhtZXpjcSIsImp0aSI6InVzZXItNyJ9.jiXrYH6SkDE4c1coJZOc05owZcSUYscuMET3_Tmo7oQ','web','dwvLGA6PXx5z2i2w-l-d43:APA91bEjIT_7SpQ8XvlLlgoLH8XRpX7EOkgdr80Wg0D-9KG4EzDtDJ0xRSiBl0YYD-2lnTa1uDSTm0Q7x5tTyRJnlwhK5Ol8ap1zp_pC0nwujQ_nQ0lCZnk','ACCESS','2025-03-28 18:44:36','2025-02-27 12:06:38','2025-03-28 18:44:36'),(293,10,'eyJhbGciOiJIUzI1NiIsInR5cCI6IkpXVCJ9.eyJ1c2VyX2lkIjoxMCwiaWF0IjoxNzQwNzU0NTU4LCJleHAiOjE3NDExODY1NTgsImlzcyI6Im1peXFnZ3Vjbm1oaWp3bGJ3ZW9hbnVjcGx2eG1lemNxIiwic3ViIjoibWl5cWdndWNubWhpandsYndlb2FudWNwbHZ4bWV6Y3EiLCJqdGkiOiJ1c2VyLTEwIn0.pyFPgqZ0leoUEa9bJ2CDSVrZ255FQiqadkspoKE8DdE','web',NULL,'ACCESS','2025-03-27 20:00:13','2025-02-28 14:55:58','2025-03-27 20:00:13'),(294,10,'eyJhbGciOiJIUzI1NiIsInR5cCI6IkpXVCJ9.eyJ1c2VyX2lkIjoxMCwiaWF0IjoxNzQwNzgyMjc0LCJleHAiOjE3NDEyMTQyNzQsImlzcyI6Im1peXFnZ3Vjbm1oaWp3bGJ3ZW9hbnVjcGx2eG1lemNxIiwic3ViIjoibWl5cWdndWNubWhpandsYndlb2FudWNwbHZ4bWV6Y3EiLCJqdGkiOiJ1c2VyLTEwIn0.MXKMR0esav185rSivfJKpYNfC-D9G4YgMV8b-THvwK8','web','efG6Sij5bFYttWtvyyPGZo:APA91bG4zDNp60yDjPcBGkXOF0cQ4xi01-7TiJdndHfgYVe4dYzzCTVI2_c5iDW56P5O8-agJfWdoNah8gfqz9Gfphy-xvB8-rKcOWZHLNuEmEsn8x8YU_A','ACCESS','2025-03-27 20:00:13','2025-02-28 22:37:54','2025-03-27 20:00:13'),(295,10,'eyJhbGciOiJIUzI1NiIsInR5cCI6IkpXVCJ9.eyJ1c2VyX2lkIjoxMCwiaWF0IjoxNzQwNzgyOTc5LCJleHAiOjE3NDEyMTQ5NzksImlzcyI6Im1peXFnZ3Vjbm1oaWp3bGJ3ZW9hbnVjcGx2eG1lemNxIiwic3ViIjoibWl5cWdndWNubWhpandsYndlb2FudWNwbHZ4bWV6Y3EiLCJqdGkiOiJ1c2VyLTEwIn0.JVBTbkEErZeqS9pWdloIk3bOR2tpiDBp7XziCII-7ck','web','efG6Sij5bFYttWtvyyPGZo:APA91bG4zDNp60yDjPcBGkXOF0cQ4xi01-7TiJdndHfgYVe4dYzzCTVI2_c5iDW56P5O8-agJfWdoNah8gfqz9Gfphy-xvB8-rKcOWZHLNuEmEsn8x8YU_A','ACCESS','2025-03-27 20:00:13','2025-02-28 22:49:39','2025-03-27 20:00:13'),(296,34,'eyJhbGciOiJIUzI1NiIsInR5cCI6IkpXVCJ9.eyJ1c2VyX2lkIjozNCwiaWF0IjoxNzQwNzgzMDcwLCJleHAiOjE3NDEyMTUwNzAsImlzcyI6Im1peXFnZ3Vjbm1oaWp3bGJ3ZW9hbnVjcGx2eG1lemNxIiwic3ViIjoibWl5cWdndWNubWhpandsYndlb2FudWNwbHZ4bWV6Y3EiLCJqdGkiOiJ1c2VyLTM0In0.ojZ7pEnxIRERZb_v92o7Ce_Hh7bjmcAuB-6Hf1lsojc','web','123','ACCESS','2025-02-28 22:51:22','2025-02-28 22:51:10','2025-02-28 22:51:22'),(297,34,'eyJhbGciOiJIUzI1NiIsInR5cCI6IkpXVCJ9.eyJ1c2VyX2lkIjozNCwiaWF0IjoxNzQwNzgzMDgyLCJleHAiOjE3NDEyMTUwODIsImlzcyI6Im1peXFnZ3Vjbm1oaWp3bGJ3ZW9hbnVjcGx2eG1lemNxIiwic3ViIjoibWl5cWdndWNubWhpandsYndlb2FudWNwbHZ4bWV6Y3EiLCJqdGkiOiJ1c2VyLTM0In0.3_GqjMrTt8yL79zKuGWhERvfM56ubYSAXaVFZ4sX8xs','web','dMts0DlPRfVwG6c4GB3RrR:APA91bG7G1Oct8LETTb_Ey5Kjnyw9XK8WRonj9jDItzAOovNP9rEXlLXlJqMcF32cP8WyKn5sZui-X_wFq3AKQie5H9iaWX_WkTZ4YFlhWLyyooKS6bvnFg','ACCESS',NULL,'2025-02-28 22:51:22','2025-03-03 01:00:20'),(298,1,'eyJhbGciOiJIUzI1NiIsInR5cCI6IkpXVCJ9.eyJ1c2VyX2lkIjoxLCJpYXQiOjE3NDA5NjIyOTQsImV4cCI6MTc0MTM5NDI5NCwiaXNzIjoibWl5cWdndWNubWhpandsYndlb2FudWNwbHZ4bWV6Y3EiLCJzdWIiOiJtaXlxZ2d1Y25taGlqd2xid2VvYW51Y3BsdnhtZXpjcSIsImp0aSI6InVzZXItMSJ9.t_7UjzblgVKJToTczRDdDrWaVTtV7bvdDGdVDtwOBmA','web','123','ACCESS','2025-03-19 08:26:22','2025-03-03 00:38:14','2025-03-19 08:26:22'),(299,10,'eyJhbGciOiJIUzI1NiIsInR5cCI6IkpXVCJ9.eyJ1c2VyX2lkIjoxMCwiaWF0IjoxNzQwOTYzNDYzLCJleHAiOjE3NDEzOTU0NjMsImlzcyI6Im1peXFnZ3Vjbm1oaWp3bGJ3ZW9hbnVjcGx2eG1lemNxIiwic3ViIjoibWl5cWdndWNubWhpandsYndlb2FudWNwbHZ4bWV6Y3EiLCJqdGkiOiJ1c2VyLTEwIn0.a8wZX8Vmvxps4M7sJLJGj4eeETGogeP_H6BbQQq_zGI','web','efG6Sij5bFYttWtvyyPGZo:APA91bG4zDNp60yDjPcBGkXOF0cQ4xi01-7TiJdndHfgYVe4dYzzCTVI2_c5iDW56P5O8-agJfWdoNah8gfqz9Gfphy-xvB8-rKcOWZHLNuEmEsn8x8YU_A','ACCESS','2025-03-27 20:00:13','2025-03-03 00:57:43','2025-03-27 20:00:13'),(300,35,'eyJhbGciOiJIUzI1NiIsInR5cCI6IkpXVCJ9.eyJ1c2VyX2lkIjozNSwiaWF0IjoxNzQwOTY3NTcwLCJleHAiOjE3NDEzOTk1NzAsImlzcyI6Im1peXFnZ3Vjbm1oaWp3bGJ3ZW9hbnVjcGx2eG1lemNxIiwic3ViIjoibWl5cWdndWNubWhpandsYndlb2FudWNwbHZ4bWV6Y3EiLCJqdGkiOiJ1c2VyLTM1In0.MKlx9fPuFpH7RxqD8E63EXB4Vxg6tx5j2fm5TiG47Lc','web','123','ACCESS','2025-03-08 20:47:14','2025-03-03 02:06:10','2025-03-08 20:47:14'),(301,35,'eyJhbGciOiJIUzI1NiIsInR5cCI6IkpXVCJ9.eyJ1c2VyX2lkIjozNSwiaWF0IjoxNzQwOTY3NTc5LCJleHAiOjE3NDEzOTk1NzksImlzcyI6Im1peXFnZ3Vjbm1oaWp3bGJ3ZW9hbnVjcGx2eG1lemNxIiwic3ViIjoibWl5cWdndWNubWhpandsYndlb2FudWNwbHZ4bWV6Y3EiLCJqdGkiOiJ1c2VyLTM1In0.p_2hz2wASedyxZ_pU7bx1asalgPevwVODVvFiMMb0a4','web','dMts0DlPRfVwG6c4GB3RrR:APA91bG7G1Oct8LETTb_Ey5Kjnyw9XK8WRonj9jDItzAOovNP9rEXlLXlJqMcF32cP8WyKn5sZui-X_wFq3AKQie5H9iaWX_WkTZ4YFlhWLyyooKS6bvnFg','ACCESS','2025-03-08 20:47:14','2025-03-03 02:06:19','2025-03-08 20:47:14'),(302,29,'eyJhbGciOiJIUzI1NiIsInR5cCI6IkpXVCJ9.eyJ1c2VyX2lkIjoyOSwiaWF0IjoxNzQwOTY4ODAyLCJleHAiOjE3NDE0MDA4MDIsImlzcyI6Im1peXFnZ3Vjbm1oaWp3bGJ3ZW9hbnVjcGx2eG1lemNxIiwic3ViIjoibWl5cWdndWNubWhpandsYndlb2FudWNwbHZ4bWV6Y3EiLCJqdGkiOiJ1c2VyLTI5In0.0k_hqeyF-bit1mlvrBniR59AOIKdLnPmRfkOuQf974Y','web','123','ACCESS','2025-03-03 02:27:04','2025-03-03 02:26:42','2025-03-03 02:27:04'),(303,29,'eyJhbGciOiJIUzI1NiIsInR5cCI6IkpXVCJ9.eyJ1c2VyX2lkIjoyOSwiaWF0IjoxNzQwOTY4ODI0LCJleHAiOjE3NDE0MDA4MjQsImlzcyI6Im1peXFnZ3Vjbm1oaWp3bGJ3ZW9hbnVjcGx2eG1lemNxIiwic3ViIjoibWl5cWdndWNubWhpandsYndlb2FudWNwbHZ4bWV6Y3EiLCJqdGkiOiJ1c2VyLTI5In0.3zOY89FhYrAH-ouhHekzrTiHi1M08O5oDYOn2IkU6z8','web',NULL,'ACCESS',NULL,'2025-03-03 02:27:04','2025-03-07 22:48:30'),(304,31,'eyJhbGciOiJIUzI1NiIsInR5cCI6IkpXVCJ9.eyJ1c2VyX2lkIjozMSwiaWF0IjoxNzQxMDQwODM5LCJleHAiOjE3NDE0NzI4MzksImlzcyI6Im1peXFnZ3Vjbm1oaWp3bGJ3ZW9hbnVjcGx2eG1lemNxIiwic3ViIjoibWl5cWdndWNubWhpandsYndlb2FudWNwbHZ4bWV6Y3EiLCJqdGkiOiJ1c2VyLTMxIn0.IixlOqmDpkPtQtXOZxTByhM-KBw92tEil3K4KVIkYm8','web','fIPVFr4zD2ykjgIVYWr7tH:APA91bHZDrVQzaomcH9mVWj8JX9Hy-pb7uXqgvtESpaDjcL-wXuVrNxDWBCPPQUkVgZXOfE5zn_jovLtQgidlmaDYNHOV4mVyg3O1iTa2oa45BgOimbDyqk','ACCESS','2025-03-27 21:51:40','2025-03-03 22:27:19','2025-03-27 21:51:40'),(305,1,'eyJhbGciOiJIUzI1NiIsInR5cCI6IkpXVCJ9.eyJ1c2VyX2lkIjoxLCJpYXQiOjE3NDEyNDc3MzUsImV4cCI6MTc0MTY3OTczNSwiaXNzIjoibWl5cWdndWNubWhpandsYndlb2FudWNwbHZ4bWV6Y3EiLCJzdWIiOiJtaXlxZ2d1Y25taGlqd2xid2VvYW51Y3BsdnhtZXpjcSIsImp0aSI6InVzZXItMSJ9.33P-nlALpyG6Z1Tv_gkr_DzFfz-qsNGrlkWCpLgBERc','web','123','ACCESS','2025-03-19 08:26:22','2025-03-06 07:55:35','2025-03-19 08:26:22'),(306,1,'eyJhbGciOiJIUzI1NiIsInR5cCI6IkpXVCJ9.eyJ1c2VyX2lkIjoxLCJpYXQiOjE3NDEyNDg4NTgsImV4cCI6MTc0MTY4MDg1OCwiaXNzIjoibWl5cWdndWNubWhpandsYndlb2FudWNwbHZ4bWV6Y3EiLCJzdWIiOiJtaXlxZ2d1Y25taGlqd2xid2VvYW51Y3BsdnhtZXpjcSIsImp0aSI6InVzZXItMSJ9.PxT2wY1ttoxmJZ0IE0ukTeCS5evK3t9xE7RRc1OTouU','web','123','ACCESS','2025-03-19 08:26:22','2025-03-06 08:14:18','2025-03-19 08:26:22'),(307,9,'eyJhbGciOiJIUzI1NiIsInR5cCI6IkpXVCJ9.eyJ1c2VyX2lkIjo5LCJpYXQiOjE3NDEzNzk2MTAsImV4cCI6MTc0MTgxMTYxMCwiaXNzIjoibWl5cWdndWNubWhpandsYndlb2FudWNwbHZ4bWV6Y3EiLCJzdWIiOiJtaXlxZ2d1Y25taGlqd2xid2VvYW51Y3BsdnhtZXpjcSIsImp0aSI6InVzZXItOSJ9.gBwc7qasthmZGuu1JxwFXSibD7EBEAH22HY_82X2gHQ','web','123123','ACCESS',NULL,'2025-03-07 20:33:30','2025-03-07 20:33:30'),(308,10,'eyJhbGciOiJIUzI1NiIsInR5cCI6IkpXVCJ9.eyJ1c2VyX2lkIjoxMCwiaWF0IjoxNzQxMzgzMDA3LCJleHAiOjE3NDE4MTUwMDcsImlzcyI6Im1peXFnZ3Vjbm1oaWp3bGJ3ZW9hbnVjcGx2eG1lemNxIiwic3ViIjoibWl5cWdndWNubWhpandsYndlb2FudWNwbHZ4bWV6Y3EiLCJqdGkiOiJ1c2VyLTEwIn0.SPfDGuatT_E6mPbG3x_IvR8Ztmtw4pkSaFqB57AaZpA','web','ef0Ssj3er_m3bauj-Ogg5d:APA91bELO5xknSpQeJBxwyY4ZtLybuj51ehdmDr1kMLO7QGwrMjnSHeh-P9fTi_LGD09Y6uMrT-2hZ7Fg8H160a-UNWV3YPUsQwoNctODQcXrZsC_vASD1s','ACCESS','2025-03-27 20:00:13','2025-03-07 21:30:07','2025-03-27 20:00:13'),(309,35,'eyJhbGciOiJIUzI1NiIsInR5cCI6IkpXVCJ9.eyJ1c2VyX2lkIjozNSwiaWF0IjoxNzQxNDY2ODI2LCJleHAiOjE3NDE4OTg4MjYsImlzcyI6Im1peXFnZ3Vjbm1oaWp3bGJ3ZW9hbnVjcGx2eG1lemNxIiwic3ViIjoibWl5cWdndWNubWhpandsYndlb2FudWNwbHZ4bWV6Y3EiLCJqdGkiOiJ1c2VyLTM1In0.DC9nLwhwxcAEQeouM42zqx2MpLHfPP0ythejoVFiZjA','web','dMts0DlPRfVwG6c4GB3RrR:APA91bG7G1Oct8LETTb_Ey5Kjnyw9XK8WRonj9jDItzAOovNP9rEXlLXlJqMcF32cP8WyKn5sZui-X_wFq3AKQie5H9iaWX_WkTZ4YFlhWLyyooKS6bvnFg','ACCESS','2025-03-08 20:47:14','2025-03-08 20:47:06','2025-03-08 20:47:14'),(310,36,'eyJhbGciOiJIUzI1NiIsInR5cCI6IkpXVCJ9.eyJ1c2VyX2lkIjozNiwiaWF0IjoxNzQxNDY3NDMxLCJleHAiOjE3NDE4OTk0MzEsImlzcyI6Im1peXFnZ3Vjbm1oaWp3bGJ3ZW9hbnVjcGx2eG1lemNxIiwic3ViIjoibWl5cWdndWNubWhpandsYndlb2FudWNwbHZ4bWV6Y3EiLCJqdGkiOiJ1c2VyLTM2In0.yLIFztoRAuzDnB0i4Y4AtVB75DW2_1kqavQcjIROxL4','web','dMts0DlPRfVwG6c4GB3RrR:APA91bG7G1Oct8LETTb_Ey5Kjnyw9XK8WRonj9jDItzAOovNP9rEXlLXlJqMcF32cP8WyKn5sZui-X_wFq3AKQie5H9iaWX_WkTZ4YFlhWLyyooKS6bvnFg','ACCESS','2025-03-09 17:13:40','2025-03-08 20:57:11','2025-03-09 17:13:40'),(311,1,'eyJhbGciOiJIUzI1NiIsInR5cCI6IkpXVCJ9.eyJ1c2VyX2lkIjoxLCJpYXQiOjE3NDE0NzE5OTksImV4cCI6MTc0MTkwMzk5OSwiaXNzIjoibWl5cWdndWNubWhpandsYndlb2FudWNwbHZ4bWV6Y3EiLCJzdWIiOiJtaXlxZ2d1Y25taGlqd2xid2VvYW51Y3BsdnhtZXpjcSIsImp0aSI6InVzZXItMSJ9.3SGywf2Xc8O59zKb7WZdIeX3u9nvOClA9MSzaVvCj54','web','123','ACCESS','2025-03-19 08:26:22','2025-03-08 22:13:19','2025-03-19 08:26:22'),(312,31,'eyJhbGciOiJIUzI1NiIsInR5cCI6IkpXVCJ9.eyJ1c2VyX2lkIjozMSwiaWF0IjoxNzQxNDk5NzMzLCJleHAiOjE3NDE5MzE3MzMsImlzcyI6Im1peXFnZ3Vjbm1oaWp3bGJ3ZW9hbnVjcGx2eG1lemNxIiwic3ViIjoibWl5cWdndWNubWhpandsYndlb2FudWNwbHZ4bWV6Y3EiLCJqdGkiOiJ1c2VyLTMxIn0.53f2RrHYfAnS1TCmdUBjZ1qk8aIkwBdhcmMagBHjEIo','web','fIPVFr4zD2ykjgIVYWr7tH:APA91bHZDrVQzaomcH9mVWj8JX9Hy-pb7uXqgvtESpaDjcL-wXuVrNxDWBCPPQUkVgZXOfE5zn_jovLtQgidlmaDYNHOV4mVyg3O1iTa2oa45BgOimbDyqk','ACCESS','2025-03-27 21:51:40','2025-03-09 05:55:33','2025-03-27 21:51:40'),(313,37,'eyJhbGciOiJIUzI1NiIsInR5cCI6IkpXVCJ9.eyJ1c2VyX2lkIjozNywiaWF0IjoxNzQxNTQwNTM2LCJleHAiOjE3NDE5NzI1MzYsImlzcyI6Im1peXFnZ3Vjbm1oaWp3bGJ3ZW9hbnVjcGx2eG1lemNxIiwic3ViIjoibWl5cWdndWNubWhpandsYndlb2FudWNwbHZ4bWV6Y3EiLCJqdGkiOiJ1c2VyLTM3In0.cKk_hYLgPmL1Mxn5Bwx3UO0vGJiXrjGuHRmaGVHtpW8','web','dMts0DlPRfVwG6c4GB3RrR:APA91bG7G1Oct8LETTb_Ey5Kjnyw9XK8WRonj9jDItzAOovNP9rEXlLXlJqMcF32cP8WyKn5sZui-X_wFq3AKQie5H9iaWX_WkTZ4YFlhWLyyooKS6bvnFg','ACCESS',NULL,'2025-03-09 17:15:36','2025-03-10 20:47:09'),(314,7,'eyJhbGciOiJIUzI1NiIsInR5cCI6IkpXVCJ9.eyJ1c2VyX2lkIjo3LCJpYXQiOjE3NDE3NjYyMzEsImV4cCI6MTc0MjE5ODIzMSwiaXNzIjoibWl5cWdndWNubWhpandsYndlb2FudWNwbHZ4bWV6Y3EiLCJzdWIiOiJtaXlxZ2d1Y25taGlqd2xid2VvYW51Y3BsdnhtZXpjcSIsImp0aSI6InVzZXItNyJ9.YjWjnc85PowvO4t-vk4IzA4WgF6ZdJHvi-mvM1cT3Ik','web','c1BJaFaVqwF5us0t6tLSTB:APA91bEg37SGxzpCi2Z5i-i5pSrUO7fvrpL60dwMRnIClTIJonfso_k6eBYLC_TvwKb8SJIbcEGClWry2nnG81MKJhSzxOOAQlekXqjSFYJFGJEtQu4afFc','ACCESS','2025-03-28 18:44:36','2025-03-12 07:57:11','2025-03-28 18:44:36'),(315,7,'eyJhbGciOiJIUzI1NiIsInR5cCI6IkpXVCJ9.eyJ1c2VyX2lkIjo3LCJpYXQiOjE3NDE3NjYzNDcsImV4cCI6MTc0MjE5ODM0NywiaXNzIjoibWl5cWdndWNubWhpandsYndlb2FudWNwbHZ4bWV6Y3EiLCJzdWIiOiJtaXlxZ2d1Y25taGlqd2xid2VvYW51Y3BsdnhtZXpjcSIsImp0aSI6InVzZXItNyJ9.efuUTzirfjRYVVE-64seqL1QanIr5HMetwAHC8Pta80','web','c1BJaFaVqwF5us0t6tLSTB:APA91bEg37SGxzpCi2Z5i-i5pSrUO7fvrpL60dwMRnIClTIJonfso_k6eBYLC_TvwKb8SJIbcEGClWry2nnG81MKJhSzxOOAQlekXqjSFYJFGJEtQu4afFc','ACCESS','2025-03-28 18:44:36','2025-03-12 07:59:07','2025-03-28 18:44:36'),(316,38,'eyJhbGciOiJIUzI1NiIsInR5cCI6IkpXVCJ9.eyJ1c2VyX2lkIjozOCwiaWF0IjoxNzQxNzY2NjQ2LCJleHAiOjE3NDIxOTg2NDYsImlzcyI6Im1peXFnZ3Vjbm1oaWp3bGJ3ZW9hbnVjcGx2eG1lemNxIiwic3ViIjoibWl5cWdndWNubWhpandsYndlb2FudWNwbHZ4bWV6Y3EiLCJqdGkiOiJ1c2VyLTM4In0.fkE-eqjV-EL1qJMRltGjO9GaMHa3cnYHwaLst9AiH3Y','web','123','ACCESS','2025-03-28 18:45:33','2025-03-12 08:04:06','2025-03-28 18:45:33'),(317,11,'eyJhbGciOiJIUzI1NiIsInR5cCI6IkpXVCJ9.eyJ1c2VyX2lkIjoxMSwiaWF0IjoxNzQxNzY4MzUxLCJleHAiOjE3NDIyMDAzNTEsImlzcyI6Im1peXFnZ3Vjbm1oaWp3bGJ3ZW9hbnVjcGx2eG1lemNxIiwic3ViIjoibWl5cWdndWNubWhpandsYndlb2FudWNwbHZ4bWV6Y3EiLCJqdGkiOiJ1c2VyLTExIn0.EIuH_sYjBtPqYNdI0mR_Sqg17pBXoUl679oDM0aoknQ','web','dwvLGA6PXx5z2i2w-l-d43:APA91bEjIT_7SpQ8XvlLlgoLH8XRpX7EOkgdr80Wg0D-9KG4EzDtDJ0xRSiBl0YYD-2lnTa1uDSTm0Q7x5tTyRJnlwhK5Ol8ap1zp_pC0nwujQ_nQ0lCZnk','ACCESS','2025-03-12 10:16:24','2025-03-12 08:32:31','2025-03-12 10:16:24'),(318,38,'eyJhbGciOiJIUzI1NiIsInR5cCI6IkpXVCJ9.eyJ1c2VyX2lkIjozOCwiaWF0IjoxNzQxNzcxMjc1LCJleHAiOjE3NDIyMDMyNzUsImlzcyI6Im1peXFnZ3Vjbm1oaWp3bGJ3ZW9hbnVjcGx2eG1lemNxIiwic3ViIjoibWl5cWdndWNubWhpandsYndlb2FudWNwbHZ4bWV6Y3EiLCJqdGkiOiJ1c2VyLTM4In0._iRAFaBWyWsCegLBM5rgJ25Geo8ZZFWzc2r_QNeA0cI','web','123','RESET','2025-03-28 18:45:33','2025-03-12 09:21:15','2025-03-28 18:45:33'),(319,38,'eyJhbGciOiJIUzI1NiIsInR5cCI6IkpXVCJ9.eyJ1c2VyX2lkIjozOCwiaWF0IjoxNzQxNzcxMjg5LCJleHAiOjE3NDIyMDMyODksImlzcyI6Im1peXFnZ3Vjbm1oaWp3bGJ3ZW9hbnVjcGx2eG1lemNxIiwic3ViIjoibWl5cWdndWNubWhpandsYndlb2FudWNwbHZ4bWV6Y3EiLCJqdGkiOiJ1c2VyLTM4In0.mGTxFUwvqm4WBO2swnozubFWotrukjstwVvzweqWz60','web','123123','ACCESS','2025-03-28 18:45:33','2025-03-12 09:21:29','2025-03-28 18:45:33'),(320,38,'eyJhbGciOiJIUzI1NiIsInR5cCI6IkpXVCJ9.eyJ1c2VyX2lkIjozOCwiaWF0IjoxNzQxNzcxMzAxLCJleHAiOjE3NDIyMDMzMDEsImlzcyI6Im1peXFnZ3Vjbm1oaWp3bGJ3ZW9hbnVjcGx2eG1lemNxIiwic3ViIjoibWl5cWdndWNubWhpandsYndlb2FudWNwbHZ4bWV6Y3EiLCJqdGkiOiJ1c2VyLTM4In0.V-Sd4BPWbtiU8kH5vOdAaj-mefjJj4v0r3HR6megHM8','web','123123','ACCESS','2025-03-28 18:45:33','2025-03-12 09:21:41','2025-03-28 18:45:33'),(321,38,'eyJhbGciOiJIUzI1NiIsInR5cCI6IkpXVCJ9.eyJ1c2VyX2lkIjozOCwiaWF0IjoxNzQxNzcxMzIxLCJleHAiOjE3NDIyMDMzMjEsImlzcyI6Im1peXFnZ3Vjbm1oaWp3bGJ3ZW9hbnVjcGx2eG1lemNxIiwic3ViIjoibWl5cWdndWNubWhpandsYndlb2FudWNwbHZ4bWV6Y3EiLCJqdGkiOiJ1c2VyLTM4In0.t3CYQIx9lavl3cxBAlhGxQIGFJAxUwLHsGj6ClqWek8','web','c1BJaFaVqwF5us0t6tLSTB:APA91bEg37SGxzpCi2Z5i-i5pSrUO7fvrpL60dwMRnIClTIJonfso_k6eBYLC_TvwKb8SJIbcEGClWry2nnG81MKJhSzxOOAQlekXqjSFYJFGJEtQu4afFc','ACCESS','2025-03-28 18:45:33','2025-03-12 09:22:01','2025-03-28 18:45:33'),(322,11,'eyJhbGciOiJIUzI1NiIsInR5cCI6IkpXVCJ9.eyJ1c2VyX2lkIjoxMSwiaWF0IjoxNzQxNzc0NTg0LCJleHAiOjE3NDIyMDY1ODQsImlzcyI6Im1peXFnZ3Vjbm1oaWp3bGJ3ZW9hbnVjcGx2eG1lemNxIiwic3ViIjoibWl5cWdndWNubWhpandsYndlb2FudWNwbHZ4bWV6Y3EiLCJqdGkiOiJ1c2VyLTExIn0.7LwlpPoYVXBULdz6rSLbQ4Bu4kHiLNQUuNNzEbDu2-w','web','dDEb7sorJdGyTL8zRLeGK4:APA91bFnydC9zYJUwQAUvQp4uIVexb5zbZWXRPGgfCxmts1vXYMFuZbcieAAGrChAxfz_0sNjR7kA_6aJ8O1mrGE4JmlMj5Ls4rC253DHBhW_-tgSQmeta8','ACCESS',NULL,'2025-03-12 10:16:24','2025-03-12 10:16:36'),(323,33,'eyJhbGciOiJIUzI1NiIsInR5cCI6IkpXVCJ9.eyJ1c2VyX2lkIjozMywiaWF0IjoxNzQxNzc0NjI3LCJleHAiOjE3NDIyMDY2MjcsImlzcyI6Im1peXFnZ3Vjbm1oaWp3bGJ3ZW9hbnVjcGx2eG1lemNxIiwic3ViIjoibWl5cWdndWNubWhpandsYndlb2FudWNwbHZ4bWV6Y3EiLCJqdGkiOiJ1c2VyLTMzIn0.QRdyPkZCGYxFXcab1C5mDnmRV9Lr07VYzESN4XhBsfM','web','123','ACCESS',NULL,'2025-03-12 10:17:07','2025-03-12 10:17:07'),(324,7,'eyJhbGciOiJIUzI1NiIsInR5cCI6IkpXVCJ9.eyJ1c2VyX2lkIjo3LCJpYXQiOjE3NDE3NzQ2MzEsImV4cCI6MTc0MjIwNjYzMSwiaXNzIjoibWl5cWdndWNubWhpandsYndlb2FudWNwbHZ4bWV6Y3EiLCJzdWIiOiJtaXlxZ2d1Y25taGlqd2xid2VvYW51Y3BsdnhtZXpjcSIsImp0aSI6InVzZXItNyJ9.zlYITZgSSysKnumJzIcdg2hNxC2MDSunAlOErbB2geg','web',NULL,'ACCESS','2025-03-28 18:44:36','2025-03-12 10:17:11','2025-03-28 18:44:36'),(325,7,'eyJhbGciOiJIUzI1NiIsInR5cCI6IkpXVCJ9.eyJ1c2VyX2lkIjo3LCJpYXQiOjE3NDE4NTU1NDgsImV4cCI6MTc0MjI4NzU0OCwiaXNzIjoibWl5cWdndWNubWhpandsYndlb2FudWNwbHZ4bWV6Y3EiLCJzdWIiOiJtaXlxZ2d1Y25taGlqd2xid2VvYW51Y3BsdnhtZXpjcSIsImp0aSI6InVzZXItNyJ9.lOLacdPPnXtwI-VQoxiauHIhE7Cm67htkpQP8xfqfj8','web','c1BJaFaVqwF5us0t6tLSTB:APA91bEg37SGxzpCi2Z5i-i5pSrUO7fvrpL60dwMRnIClTIJonfso_k6eBYLC_TvwKb8SJIbcEGClWry2nnG81MKJhSzxOOAQlekXqjSFYJFGJEtQu4afFc','ACCESS','2025-03-28 18:44:36','2025-03-13 08:45:48','2025-03-28 18:44:36'),(326,7,'eyJhbGciOiJIUzI1NiIsInR5cCI6IkpXVCJ9.eyJ1c2VyX2lkIjo3LCJpYXQiOjE3NDE4NjE2MjcsImV4cCI6MTc0MjI5MzYyNywiaXNzIjoibWl5cWdndWNubWhpandsYndlb2FudWNwbHZ4bWV6Y3EiLCJzdWIiOiJtaXlxZ2d1Y25taGlqd2xid2VvYW51Y3BsdnhtZXpjcSIsImp0aSI6InVzZXItNyJ9.WrSG7l2SNXWEMO_2-IoYYUFmioodWrVC6zabJWe9EEo','ios','qwerty','ACCESS','2025-03-28 18:44:36','2025-03-13 10:27:07','2025-03-28 18:44:36'),(327,7,'eyJhbGciOiJIUzI1NiIsInR5cCI6IkpXVCJ9.eyJ1c2VyX2lkIjo3LCJpYXQiOjE3NDE4NjI2MDksImV4cCI6MTc0MjI5NDYwOSwiaXNzIjoibWl5cWdndWNubWhpandsYndlb2FudWNwbHZ4bWV6Y3EiLCJzdWIiOiJtaXlxZ2d1Y25taGlqd2xid2VvYW51Y3BsdnhtZXpjcSIsImp0aSI6InVzZXItNyJ9.w6nR55vnAEFJs9GOhJmGXnwJDWTMFvBB9H9vfp_dyNY','web','c1BJaFaVqwF5us0t6tLSTB:APA91bEg37SGxzpCi2Z5i-i5pSrUO7fvrpL60dwMRnIClTIJonfso_k6eBYLC_TvwKb8SJIbcEGClWry2nnG81MKJhSzxOOAQlekXqjSFYJFGJEtQu4afFc','ACCESS','2025-03-28 18:44:36','2025-03-13 10:43:29','2025-03-28 18:44:36'),(328,7,'eyJhbGciOiJIUzI1NiIsInR5cCI6IkpXVCJ9.eyJ1c2VyX2lkIjo3LCJpYXQiOjE3NDE5MzgyNTksImV4cCI6MTc0MjM3MDI1OSwiaXNzIjoibWl5cWdndWNubWhpandsYndlb2FudWNwbHZ4bWV6Y3EiLCJzdWIiOiJtaXlxZ2d1Y25taGlqd2xid2VvYW51Y3BsdnhtZXpjcSIsImp0aSI6InVzZXItNyJ9.BvsokOUhxlcGdBnj0BtPreNyFCDfkVyHWVIcIF9uezo','ios','qwerty','ACCESS','2025-03-28 18:44:36','2025-03-14 07:44:19','2025-03-28 18:44:36'),(329,7,'eyJhbGciOiJIUzI1NiIsInR5cCI6IkpXVCJ9.eyJ1c2VyX2lkIjo3LCJpYXQiOjE3NDE5NDA0NzEsImV4cCI6MTc0MjM3MjQ3MSwiaXNzIjoibWl5cWdndWNubWhpandsYndlb2FudWNwbHZ4bWV6Y3EiLCJzdWIiOiJtaXlxZ2d1Y25taGlqd2xid2VvYW51Y3BsdnhtZXpjcSIsImp0aSI6InVzZXItNyJ9.LdiTt_oBWfZs8_LXCJZumE94rE_YSrW6_G-ci8FrO6Y','web','c1BJaFaVqwF5us0t6tLSTB:APA91bEg37SGxzpCi2Z5i-i5pSrUO7fvrpL60dwMRnIClTIJonfso_k6eBYLC_TvwKb8SJIbcEGClWry2nnG81MKJhSzxOOAQlekXqjSFYJFGJEtQu4afFc','ACCESS','2025-03-28 18:44:36','2025-03-14 08:21:11','2025-03-28 18:44:36'),(330,7,'eyJhbGciOiJIUzI1NiIsInR5cCI6IkpXVCJ9.eyJ1c2VyX2lkIjo3LCJpYXQiOjE3NDE5NDk4MzIsImV4cCI6MTc0MjM4MTgzMiwiaXNzIjoibWl5cWdndWNubWhpandsYndlb2FudWNwbHZ4bWV6Y3EiLCJzdWIiOiJtaXlxZ2d1Y25taGlqd2xid2VvYW51Y3BsdnhtZXpjcSIsImp0aSI6InVzZXItNyJ9.4LNWOUiI6Fs1fgwePoW2Gtv20oH0WAWiCw6xyxW5t6w','web','c1BJaFaVqwF5us0t6tLSTB:APA91bEg37SGxzpCi2Z5i-i5pSrUO7fvrpL60dwMRnIClTIJonfso_k6eBYLC_TvwKb8SJIbcEGClWry2nnG81MKJhSzxOOAQlekXqjSFYJFGJEtQu4afFc','ACCESS','2025-03-28 18:44:36','2025-03-14 10:57:12','2025-03-28 18:44:36'),(331,7,'eyJhbGciOiJIUzI1NiIsInR5cCI6IkpXVCJ9.eyJ1c2VyX2lkIjo3LCJpYXQiOjE3NDE5NTE4NzUsImV4cCI6MTc0MjM4Mzg3NSwiaXNzIjoibWl5cWdndWNubWhpandsYndlb2FudWNwbHZ4bWV6Y3EiLCJzdWIiOiJtaXlxZ2d1Y25taGlqd2xid2VvYW51Y3BsdnhtZXpjcSIsImp0aSI6InVzZXItNyJ9.ufXXyiueCMAxB72alOSjSHKrSdkqdJKJ94K41gYqqK8','web',NULL,'ACCESS','2025-03-28 18:44:36','2025-03-14 11:31:15','2025-03-28 18:44:36'),(332,7,'eyJhbGciOiJIUzI1NiIsInR5cCI6IkpXVCJ9.eyJ1c2VyX2lkIjo3LCJpYXQiOjE3NDE5NTI1NzMsImV4cCI6MTc0MjM4NDU3MywiaXNzIjoibWl5cWdndWNubWhpandsYndlb2FudWNwbHZ4bWV6Y3EiLCJzdWIiOiJtaXlxZ2d1Y25taGlqd2xid2VvYW51Y3BsdnhtZXpjcSIsImp0aSI6InVzZXItNyJ9.sSMAMAlKV2OZxEtHjJv-EDDsIBjBLD91ktM5yIHgCcY','web','c1BJaFaVqwF5us0t6tLSTB:APA91bEg37SGxzpCi2Z5i-i5pSrUO7fvrpL60dwMRnIClTIJonfso_k6eBYLC_TvwKb8SJIbcEGClWry2nnG81MKJhSzxOOAQlekXqjSFYJFGJEtQu4afFc','ACCESS','2025-03-28 18:44:36','2025-03-14 11:42:53','2025-03-28 18:44:36'),(333,38,'eyJhbGciOiJIUzI1NiIsInR5cCI6IkpXVCJ9.eyJ1c2VyX2lkIjozOCwiaWF0IjoxNzQxOTUzODU2LCJleHAiOjE3NDIzODU4NTYsImlzcyI6Im1peXFnZ3Vjbm1oaWp3bGJ3ZW9hbnVjcGx2eG1lemNxIiwic3ViIjoibWl5cWdndWNubWhpandsYndlb2FudWNwbHZ4bWV6Y3EiLCJqdGkiOiJ1c2VyLTM4In0.donkXaqGxUV0K3U_0v3gjRGts3k1M-WOO6MQTZCnblk','web','cN4t1ewE2p6yNyOMKoNyrS:APA91bEFgiFvtiZLDBDno2PQJkBe0uWnhYgk3kUhh0-56TNjQ8IdZEbCGllXZMNoF-hYqFUHM1lj8ffth-FMVKPTL3BWqdKpy-0xy7bgI0GiKsmW7tl-ZLE','ACCESS','2025-03-28 18:45:33','2025-03-14 12:04:16','2025-03-28 18:45:33'),(334,7,'eyJhbGciOiJIUzI1NiIsInR5cCI6IkpXVCJ9.eyJ1c2VyX2lkIjo3LCJpYXQiOjE3NDE5NTQwMjAsImV4cCI6MTc0MjM4NjAyMCwiaXNzIjoibWl5cWdndWNubWhpandsYndlb2FudWNwbHZ4bWV6Y3EiLCJzdWIiOiJtaXlxZ2d1Y25taGlqd2xid2VvYW51Y3BsdnhtZXpjcSIsImp0aSI6InVzZXItNyJ9.Gt4wn2eACf8IOOlDxkg__jc64KEvEGwx8zWEdqSFA9c','web','cN4t1ewE2p6yNyOMKoNyrS:APA91bEFgiFvtiZLDBDno2PQJkBe0uWnhYgk3kUhh0-56TNjQ8IdZEbCGllXZMNoF-hYqFUHM1lj8ffth-FMVKPTL3BWqdKpy-0xy7bgI0GiKsmW7tl-ZLE','ACCESS','2025-03-28 18:44:36','2025-03-14 12:07:00','2025-03-28 18:44:36'),(335,7,'eyJhbGciOiJIUzI1NiIsInR5cCI6IkpXVCJ9.eyJ1c2VyX2lkIjo3LCJpYXQiOjE3NDE5NjMxMjEsImV4cCI6MTc0MjM5NTEyMSwiaXNzIjoibWl5cWdndWNubWhpandsYndlb2FudWNwbHZ4bWV6Y3EiLCJzdWIiOiJtaXlxZ2d1Y25taGlqd2xid2VvYW51Y3BsdnhtZXpjcSIsImp0aSI6InVzZXItNyJ9.d-1YkJjyp8Og3REpP-PG20DwlC5ZlMRDldGYnbWeuoM','web','123123','ACCESS','2025-03-28 18:44:36','2025-03-14 14:38:41','2025-03-28 18:44:36'),(336,7,'eyJhbGciOiJIUzI1NiIsInR5cCI6IkpXVCJ9.eyJ1c2VyX2lkIjo3LCJpYXQiOjE3NDE5NjMxMjksImV4cCI6MTc0MjM5NTEyOSwiaXNzIjoibWl5cWdndWNubWhpandsYndlb2FudWNwbHZ4bWV6Y3EiLCJzdWIiOiJtaXlxZ2d1Y25taGlqd2xid2VvYW51Y3BsdnhtZXpjcSIsImp0aSI6InVzZXItNyJ9.K9R9P21LhIIdfWtTjyVgmHycMk35W0y-mKpio3eF-IA','web','dXXUJWW7EbK0LXD6vRt8De:APA91bFIAz_nsuh2cc0wwlq28BVYyfe78SpY5V1xPHeQ7ESs_gI5xTr7CEuxUzr-6_uIiZFEwjdRix5Pwa7p8gpS0mOFUZVzWLzyDg6XL5C6L8qFUp94huQ','ACCESS','2025-03-28 18:44:36','2025-03-14 14:38:49','2025-03-28 18:44:36'),(337,38,'eyJhbGciOiJIUzI1NiIsInR5cCI6IkpXVCJ9.eyJ1c2VyX2lkIjozOCwiaWF0IjoxNzQxOTY1NzQ4LCJleHAiOjE3NDIzOTc3NDgsImlzcyI6Im1peXFnZ3Vjbm1oaWp3bGJ3ZW9hbnVjcGx2eG1lemNxIiwic3ViIjoibWl5cWdndWNubWhpandsYndlb2FudWNwbHZ4bWV6Y3EiLCJqdGkiOiJ1c2VyLTM4In0.g7V91Iiq1CjA7V4hyNWb7CndEV_-Qbxd28WrozkMkC4','web','eYj-rtzhvthIsdeh8L0-fO:APA91bEi8VIkEokVFmnUoItLMfZJP9dADO8ovzUtcuXLBSdPjoIrUOs7j9G0P0zHWvqV1hGsF1kAGF-R7fNTnP28XkjMGpYE6AWLUs_k1IlIxIczIKC1uuM','ACCESS','2025-03-28 18:45:33','2025-03-14 15:22:28','2025-03-28 18:45:33'),(338,1,'eyJhbGciOiJIUzI1NiIsInR5cCI6IkpXVCJ9.eyJ1c2VyX2lkIjoxLCJpYXQiOjE3NDE5ODE0NTksImV4cCI6MTc0MjQxMzQ1OSwiaXNzIjoibWl5cWdndWNubWhpandsYndlb2FudWNwbHZ4bWV6Y3EiLCJzdWIiOiJtaXlxZ2d1Y25taGlqd2xid2VvYW51Y3BsdnhtZXpjcSIsImp0aSI6InVzZXItMSJ9.oAJYuDyWObxzG_eBKBYSDZ5xXRDSeQWZuepiTV3N3Dk','web','123','ACCESS','2025-03-19 08:26:22','2025-03-14 19:44:19','2025-03-19 08:26:22'),(339,39,'eyJhbGciOiJIUzI1NiIsInR5cCI6IkpXVCJ9.eyJ1c2VyX2lkIjozOSwiaWF0IjoxNzQxOTgxNTM3LCJleHAiOjE3NDI0MTM1MzcsImlzcyI6Im1peXFnZ3Vjbm1oaWp3bGJ3ZW9hbnVjcGx2eG1lemNxIiwic3ViIjoibWl5cWdndWNubWhpandsYndlb2FudWNwbHZ4bWV6Y3EiLCJqdGkiOiJ1c2VyLTM5In0.y-qvacMNUWp-XKWQ-L3-uuyNVFeVeevX0K6pUR4jly0','web','123','ACCESS','2025-03-14 20:26:26','2025-03-14 19:45:37','2025-03-14 20:26:26'),(340,39,'eyJhbGciOiJIUzI1NiIsInR5cCI6IkpXVCJ9.eyJ1c2VyX2lkIjozOSwiaWF0IjoxNzQxOTgzOTg2LCJleHAiOjE3NDI0MTU5ODYsImlzcyI6Im1peXFnZ3Vjbm1oaWp3bGJ3ZW9hbnVjcGx2eG1lemNxIiwic3ViIjoibWl5cWdndWNubWhpandsYndlb2FudWNwbHZ4bWV6Y3EiLCJqdGkiOiJ1c2VyLTM5In0.H-1G7Jfq_noyZwCBfrl0W36xeUKT-33STnInBDP8P1s','web',NULL,'ACCESS',NULL,'2025-03-14 20:26:26','2025-03-14 20:56:14'),(341,7,'eyJhbGciOiJIUzI1NiIsInR5cCI6IkpXVCJ9.eyJ1c2VyX2lkIjo3LCJpYXQiOjE3NDE5ODQyNjYsImV4cCI6MTc0MjQxNjI2NiwiaXNzIjoibWl5cWdndWNubWhpandsYndlb2FudWNwbHZ4bWV6Y3EiLCJzdWIiOiJtaXlxZ2d1Y25taGlqd2xid2VvYW51Y3BsdnhtZXpjcSIsImp0aSI6InVzZXItNyJ9.rRMfrVZjC0Tl8hilD_qm6jhr6eMHxkqMdSSHeBc59MU','web','cX3zMPIR9gx43pm6sVS1zJ:APA91bGmSRR-OK8SYIu4MeqWBiGaHlo8T2Jf-IDXhUB-tnJIw-APcr37qb5ihyPTrV2DxGlGU9b-B7TQMIbx4zu0f0Ca3IZ6d_TdpM77apSbvsnPWhe6EQk','ACCESS','2025-03-28 18:44:36','2025-03-14 20:31:06','2025-03-28 18:44:36'),(342,7,'eyJhbGciOiJIUzI1NiIsInR5cCI6IkpXVCJ9.eyJ1c2VyX2lkIjo3LCJpYXQiOjE3NDE5ODg0NTAsImV4cCI6MTc0MjQyMDQ1MCwiaXNzIjoibWl5cWdndWNubWhpandsYndlb2FudWNwbHZ4bWV6Y3EiLCJzdWIiOiJtaXlxZ2d1Y25taGlqd2xid2VvYW51Y3BsdnhtZXpjcSIsImp0aSI6InVzZXItNyJ9.QPcCpz5Rnc3brPbmBc27r2R2Q0cU4p_2gXuIacWUhPk','web','eA0TgiKigX21WuSqIUyJuA:APA91bG-e0Kv9tWVbb4eCCfifkGTzRteG6T_kZvoNGzr1qC-n38Zt5WvTqQlAhXnowyu2suvowKw0RceJy9PnUWdhNatLKlc0iUL5WducWGmqcGNp1-YwRo','ACCESS','2025-03-28 18:44:36','2025-03-14 21:40:50','2025-03-28 18:44:36'),(343,7,'eyJhbGciOiJIUzI1NiIsInR5cCI6IkpXVCJ9.eyJ1c2VyX2lkIjo3LCJpYXQiOjE3NDE5ODg2NTMsImV4cCI6MTc0MjQyMDY1MywiaXNzIjoibWl5cWdndWNubWhpandsYndlb2FudWNwbHZ4bWV6Y3EiLCJzdWIiOiJtaXlxZ2d1Y25taGlqd2xid2VvYW51Y3BsdnhtZXpjcSIsImp0aSI6InVzZXItNyJ9.t7yv2c1wCwG-n7GgsCdgrHBFu1dV8aBIsdSJFYJCBuo','web','eA0TgiKigX21WuSqIUyJuA:APA91bG-e0Kv9tWVbb4eCCfifkGTzRteG6T_kZvoNGzr1qC-n38Zt5WvTqQlAhXnowyu2suvowKw0RceJy9PnUWdhNatLKlc0iUL5WducWGmqcGNp1-YwRo','ACCESS','2025-03-28 18:44:36','2025-03-14 21:44:13','2025-03-28 18:44:36'),(344,38,'eyJhbGciOiJIUzI1NiIsInR5cCI6IkpXVCJ9.eyJ1c2VyX2lkIjozOCwiaWF0IjoxNzQxOTg4NzEyLCJleHAiOjE3NDI0MjA3MTIsImlzcyI6Im1peXFnZ3Vjbm1oaWp3bGJ3ZW9hbnVjcGx2eG1lemNxIiwic3ViIjoibWl5cWdndWNubWhpandsYndlb2FudWNwbHZ4bWV6Y3EiLCJqdGkiOiJ1c2VyLTM4In0.D3H7l_UzRBMKQWIcftB4oc7l7YxGAs5eiqZAJBCdLGU','web','123123','ACCESS','2025-03-28 18:45:33','2025-03-14 21:45:12','2025-03-28 18:45:33'),(345,7,'eyJhbGciOiJIUzI1NiIsInR5cCI6IkpXVCJ9.eyJ1c2VyX2lkIjo3LCJpYXQiOjE3NDE5OTAzNTQsImV4cCI6MTc0MjQyMjM1NCwiaXNzIjoibWl5cWdndWNubWhpandsYndlb2FudWNwbHZ4bWV6Y3EiLCJzdWIiOiJtaXlxZ2d1Y25taGlqd2xid2VvYW51Y3BsdnhtZXpjcSIsImp0aSI6InVzZXItNyJ9.mn815wqc797ZZiCMPqfc37O67bNOXEFuO-0hDJAsLG4','web','eA0TgiKigX21WuSqIUyJuA:APA91bG-e0Kv9tWVbb4eCCfifkGTzRteG6T_kZvoNGzr1qC-n38Zt5WvTqQlAhXnowyu2suvowKw0RceJy9PnUWdhNatLKlc0iUL5WducWGmqcGNp1-YwRo','ACCESS','2025-03-28 18:44:36','2025-03-14 22:12:34','2025-03-28 18:44:36'),(346,38,'eyJhbGciOiJIUzI1NiIsInR5cCI6IkpXVCJ9.eyJ1c2VyX2lkIjozOCwiaWF0IjoxNzQxOTkwMzgwLCJleHAiOjE3NDI0MjIzODAsImlzcyI6Im1peXFnZ3Vjbm1oaWp3bGJ3ZW9hbnVjcGx2eG1lemNxIiwic3ViIjoibWl5cWdndWNubWhpandsYndlb2FudWNwbHZ4bWV6Y3EiLCJqdGkiOiJ1c2VyLTM4In0.i68m_Q1alIdguRPnBf3q2f2S0bqZ6VQOgzJpfKRzUXM','web','eA0TgiKigX21WuSqIUyJuA:APA91bG-e0Kv9tWVbb4eCCfifkGTzRteG6T_kZvoNGzr1qC-n38Zt5WvTqQlAhXnowyu2suvowKw0RceJy9PnUWdhNatLKlc0iUL5WducWGmqcGNp1-YwRo','ACCESS','2025-03-28 18:45:33','2025-03-14 22:13:00','2025-03-28 18:45:33'),(347,7,'eyJhbGciOiJIUzI1NiIsInR5cCI6IkpXVCJ9.eyJ1c2VyX2lkIjo3LCJpYXQiOjE3NDE5OTA5ODQsImV4cCI6MTc0MjQyMjk4NCwiaXNzIjoibWl5cWdndWNubWhpandsYndlb2FudWNwbHZ4bWV6Y3EiLCJzdWIiOiJtaXlxZ2d1Y25taGlqd2xid2VvYW51Y3BsdnhtZXpjcSIsImp0aSI6InVzZXItNyJ9.mTvF0_QvKd3huiyvPX3UdMQseHkC0tf9U3d-3-qGyYo','web',NULL,'ACCESS','2025-03-28 18:44:36','2025-03-14 22:23:04','2025-03-28 18:44:36'),(348,40,'eyJhbGciOiJIUzI1NiIsInR5cCI6IkpXVCJ9.eyJ1c2VyX2lkIjo0MCwiaWF0IjoxNzQxOTkxNjc4LCJleHAiOjE3NDI0MjM2NzgsImlzcyI6Im1peXFnZ3Vjbm1oaWp3bGJ3ZW9hbnVjcGx2eG1lemNxIiwic3ViIjoibWl5cWdndWNubWhpandsYndlb2FudWNwbHZ4bWV6Y3EiLCJqdGkiOiJ1c2VyLTQwIn0.21xbMY9bEeIszURniJ84hXhjUflD2neV9tOwrNFaxnA','web','123','ACCESS','2025-03-25 18:39:10','2025-03-14 22:34:38','2025-03-25 18:39:10'),(349,40,'eyJhbGciOiJIUzI1NiIsInR5cCI6IkpXVCJ9.eyJ1c2VyX2lkIjo0MCwiaWF0IjoxNzQxOTkxOTM1LCJleHAiOjE3NDI0MjM5MzUsImlzcyI6Im1peXFnZ3Vjbm1oaWp3bGJ3ZW9hbnVjcGx2eG1lemNxIiwic3ViIjoibWl5cWdndWNubWhpandsYndlb2FudWNwbHZ4bWV6Y3EiLCJqdGkiOiJ1c2VyLTQwIn0.57P4vfxTPr8GSoGz76zuKCRPi0DEnDsNfOlWAcFU368','web','123123','ACCESS','2025-03-25 18:39:10','2025-03-14 22:38:55','2025-03-25 18:39:10'),(350,40,'eyJhbGciOiJIUzI1NiIsInR5cCI6IkpXVCJ9.eyJ1c2VyX2lkIjo0MCwiaWF0IjoxNzQxOTkyMTg3LCJleHAiOjE3NDI0MjQxODcsImlzcyI6Im1peXFnZ3Vjbm1oaWp3bGJ3ZW9hbnVjcGx2eG1lemNxIiwic3ViIjoibWl5cWdndWNubWhpandsYndlb2FudWNwbHZ4bWV6Y3EiLCJqdGkiOiJ1c2VyLTQwIn0.1wrbQeRd4voLlANUcJuJUO9C9jUKwcwFUP2QwGGVK9o','web','123123','ACCESS','2025-03-25 18:39:10','2025-03-14 22:43:07','2025-03-25 18:39:10'),(351,40,'eyJhbGciOiJIUzI1NiIsInR5cCI6IkpXVCJ9.eyJ1c2VyX2lkIjo0MCwiaWF0IjoxNzQxOTkyMjc5LCJleHAiOjE3NDI0MjQyNzksImlzcyI6Im1peXFnZ3Vjbm1oaWp3bGJ3ZW9hbnVjcGx2eG1lemNxIiwic3ViIjoibWl5cWdndWNubWhpandsYndlb2FudWNwbHZ4bWV6Y3EiLCJqdGkiOiJ1c2VyLTQwIn0.cqoRkky9ZhuecyJnnB7s64oF_nP6VxHhZDhKKTaTCyY','web','fSKE7-yRsXobswO15sA7I3:APA91bFrqNqhHtWt7Xz99bKDAYK5Cd1SWudtk5Kn_oIoO46db3UQyu7zTZMpCrRQ1Hp4anpuvHQ0U0vrkXw0DrNhZBU0yS5wFDVqOXi77tU3pupw2YifLxY','ACCESS','2025-03-25 18:39:10','2025-03-14 22:44:39','2025-03-25 18:39:10'),(352,40,'eyJhbGciOiJIUzI1NiIsInR5cCI6IkpXVCJ9.eyJ1c2VyX2lkIjo0MCwiaWF0IjoxNzQxOTkyMzY1LCJleHAiOjE3NDI0MjQzNjUsImlzcyI6Im1peXFnZ3Vjbm1oaWp3bGJ3ZW9hbnVjcGx2eG1lemNxIiwic3ViIjoibWl5cWdndWNubWhpandsYndlb2FudWNwbHZ4bWV6Y3EiLCJqdGkiOiJ1c2VyLTQwIn0.C0g1BBqE7ecGFFNcJ4Z67dF0VC73L4eCKWkUnwOcHZA','web',NULL,'ACCESS','2025-03-25 18:39:10','2025-03-14 22:46:05','2025-03-25 18:39:10'),(353,40,'eyJhbGciOiJIUzI1NiIsInR5cCI6IkpXVCJ9.eyJ1c2VyX2lkIjo0MCwiaWF0IjoxNzQxOTkyMzg2LCJleHAiOjE3NDI0MjQzODYsImlzcyI6Im1peXFnZ3Vjbm1oaWp3bGJ3ZW9hbnVjcGx2eG1lemNxIiwic3ViIjoibWl5cWdndWNubWhpandsYndlb2FudWNwbHZ4bWV6Y3EiLCJqdGkiOiJ1c2VyLTQwIn0.z945-bcg1i2nyqnGZZAbhyqNhyeKb5DrphM79mF6l9o','web',NULL,'ACCESS','2025-03-25 18:39:10','2025-03-14 22:46:26','2025-03-25 18:39:10'),(354,40,'eyJhbGciOiJIUzI1NiIsInR5cCI6IkpXVCJ9.eyJ1c2VyX2lkIjo0MCwiaWF0IjoxNzQxOTkyNjE2LCJleHAiOjE3NDI0MjQ2MTYsImlzcyI6Im1peXFnZ3Vjbm1oaWp3bGJ3ZW9hbnVjcGx2eG1lemNxIiwic3ViIjoibWl5cWdndWNubWhpandsYndlb2FudWNwbHZ4bWV6Y3EiLCJqdGkiOiJ1c2VyLTQwIn0.ZQ2odL2rX3XURrdFSt9IK3HJHGj6VJyJf1l_qDz8iIg','web','fSKE7-yRsXobswO15sA7I3:APA91bFrqNqhHtWt7Xz99bKDAYK5Cd1SWudtk5Kn_oIoO46db3UQyu7zTZMpCrRQ1Hp4anpuvHQ0U0vrkXw0DrNhZBU0yS5wFDVqOXi77tU3pupw2YifLxY','ACCESS','2025-03-25 18:39:10','2025-03-14 22:50:16','2025-03-25 18:39:10'),(355,41,'eyJhbGciOiJIUzI1NiIsInR5cCI6IkpXVCJ9.eyJ1c2VyX2lkIjo0MSwiaWF0IjoxNzQxOTkyNzE3LCJleHAiOjE3NDI0MjQ3MTcsImlzcyI6Im1peXFnZ3Vjbm1oaWp3bGJ3ZW9hbnVjcGx2eG1lemNxIiwic3ViIjoibWl5cWdndWNubWhpandsYndlb2FudWNwbHZ4bWV6Y3EiLCJqdGkiOiJ1c2VyLTQxIn0.QDbBn0iMKHxuLOqMefh5pcCwtvRlWM-hVISOjmiMCW0','web','123','ACCESS','2025-03-28 18:45:26','2025-03-14 22:51:57','2025-03-28 18:45:26'),(356,41,'eyJhbGciOiJIUzI1NiIsInR5cCI6IkpXVCJ9.eyJ1c2VyX2lkIjo0MSwiaWF0IjoxNzQxOTkzMTcxLCJleHAiOjE3NDI0MjUxNzEsImlzcyI6Im1peXFnZ3Vjbm1oaWp3bGJ3ZW9hbnVjcGx2eG1lemNxIiwic3ViIjoibWl5cWdndWNubWhpandsYndlb2FudWNwbHZ4bWV6Y3EiLCJqdGkiOiJ1c2VyLTQxIn0.qVXOAjrWDV5htUDALprY8rh22Yer2c7QoEs9-xSrfas','web','123123','ACCESS','2025-03-28 18:45:26','2025-03-14 22:59:31','2025-03-28 18:45:26'),(357,41,'eyJhbGciOiJIUzI1NiIsInR5cCI6IkpXVCJ9.eyJ1c2VyX2lkIjo0MSwiaWF0IjoxNzQxOTkzMzI1LCJleHAiOjE3NDI0MjUzMjUsImlzcyI6Im1peXFnZ3Vjbm1oaWp3bGJ3ZW9hbnVjcGx2eG1lemNxIiwic3ViIjoibWl5cWdndWNubWhpandsYndlb2FudWNwbHZ4bWV6Y3EiLCJqdGkiOiJ1c2VyLTQxIn0.rDlZR_fd7Ur0VM5fGBYMAGpsOcVSgFYPOsUe1Lsf0Ak','web','123123','ACCESS','2025-03-28 18:45:26','2025-03-14 23:02:05','2025-03-28 18:45:26'),(358,41,'eyJhbGciOiJIUzI1NiIsInR5cCI6IkpXVCJ9.eyJ1c2VyX2lkIjo0MSwiaWF0IjoxNzQxOTkzNTQ1LCJleHAiOjE3NDI0MjU1NDUsImlzcyI6Im1peXFnZ3Vjbm1oaWp3bGJ3ZW9hbnVjcGx2eG1lemNxIiwic3ViIjoibWl5cWdndWNubWhpandsYndlb2FudWNwbHZ4bWV6Y3EiLCJqdGkiOiJ1c2VyLTQxIn0.leNeEd2xyB2kOn5ncShPxDYn-1P8wltQw-ovIHsYLto','web',NULL,'ACCESS','2025-03-28 18:45:26','2025-03-14 23:05:45','2025-03-28 18:45:26'),(359,42,'eyJhbGciOiJIUzI1NiIsInR5cCI6IkpXVCJ9.eyJ1c2VyX2lkIjo0MiwiaWF0IjoxNzQyMDMzNDQ5LCJleHAiOjE3NDI0NjU0NDksImlzcyI6Im1peXFnZ3Vjbm1oaWp3bGJ3ZW9hbnVjcGx2eG1lemNxIiwic3ViIjoibWl5cWdndWNubWhpandsYndlb2FudWNwbHZ4bWV6Y3EiLCJqdGkiOiJ1c2VyLTQyIn0.Mxpngn5KbQZVguj0lF2CnuuBlWi3o93o5RtPL8ZstEI','web','123','ACCESS',NULL,'2025-03-15 10:10:49','2025-03-15 10:10:49'),(360,41,'eyJhbGciOiJIUzI1NiIsInR5cCI6IkpXVCJ9.eyJ1c2VyX2lkIjo0MSwiaWF0IjoxNzQyMDczMTYxLCJleHAiOjE3NDI1MDUxNjEsImlzcyI6Im1peXFnZ3Vjbm1oaWp3bGJ3ZW9hbnVjcGx2eG1lemNxIiwic3ViIjoibWl5cWdndWNubWhpandsYndlb2FudWNwbHZ4bWV6Y3EiLCJqdGkiOiJ1c2VyLTQxIn0.awzSJep4QGu74tJfxPSKJ2PjcNE0Bwu6swQTAeQHU-s','web','cX3zMPIR9gx43pm6sVS1zJ:APA91bGmSRR-OK8SYIu4MeqWBiGaHlo8T2Jf-IDXhUB-tnJIw-APcr37qb5ihyPTrV2DxGlGU9b-B7TQMIbx4zu0f0Ca3IZ6d_TdpM77apSbvsnPWhe6EQk','ACCESS','2025-03-28 18:45:26','2025-03-15 21:12:41','2025-03-28 18:45:26'),(361,41,'eyJhbGciOiJIUzI1NiIsInR5cCI6IkpXVCJ9.eyJ1c2VyX2lkIjo0MSwiaWF0IjoxNzQyMTYxNDM0LCJleHAiOjE3NDI1OTM0MzQsImlzcyI6Im1peXFnZ3Vjbm1oaWp3bGJ3ZW9hbnVjcGx2eG1lemNxIiwic3ViIjoibWl5cWdndWNubWhpandsYndlb2FudWNwbHZ4bWV6Y3EiLCJqdGkiOiJ1c2VyLTQxIn0.cWI8L0ExW-tocd1V7-Qbeq5_Q2SIDYr4uoTcbBxribI','web','cX3zMPIR9gx43pm6sVS1zJ:APA91bGmSRR-OK8SYIu4MeqWBiGaHlo8T2Jf-IDXhUB-tnJIw-APcr37qb5ihyPTrV2DxGlGU9b-B7TQMIbx4zu0f0Ca3IZ6d_TdpM77apSbvsnPWhe6EQk','ACCESS','2025-03-28 18:45:26','2025-03-16 21:43:54','2025-03-28 18:45:26'),(362,7,'eyJhbGciOiJIUzI1NiIsInR5cCI6IkpXVCJ9.eyJ1c2VyX2lkIjo3LCJpYXQiOjE3NDIxNjE0NjEsImV4cCI6MTc0MjU5MzQ2MSwiaXNzIjoibWl5cWdndWNubWhpandsYndlb2FudWNwbHZ4bWV6Y3EiLCJzdWIiOiJtaXlxZ2d1Y25taGlqd2xid2VvYW51Y3BsdnhtZXpjcSIsImp0aSI6InVzZXItNyJ9.yp8gJmMRunzbDYzatDcDhM3Hf5E7GEICfIgg9yBPWUE','web','cX3zMPIR9gx43pm6sVS1zJ:APA91bGmSRR-OK8SYIu4MeqWBiGaHlo8T2Jf-IDXhUB-tnJIw-APcr37qb5ihyPTrV2DxGlGU9b-B7TQMIbx4zu0f0Ca3IZ6d_TdpM77apSbvsnPWhe6EQk','ACCESS','2025-03-28 18:44:36','2025-03-16 21:44:21','2025-03-28 18:44:36'),(363,41,'eyJhbGciOiJIUzI1NiIsInR5cCI6IkpXVCJ9.eyJ1c2VyX2lkIjo0MSwiaWF0IjoxNzQyMTY2Njc3LCJleHAiOjE3NDI1OTg2NzcsImlzcyI6Im1peXFnZ3Vjbm1oaWp3bGJ3ZW9hbnVjcGx2eG1lemNxIiwic3ViIjoibWl5cWdndWNubWhpandsYndlb2FudWNwbHZ4bWV6Y3EiLCJqdGkiOiJ1c2VyLTQxIn0.SMD4EIE1rnP3mx9Y1Kl1h2kUEO-eEZff_IuDQgkeW7k','web','cX3zMPIR9gx43pm6sVS1zJ:APA91bGmSRR-OK8SYIu4MeqWBiGaHlo8T2Jf-IDXhUB-tnJIw-APcr37qb5ihyPTrV2DxGlGU9b-B7TQMIbx4zu0f0Ca3IZ6d_TdpM77apSbvsnPWhe6EQk','ACCESS','2025-03-28 18:45:26','2025-03-16 23:11:17','2025-03-28 18:45:26'),(364,7,'eyJhbGciOiJIUzI1NiIsInR5cCI6IkpXVCJ9.eyJ1c2VyX2lkIjo3LCJpYXQiOjE3NDIxNjg4MTcsImV4cCI6MTc0MjYwMDgxNywiaXNzIjoibWl5cWdndWNubWhpandsYndlb2FudWNwbHZ4bWV6Y3EiLCJzdWIiOiJtaXlxZ2d1Y25taGlqd2xid2VvYW51Y3BsdnhtZXpjcSIsImp0aSI6InVzZXItNyJ9.8DSbpn_OxHVhsoHUMI8voZOxM95Qr-eeYpeezt5MhRA','web','cX3zMPIR9gx43pm6sVS1zJ:APA91bGmSRR-OK8SYIu4MeqWBiGaHlo8T2Jf-IDXhUB-tnJIw-APcr37qb5ihyPTrV2DxGlGU9b-B7TQMIbx4zu0f0Ca3IZ6d_TdpM77apSbvsnPWhe6EQk','ACCESS','2025-03-28 18:44:36','2025-03-16 23:46:57','2025-03-28 18:44:36'),(365,7,'eyJhbGciOiJIUzI1NiIsInR5cCI6IkpXVCJ9.eyJ1c2VyX2lkIjo3LCJpYXQiOjE3NDIxOTk0NDksImV4cCI6MTc0MjYzMTQ0OSwiaXNzIjoibWl5cWdndWNubWhpandsYndlb2FudWNwbHZ4bWV6Y3EiLCJzdWIiOiJtaXlxZ2d1Y25taGlqd2xid2VvYW51Y3BsdnhtZXpjcSIsImp0aSI6InVzZXItNyJ9.sMOPkvJe8L0Pi2YncfOuqaZ889A5H7kPwhfheNgwIvY','web','c1BJaFaVqwF5us0t6tLSTB:APA91bEg37SGxzpCi2Z5i-i5pSrUO7fvrpL60dwMRnIClTIJonfso_k6eBYLC_TvwKb8SJIbcEGClWry2nnG81MKJhSzxOOAQlekXqjSFYJFGJEtQu4afFc','ACCESS','2025-03-28 18:44:36','2025-03-17 08:17:29','2025-03-28 18:44:36'),(366,38,'eyJhbGciOiJIUzI1NiIsInR5cCI6IkpXVCJ9.eyJ1c2VyX2lkIjozOCwiaWF0IjoxNzQyMjAwMzQwLCJleHAiOjE3NDI2MzIzNDAsImlzcyI6Im1peXFnZ3Vjbm1oaWp3bGJ3ZW9hbnVjcGx2eG1lemNxIiwic3ViIjoibWl5cWdndWNubWhpandsYndlb2FudWNwbHZ4bWV6Y3EiLCJqdGkiOiJ1c2VyLTM4In0.NJQ9ZMqdodQxmGXguuIn0SEH8_xBdzFk9iLFxWenVjA','web','cN4t1ewE2p6yNyOMKoNyrS:APA91bEFgiFvtiZLDBDno2PQJkBe0uWnhYgk3kUhh0-56TNjQ8IdZEbCGllXZMNoF-hYqFUHM1lj8ffth-FMVKPTL3BWqdKpy-0xy7bgI0GiKsmW7tl-ZLE','ACCESS','2025-03-28 18:45:33','2025-03-17 08:32:20','2025-03-28 18:45:33'),(367,41,'eyJhbGciOiJIUzI1NiIsInR5cCI6IkpXVCJ9.eyJ1c2VyX2lkIjo0MSwiaWF0IjoxNzQyMjAwODM2LCJleHAiOjE3NDI2MzI4MzYsImlzcyI6Im1peXFnZ3Vjbm1oaWp3bGJ3ZW9hbnVjcGx2eG1lemNxIiwic3ViIjoibWl5cWdndWNubWhpandsYndlb2FudWNwbHZ4bWV6Y3EiLCJqdGkiOiJ1c2VyLTQxIn0.UdmHExi3klXDtsFC9ZF4HgVQuKhgMp0MEXeznv-lfCk','web','c1BJaFaVqwF5us0t6tLSTB:APA91bEg37SGxzpCi2Z5i-i5pSrUO7fvrpL60dwMRnIClTIJonfso_k6eBYLC_TvwKb8SJIbcEGClWry2nnG81MKJhSzxOOAQlekXqjSFYJFGJEtQu4afFc','ACCESS','2025-03-28 18:45:26','2025-03-17 08:40:36','2025-03-28 18:45:26'),(368,41,'eyJhbGciOiJIUzI1NiIsInR5cCI6IkpXVCJ9.eyJ1c2VyX2lkIjo0MSwiaWF0IjoxNzQyMjAxMzk0LCJleHAiOjE3NDI2MzMzOTQsImlzcyI6Im1peXFnZ3Vjbm1oaWp3bGJ3ZW9hbnVjcGx2eG1lemNxIiwic3ViIjoibWl5cWdndWNubWhpandsYndlb2FudWNwbHZ4bWV6Y3EiLCJqdGkiOiJ1c2VyLTQxIn0.CHpbvW3X9AokVYfGAiyYi_adTuaajA7EsW-sAsg_gZE','web','cN4t1ewE2p6yNyOMKoNyrS:APA91bEFgiFvtiZLDBDno2PQJkBe0uWnhYgk3kUhh0-56TNjQ8IdZEbCGllXZMNoF-hYqFUHM1lj8ffth-FMVKPTL3BWqdKpy-0xy7bgI0GiKsmW7tl-ZLE','ACCESS','2025-03-28 18:45:26','2025-03-17 08:49:54','2025-03-28 18:45:26'),(369,41,'eyJhbGciOiJIUzI1NiIsInR5cCI6IkpXVCJ9.eyJ1c2VyX2lkIjo0MSwiaWF0IjoxNzQyMjAxNDk3LCJleHAiOjE3NDI2MzM0OTcsImlzcyI6Im1peXFnZ3Vjbm1oaWp3bGJ3ZW9hbnVjcGx2eG1lemNxIiwic3ViIjoibWl5cWdndWNubWhpandsYndlb2FudWNwbHZ4bWV6Y3EiLCJqdGkiOiJ1c2VyLTQxIn0.rlrscFy28bK-z5hzhDGsFxT41oP2InigF69Q6Lxe8MQ','web','cN4t1ewE2p6yNyOMKoNyrS:APA91bEFgiFvtiZLDBDno2PQJkBe0uWnhYgk3kUhh0-56TNjQ8IdZEbCGllXZMNoF-hYqFUHM1lj8ffth-FMVKPTL3BWqdKpy-0xy7bgI0GiKsmW7tl-ZLE','ACCESS','2025-03-28 18:45:26','2025-03-17 08:51:37','2025-03-28 18:45:26'),(370,7,'eyJhbGciOiJIUzI1NiIsInR5cCI6IkpXVCJ9.eyJ1c2VyX2lkIjo3LCJpYXQiOjE3NDIyMDQ5ODEsImV4cCI6MTc0MjYzNjk4MSwiaXNzIjoibWl5cWdndWNubWhpandsYndlb2FudWNwbHZ4bWV6Y3EiLCJzdWIiOiJtaXlxZ2d1Y25taGlqd2xid2VvYW51Y3BsdnhtZXpjcSIsImp0aSI6InVzZXItNyJ9.7SsPccxos0Nbf482CccqRCedYDjJ0-_9CedKSuOeDJI','web','fy-lfHYN8u3aW8od7nmFg1:APA91bGiDuUgaoqfqV0lSI_DjACSSO7RDulzwzvM2lTi9s9y6xcT3sMQ67a55lai5CnB3Cvz2x7bFKjZ-EKFujGqJHvHMqtjLHrJd-J_Iq52KkFhadiMQ8E','ACCESS','2025-03-28 18:44:36','2025-03-17 09:49:41','2025-03-28 18:44:36'),(371,41,'eyJhbGciOiJIUzI1NiIsInR5cCI6IkpXVCJ9.eyJ1c2VyX2lkIjo0MSwiaWF0IjoxNzQyMjA1NjI0LCJleHAiOjE3NDI2Mzc2MjQsImlzcyI6Im1peXFnZ3Vjbm1oaWp3bGJ3ZW9hbnVjcGx2eG1lemNxIiwic3ViIjoibWl5cWdndWNubWhpandsYndlb2FudWNwbHZ4bWV6Y3EiLCJqdGkiOiJ1c2VyLTQxIn0.uJtaZMZf18_36sA9ULQ1fTFEfsUafBnSlfu7YLZhZq4','web','eNxNmEz_QVE3W8Av8FrRhg:APA91bHGvLa8K6pBTQ_hP2RdyTr1Exw9vMrV8X51zn399OeAwKvKJFA90ZdwFaET3j_pRrJgshY5Uo_0EEhdx6ucviXbfqGIKy6egbA8KKbOyY324IO4OWU','ACCESS','2025-03-28 18:45:26','2025-03-17 10:00:24','2025-03-28 18:45:26'),(372,7,'eyJhbGciOiJIUzI1NiIsInR5cCI6IkpXVCJ9.eyJ1c2VyX2lkIjo3LCJpYXQiOjE3NDIyMDU5NDQsImV4cCI6MTc0MjYzNzk0NCwiaXNzIjoibWl5cWdndWNubWhpandsYndlb2FudWNwbHZ4bWV6Y3EiLCJzdWIiOiJtaXlxZ2d1Y25taGlqd2xid2VvYW51Y3BsdnhtZXpjcSIsImp0aSI6InVzZXItNyJ9.wcDeZMiX2gSdQAzNJYEiFkFSJxfA8AMr5P5u9Q2JTqk','web','f_ulruvMeo2X2tUPWKRjWO:APA91bFQLgQEA-DrySM2Tw2I0Ifl7aZa9Re1uy1Mxsx8mFMF9eOKAvka5pcSjagL8fU7SWyX74JT-HXVgYxUMazAO0JooEAEXfrhmlxw3CM8AZRJ1Dr6tXs','ACCESS','2025-03-28 18:44:36','2025-03-17 10:05:44','2025-03-28 18:44:36'),(373,43,'eyJhbGciOiJIUzI1NiIsInR5cCI6IkpXVCJ9.eyJ1c2VyX2lkIjo0MywiaWF0IjoxNzQyMjA2MjE3LCJleHAiOjE3NDI2MzgyMTcsImlzcyI6Im1peXFnZ3Vjbm1oaWp3bGJ3ZW9hbnVjcGx2eG1lemNxIiwic3ViIjoibWl5cWdndWNubWhpandsYndlb2FudWNwbHZ4bWV6Y3EiLCJqdGkiOiJ1c2VyLTQzIn0.2KvVzrSa0brdTOsICKRJ8LFERiN3jEYNRGWx4CUWyiI','web','123','ACCESS','2025-03-17 10:24:22','2025-03-17 10:10:17','2025-03-17 10:24:22'),(374,43,'eyJhbGciOiJIUzI1NiIsInR5cCI6IkpXVCJ9.eyJ1c2VyX2lkIjo0MywiaWF0IjoxNzQyMjA2OTczLCJleHAiOjE3NDI2Mzg5NzMsImlzcyI6Im1peXFnZ3Vjbm1oaWp3bGJ3ZW9hbnVjcGx2eG1lemNxIiwic3ViIjoibWl5cWdndWNubWhpandsYndlb2FudWNwbHZ4bWV6Y3EiLCJqdGkiOiJ1c2VyLTQzIn0.g7hStKCex67KWxKLtEkZVMOeb35FwzBskvV5tGEqEKI','web','f_ulruvMeo2X2tUPWKRjWO:APA91bFQLgQEA-DrySM2Tw2I0Ifl7aZa9Re1uy1Mxsx8mFMF9eOKAvka5pcSjagL8fU7SWyX74JT-HXVgYxUMazAO0JooEAEXfrhmlxw3CM8AZRJ1Dr6tXs','ACCESS','2025-03-17 10:24:22','2025-03-17 10:22:53','2025-03-17 10:24:22'),(375,43,'eyJhbGciOiJIUzI1NiIsInR5cCI6IkpXVCJ9.eyJ1c2VyX2lkIjo0MywiaWF0IjoxNzQyMjA3MDYyLCJleHAiOjE3NDI2MzkwNjIsImlzcyI6Im1peXFnZ3Vjbm1oaWp3bGJ3ZW9hbnVjcGx2eG1lemNxIiwic3ViIjoibWl5cWdndWNubWhpandsYndlb2FudWNwbHZ4bWV6Y3EiLCJqdGkiOiJ1c2VyLTQzIn0.1ZZk7Z3pZMtbLl9y3jzOwk54Nvfz1PCzkWGy72LtNaQ','web','f_ulruvMeo2X2tUPWKRjWO:APA91bFQLgQEA-DrySM2Tw2I0Ifl7aZa9Re1uy1Mxsx8mFMF9eOKAvka5pcSjagL8fU7SWyX74JT-HXVgYxUMazAO0JooEAEXfrhmlxw3CM8AZRJ1Dr6tXs','ACCESS',NULL,'2025-03-17 10:24:22','2025-03-17 10:24:24'),(376,7,'eyJhbGciOiJIUzI1NiIsInR5cCI6IkpXVCJ9.eyJ1c2VyX2lkIjo3LCJpYXQiOjE3NDIyMDc4NjAsImV4cCI6MTc0MjYzOTg2MCwiaXNzIjoibWl5cWdndWNubWhpandsYndlb2FudWNwbHZ4bWV6Y3EiLCJzdWIiOiJtaXlxZ2d1Y25taGlqd2xid2VvYW51Y3BsdnhtZXpjcSIsImp0aSI6InVzZXItNyJ9.ZNvIHR91fXBQ5p0XOQ3YxdLhtYID35dBAWO6Lt4mZNw','web','fy-lfHYN8u3aW8od7nmFg1:APA91bGiDuUgaoqfqV0lSI_DjACSSO7RDulzwzvM2lTi9s9y6xcT3sMQ67a55lai5CnB3Cvz2x7bFKjZ-EKFujGqJHvHMqtjLHrJd-J_Iq52KkFhadiMQ8E','ACCESS','2025-03-28 18:44:36','2025-03-17 10:37:40','2025-03-28 18:44:36'),(377,10,'eyJhbGciOiJIUzI1NiIsInR5cCI6IkpXVCJ9.eyJ1c2VyX2lkIjoxMCwiaWF0IjoxNzQyMjQzNjMxLCJleHAiOjE3NDI2NzU2MzEsImlzcyI6Im1peXFnZ3Vjbm1oaWp3bGJ3ZW9hbnVjcGx2eG1lemNxIiwic3ViIjoibWl5cWdndWNubWhpandsYndlb2FudWNwbHZ4bWV6Y3EiLCJqdGkiOiJ1c2VyLTEwIn0.kXjfxiBYdyNTX82XO2eeaS2pbtJ0-5OOYMMa_MD3jGY','web','ef0Ssj3er_m3bauj-Ogg5d:APA91bELO5xknSpQeJBxwyY4ZtLybuj51ehdmDr1kMLO7QGwrMjnSHeh-P9fTi_LGD09Y6uMrT-2hZ7Fg8H160a-UNWV3YPUsQwoNctODQcXrZsC_vASD1s','ACCESS','2025-03-27 20:00:13','2025-03-17 20:33:51','2025-03-27 20:00:13'),(378,31,'eyJhbGciOiJIUzI1NiIsInR5cCI6IkpXVCJ9.eyJ1c2VyX2lkIjozMSwiaWF0IjoxNzQyMzM2MTgwLCJleHAiOjE3NDI3NjgxODAsImlzcyI6Im1peXFnZ3Vjbm1oaWp3bGJ3ZW9hbnVjcGx2eG1lemNxIiwic3ViIjoibWl5cWdndWNubWhpandsYndlb2FudWNwbHZ4bWV6Y3EiLCJqdGkiOiJ1c2VyLTMxIn0.6rfQkX2RWbLZHri-cBZoDyxGiDfDIHACt0vQn_S9QgE','web','fIPVFr4zD2ykjgIVYWr7tH:APA91bHZDrVQzaomcH9mVWj8JX9Hy-pb7uXqgvtESpaDjcL-wXuVrNxDWBCPPQUkVgZXOfE5zn_jovLtQgidlmaDYNHOV4mVyg3O1iTa2oa45BgOimbDyqk','ACCESS','2025-03-27 21:51:40','2025-03-18 22:16:20','2025-03-27 21:51:40'),(379,1,'eyJhbGciOiJIUzI1NiIsInR5cCI6IkpXVCJ9.eyJ1c2VyX2lkIjoxLCJpYXQiOjE3NDIzNzI3ODIsImV4cCI6MTc0MjgwNDc4MiwiaXNzIjoibWl5cWdndWNubWhpandsYndlb2FudWNwbHZ4bWV6Y3EiLCJzdWIiOiJtaXlxZ2d1Y25taGlqd2xid2VvYW51Y3BsdnhtZXpjcSIsImp0aSI6InVzZXItMSJ9.eKjTBnGLSy512df6dToSCC1oFmerX-BwIZy2fTHFPH4','web','123','ACCESS',NULL,'2025-03-19 08:26:22','2025-03-19 08:26:22'),(380,41,'eyJhbGciOiJIUzI1NiIsInR5cCI6IkpXVCJ9.eyJ1c2VyX2lkIjo0MSwiaWF0IjoxNzQyNDc1OTg3LCJleHAiOjE3NDI5MDc5ODcsImlzcyI6Im1peXFnZ3Vjbm1oaWp3bGJ3ZW9hbnVjcGx2eG1lemNxIiwic3ViIjoibWl5cWdndWNubWhpandsYndlb2FudWNwbHZ4bWV6Y3EiLCJqdGkiOiJ1c2VyLTQxIn0.jvLVPMHTq8bB2NqLPAEkCMegs_YbVr27Dt9KDNDogNQ','web','c1BJaFaVqwF5us0t6tLSTB:APA91bEg37SGxzpCi2Z5i-i5pSrUO7fvrpL60dwMRnIClTIJonfso_k6eBYLC_TvwKb8SJIbcEGClWry2nnG81MKJhSzxOOAQlekXqjSFYJFGJEtQu4afFc','ACCESS','2025-03-28 18:45:26','2025-03-20 13:06:27','2025-03-28 18:45:26'),(381,7,'eyJhbGciOiJIUzI1NiIsInR5cCI6IkpXVCJ9.eyJ1c2VyX2lkIjo3LCJpYXQiOjE3NDI1NTA3NTAsImV4cCI6MTc0Mjk4Mjc1MCwiaXNzIjoibWl5cWdndWNubWhpandsYndlb2FudWNwbHZ4bWV6Y3EiLCJzdWIiOiJtaXlxZ2d1Y25taGlqd2xid2VvYW51Y3BsdnhtZXpjcSIsImp0aSI6InVzZXItNyJ9.jJr6GVUopLTHIclkCBtAzgTjl6Agkfq_EgNra8u9LcU','web','fy-lfHYN8u3aW8od7nmFg1:APA91bGiDuUgaoqfqV0lSI_DjACSSO7RDulzwzvM2lTi9s9y6xcT3sMQ67a55lai5CnB3Cvz2x7bFKjZ-EKFujGqJHvHMqtjLHrJd-J_Iq52KkFhadiMQ8E','ACCESS','2025-03-28 18:44:36','2025-03-21 09:52:30','2025-03-28 18:44:36'),(382,41,'eyJhbGciOiJIUzI1NiIsInR5cCI6IkpXVCJ9.eyJ1c2VyX2lkIjo0MSwiaWF0IjoxNzQyNTcxMzE0LCJleHAiOjE3NDMwMDMzMTQsImlzcyI6Im1peXFnZ3Vjbm1oaWp3bGJ3ZW9hbnVjcGx2eG1lemNxIiwic3ViIjoibWl5cWdndWNubWhpandsYndlb2FudWNwbHZ4bWV6Y3EiLCJqdGkiOiJ1c2VyLTQxIn0.3TJcfsYfV0rJJ9wFsJRcqfMO29vIF-YqNxQezHOB6tk','web','cX3zMPIR9gx43pm6sVS1zJ:APA91bGmSRR-OK8SYIu4MeqWBiGaHlo8T2Jf-IDXhUB-tnJIw-APcr37qb5ihyPTrV2DxGlGU9b-B7TQMIbx4zu0f0Ca3IZ6d_TdpM77apSbvsnPWhe6EQk','ACCESS','2025-03-28 18:45:26','2025-03-21 15:35:14','2025-03-28 18:45:26'),(383,7,'eyJhbGciOiJIUzI1NiIsInR5cCI6IkpXVCJ9.eyJ1c2VyX2lkIjo3LCJpYXQiOjE3NDI1ODIxNjYsImV4cCI6MTc0MzAxNDE2NiwiaXNzIjoibWl5cWdndWNubWhpandsYndlb2FudWNwbHZ4bWV6Y3EiLCJzdWIiOiJtaXlxZ2d1Y25taGlqd2xid2VvYW51Y3BsdnhtZXpjcSIsImp0aSI6InVzZXItNyJ9.Pi6s0q_5SXlw_25nMdB361PRVrD1RBumNhNtxoBke_g','web','d6CDGIwWTdtX_o-egK5I04:APA91bEmiWerlIp9v-we8cJO7uhQ_WfgircbKnpI9NVzhp99s4ho8DkuR12Uv5xszhEtnMCuN7FQN54PcdkC_KoewKv_sh_JZ_aJc9CuYMzgC8Fu6QLkgiE','ACCESS','2025-03-28 18:44:36','2025-03-21 18:36:06','2025-03-28 18:44:36'),(384,41,'eyJhbGciOiJIUzI1NiIsInR5cCI6IkpXVCJ9.eyJ1c2VyX2lkIjo0MSwiaWF0IjoxNzQyNTgyNDIwLCJleHAiOjE3NDMwMTQ0MjAsImlzcyI6Im1peXFnZ3Vjbm1oaWp3bGJ3ZW9hbnVjcGx2eG1lemNxIiwic3ViIjoibWl5cWdndWNubWhpandsYndlb2FudWNwbHZ4bWV6Y3EiLCJqdGkiOiJ1c2VyLTQxIn0.OkoAbEmkfp1ccicq6wGwtkx2VP_sfNsG73JS4cpruZg','web','d6CDGIwWTdtX_o-egK5I04:APA91bEmiWerlIp9v-we8cJO7uhQ_WfgircbKnpI9NVzhp99s4ho8DkuR12Uv5xszhEtnMCuN7FQN54PcdkC_KoewKv_sh_JZ_aJc9CuYMzgC8Fu6QLkgiE','ACCESS','2025-03-28 18:45:26','2025-03-21 18:40:20','2025-03-28 18:45:26'),(385,41,'eyJhbGciOiJIUzI1NiIsInR5cCI6IkpXVCJ9.eyJ1c2VyX2lkIjo0MSwiaWF0IjoxNzQyNTgzNjU4LCJleHAiOjE3NDMwMTU2NTgsImlzcyI6Im1peXFnZ3Vjbm1oaWp3bGJ3ZW9hbnVjcGx2eG1lemNxIiwic3ViIjoibWl5cWdndWNubWhpandsYndlb2FudWNwbHZ4bWV6Y3EiLCJqdGkiOiJ1c2VyLTQxIn0.Qa1SRDH--oVPH6M9o9qI5SETWt5r2RctbRJUWQjOIsE','web','cX3zMPIR9gx43pm6sVS1zJ:APA91bGmSRR-OK8SYIu4MeqWBiGaHlo8T2Jf-IDXhUB-tnJIw-APcr37qb5ihyPTrV2DxGlGU9b-B7TQMIbx4zu0f0Ca3IZ6d_TdpM77apSbvsnPWhe6EQk','ACCESS','2025-03-28 18:45:26','2025-03-21 19:00:58','2025-03-28 18:45:26'),(386,40,'eyJhbGciOiJIUzI1NiIsInR5cCI6IkpXVCJ9.eyJ1c2VyX2lkIjo0MCwiaWF0IjoxNzQyNjQ0NTU4LCJleHAiOjE3NDMwNzY1NTgsImlzcyI6Im1peXFnZ3Vjbm1oaWp3bGJ3ZW9hbnVjcGx2eG1lemNxIiwic3ViIjoibWl5cWdndWNubWhpandsYndlb2FudWNwbHZ4bWV6Y3EiLCJqdGkiOiJ1c2VyLTQwIn0.67UvcUuYqaY9bUPgTYKnNVfxs1VojPxDCICAIxFPsGI','web','eYj-rtzhvthIsdeh8L0-fO:APA91bEi8VIkEokVFmnUoItLMfZJP9dADO8ovzUtcuXLBSdPjoIrUOs7j9G0P0zHWvqV1hGsF1kAGF-R7fNTnP28XkjMGpYE6AWLUs_k1IlIxIczIKC1uuM','ACCESS','2025-03-25 18:39:10','2025-03-22 11:55:58','2025-03-25 18:39:10'),(387,40,'eyJhbGciOiJIUzI1NiIsInR5cCI6IkpXVCJ9.eyJ1c2VyX2lkIjo0MCwiaWF0IjoxNzQyNjc3MjkzLCJleHAiOjE3NDMxMDkyOTMsImlzcyI6Im1peXFnZ3Vjbm1oaWp3bGJ3ZW9hbnVjcGx2eG1lemNxIiwic3ViIjoibWl5cWdndWNubWhpandsYndlb2FudWNwbHZ4bWV6Y3EiLCJqdGkiOiJ1c2VyLTQwIn0.gPYQZ8WLuMAS0zkbJ0nQ2do01DS3RT4p8aVy1itpV-w','web','123123','ACCESS','2025-03-25 18:39:10','2025-03-22 21:01:33','2025-03-25 18:39:10'),(388,40,'eyJhbGciOiJIUzI1NiIsInR5cCI6IkpXVCJ9.eyJ1c2VyX2lkIjo0MCwiaWF0IjoxNzQyNjc3Mjk0LCJleHAiOjE3NDMxMDkyOTQsImlzcyI6Im1peXFnZ3Vjbm1oaWp3bGJ3ZW9hbnVjcGx2eG1lemNxIiwic3ViIjoibWl5cWdndWNubWhpandsYndlb2FudWNwbHZ4bWV6Y3EiLCJqdGkiOiJ1c2VyLTQwIn0.EOWzL5F5BJifvGh1ZV1M7KKLe8Z_lSDaWlfTNmNouuM','web','fSKE7-yRsXobswO15sA7I3:APA91bFrqNqhHtWt7Xz99bKDAYK5Cd1SWudtk5Kn_oIoO46db3UQyu7zTZMpCrRQ1Hp4anpuvHQ0U0vrkXw0DrNhZBU0yS5wFDVqOXi77tU3pupw2YifLxY','ACCESS','2025-03-25 18:39:10','2025-03-22 21:01:34','2025-03-25 18:39:10'),(389,41,'eyJhbGciOiJIUzI1NiIsInR5cCI6IkpXVCJ9.eyJ1c2VyX2lkIjo0MSwiaWF0IjoxNzQyNzI5MTg2LCJleHAiOjE3NDMxNjExODYsImlzcyI6Im1peXFnZ3Vjbm1oaWp3bGJ3ZW9hbnVjcGx2eG1lemNxIiwic3ViIjoibWl5cWdndWNubWhpandsYndlb2FudWNwbHZ4bWV6Y3EiLCJqdGkiOiJ1c2VyLTQxIn0.Y7de2JgOfc0WbMdMvEEbYnON_06D-hPbxlHGuWqpN-g','web','123123','ACCESS','2025-03-28 18:45:26','2025-03-23 11:26:26','2025-03-28 18:45:26'),(390,41,'eyJhbGciOiJIUzI1NiIsInR5cCI6IkpXVCJ9.eyJ1c2VyX2lkIjo0MSwiaWF0IjoxNzQyNzI5MTkxLCJleHAiOjE3NDMxNjExOTEsImlzcyI6Im1peXFnZ3Vjbm1oaWp3bGJ3ZW9hbnVjcGx2eG1lemNxIiwic3ViIjoibWl5cWdndWNubWhpandsYndlb2FudWNwbHZ4bWV6Y3EiLCJqdGkiOiJ1c2VyLTQxIn0.KYCEmdvXx8FvEQ8DZiIAh7A1uHMDChFq9WIWWu-Wf_A','web','cX3zMPIR9gx43pm6sVS1zJ:APA91bGmSRR-OK8SYIu4MeqWBiGaHlo8T2Jf-IDXhUB-tnJIw-APcr37qb5ihyPTrV2DxGlGU9b-B7TQMIbx4zu0f0Ca3IZ6d_TdpM77apSbvsnPWhe6EQk','ACCESS','2025-03-28 18:45:26','2025-03-23 11:26:31','2025-03-28 18:45:26'),(391,41,'eyJhbGciOiJIUzI1NiIsInR5cCI6IkpXVCJ9.eyJ1c2VyX2lkIjo0MSwiaWF0IjoxNzQyNzMyNTk1LCJleHAiOjE3NDMxNjQ1OTUsImlzcyI6Im1peXFnZ3Vjbm1oaWp3bGJ3ZW9hbnVjcGx2eG1lemNxIiwic3ViIjoibWl5cWdndWNubWhpandsYndlb2FudWNwbHZ4bWV6Y3EiLCJqdGkiOiJ1c2VyLTQxIn0.n4UpQ3rhgwQjFMZU2iq-hY9-NABOrrTkDPTA1HWm-Yo','web','cX3zMPIR9gx43pm6sVS1zJ:APA91bGmSRR-OK8SYIu4MeqWBiGaHlo8T2Jf-IDXhUB-tnJIw-APcr37qb5ihyPTrV2DxGlGU9b-B7TQMIbx4zu0f0Ca3IZ6d_TdpM77apSbvsnPWhe6EQk','ACCESS','2025-03-28 18:45:26','2025-03-23 12:23:15','2025-03-28 18:45:26'),(392,41,'eyJhbGciOiJIUzI1NiIsInR5cCI6IkpXVCJ9.eyJ1c2VyX2lkIjo0MSwiaWF0IjoxNzQyNzMyNzc4LCJleHAiOjE3NDMxNjQ3NzgsImlzcyI6Im1peXFnZ3Vjbm1oaWp3bGJ3ZW9hbnVjcGx2eG1lemNxIiwic3ViIjoibWl5cWdndWNubWhpandsYndlb2FudWNwbHZ4bWV6Y3EiLCJqdGkiOiJ1c2VyLTQxIn0.JnkCwhoQfSqoCBoWQ9vL_w70bN5ZNQzmc-wrtoHa7bI','web','cX3zMPIR9gx43pm6sVS1zJ:APA91bGmSRR-OK8SYIu4MeqWBiGaHlo8T2Jf-IDXhUB-tnJIw-APcr37qb5ihyPTrV2DxGlGU9b-B7TQMIbx4zu0f0Ca3IZ6d_TdpM77apSbvsnPWhe6EQk','ACCESS','2025-03-28 18:45:26','2025-03-23 12:26:18','2025-03-28 18:45:26'),(393,41,'eyJhbGciOiJIUzI1NiIsInR5cCI6IkpXVCJ9.eyJ1c2VyX2lkIjo0MSwiaWF0IjoxNzQyNzMyODQxLCJleHAiOjE3NDMxNjQ4NDEsImlzcyI6Im1peXFnZ3Vjbm1oaWp3bGJ3ZW9hbnVjcGx2eG1lemNxIiwic3ViIjoibWl5cWdndWNubWhpandsYndlb2FudWNwbHZ4bWV6Y3EiLCJqdGkiOiJ1c2VyLTQxIn0.hYBNfd_Jjcy_PYozzCt56QqdKF1yXrC9M0B-NVzc-Jw','web','123123','ACCESS','2025-03-28 18:45:26','2025-03-23 12:27:21','2025-03-28 18:45:26'),(394,41,'eyJhbGciOiJIUzI1NiIsInR5cCI6IkpXVCJ9.eyJ1c2VyX2lkIjo0MSwiaWF0IjoxNzQyNzMyOTE2LCJleHAiOjE3NDMxNjQ5MTYsImlzcyI6Im1peXFnZ3Vjbm1oaWp3bGJ3ZW9hbnVjcGx2eG1lemNxIiwic3ViIjoibWl5cWdndWNubWhpandsYndlb2FudWNwbHZ4bWV6Y3EiLCJqdGkiOiJ1c2VyLTQxIn0.MrId30pQFI2-FrqQq35pr3SRbzlz9XAl8rx8Aq3btSg','web','123123','ACCESS','2025-03-28 18:45:26','2025-03-23 12:28:36','2025-03-28 18:45:26'),(395,41,'eyJhbGciOiJIUzI1NiIsInR5cCI6IkpXVCJ9.eyJ1c2VyX2lkIjo0MSwiaWF0IjoxNzQyNzMyOTM4LCJleHAiOjE3NDMxNjQ5MzgsImlzcyI6Im1peXFnZ3Vjbm1oaWp3bGJ3ZW9hbnVjcGx2eG1lemNxIiwic3ViIjoibWl5cWdndWNubWhpandsYndlb2FudWNwbHZ4bWV6Y3EiLCJqdGkiOiJ1c2VyLTQxIn0.yu_CJ6iMBSkgkpunqhzsIbnR_GJfVHFfeK7BcGGhzwQ','web','cX3zMPIR9gx43pm6sVS1zJ:APA91bGmSRR-OK8SYIu4MeqWBiGaHlo8T2Jf-IDXhUB-tnJIw-APcr37qb5ihyPTrV2DxGlGU9b-B7TQMIbx4zu0f0Ca3IZ6d_TdpM77apSbvsnPWhe6EQk','ACCESS','2025-03-28 18:45:26','2025-03-23 12:28:58','2025-03-28 18:45:26'),(396,41,'eyJhbGciOiJIUzI1NiIsInR5cCI6IkpXVCJ9.eyJ1c2VyX2lkIjo0MSwiaWF0IjoxNzQyODAzNDIzLCJleHAiOjE3NDMyMzU0MjMsImlzcyI6Im1peXFnZ3Vjbm1oaWp3bGJ3ZW9hbnVjcGx2eG1lemNxIiwic3ViIjoibWl5cWdndWNubWhpandsYndlb2FudWNwbHZ4bWV6Y3EiLCJqdGkiOiJ1c2VyLTQxIn0.bB4wMPr8ppQ1WUXXiFiwqB_YxHHo4JBmHrNSEycjsbA','web','c1BJaFaVqwF5us0t6tLSTB:APA91bEg37SGxzpCi2Z5i-i5pSrUO7fvrpL60dwMRnIClTIJonfso_k6eBYLC_TvwKb8SJIbcEGClWry2nnG81MKJhSzxOOAQlekXqjSFYJFGJEtQu4afFc','ACCESS','2025-03-28 18:45:26','2025-03-24 08:03:43','2025-03-28 18:45:26'),(397,7,'eyJhbGciOiJIUzI1NiIsInR5cCI6IkpXVCJ9.eyJ1c2VyX2lkIjo3LCJpYXQiOjE3NDI4MDY0NzksImV4cCI6MTc0MzIzODQ3OSwiaXNzIjoibWl5cWdndWNubWhpandsYndlb2FudWNwbHZ4bWV6Y3EiLCJzdWIiOiJtaXlxZ2d1Y25taGlqd2xid2VvYW51Y3BsdnhtZXpjcSIsImp0aSI6InVzZXItNyJ9.XaLbM2Kp7JGS3z67goF5Bt5rBlN5Ys42gVY6FE1ZizU','web',NULL,'ACCESS','2025-03-28 18:44:36','2025-03-24 08:54:39','2025-03-28 18:44:36'),(398,7,'eyJhbGciOiJIUzI1NiIsInR5cCI6IkpXVCJ9.eyJ1c2VyX2lkIjo3LCJpYXQiOjE3NDI4MDY1NjksImV4cCI6MTc0MzIzODU2OSwiaXNzIjoibWl5cWdndWNubWhpandsYndlb2FudWNwbHZ4bWV6Y3EiLCJzdWIiOiJtaXlxZ2d1Y25taGlqd2xid2VvYW51Y3BsdnhtZXpjcSIsImp0aSI6InVzZXItNyJ9.ZPBc3H6TgNFlaec2ABjQFln3pv2LDhtFOeSq7G-TJcM','web','d8x65mcXED3dQhFvIPd4MN:APA91bHIeaE85TdOzq83a9hNO9JmfuveA6rCC2ZocC7ai-R2O98DByV4PBa7SkWV8AbPc4LlW6mraAZGq5nUE30PEgkP9TwjjvXzRVpgjvis7jV3DPeFQxg','ACCESS','2025-03-28 18:44:36','2025-03-24 08:56:09','2025-03-28 18:44:36'),(399,7,'eyJhbGciOiJIUzI1NiIsInR5cCI6IkpXVCJ9.eyJ1c2VyX2lkIjo3LCJpYXQiOjE3NDI4MDY2MzAsImV4cCI6MTc0MzIzODYzMCwiaXNzIjoibWl5cWdndWNubWhpandsYndlb2FudWNwbHZ4bWV6Y3EiLCJzdWIiOiJtaXlxZ2d1Y25taGlqd2xid2VvYW51Y3BsdnhtZXpjcSIsImp0aSI6InVzZXItNyJ9.lVRilDHYhEmkaF5VZv8n5dHnOX9EA3ENbLp29W0lPZ0','web','123123','ACCESS','2025-03-28 18:44:36','2025-03-24 08:57:10','2025-03-28 18:44:36'),(400,7,'eyJhbGciOiJIUzI1NiIsInR5cCI6IkpXVCJ9.eyJ1c2VyX2lkIjo3LCJpYXQiOjE3NDI4MDY2MzIsImV4cCI6MTc0MzIzODYzMiwiaXNzIjoibWl5cWdndWNubWhpandsYndlb2FudWNwbHZ4bWV6Y3EiLCJzdWIiOiJtaXlxZ2d1Y25taGlqd2xid2VvYW51Y3BsdnhtZXpjcSIsImp0aSI6InVzZXItNyJ9.-3Lxdl9iv7VUFOBhTf_j-hp6qZkrqI-0Dg0XLBFMDm0','web','d8x65mcXED3dQhFvIPd4MN:APA91bHIeaE85TdOzq83a9hNO9JmfuveA6rCC2ZocC7ai-R2O98DByV4PBa7SkWV8AbPc4LlW6mraAZGq5nUE30PEgkP9TwjjvXzRVpgjvis7jV3DPeFQxg','ACCESS','2025-03-28 18:44:36','2025-03-24 08:57:12','2025-03-28 18:44:36'),(401,41,'eyJhbGciOiJIUzI1NiIsInR5cCI6IkpXVCJ9.eyJ1c2VyX2lkIjo0MSwiaWF0IjoxNzQyODA3MjA1LCJleHAiOjE3NDMyMzkyMDUsImlzcyI6Im1peXFnZ3Vjbm1oaWp3bGJ3ZW9hbnVjcGx2eG1lemNxIiwic3ViIjoibWl5cWdndWNubWhpandsYndlb2FudWNwbHZ4bWV6Y3EiLCJqdGkiOiJ1c2VyLTQxIn0.BRlcqK-Mt8F17xaMlfchETEXqU6MFSfSLrhjqSwpLNE','web','c1BJaFaVqwF5us0t6tLSTB:APA91bEg37SGxzpCi2Z5i-i5pSrUO7fvrpL60dwMRnIClTIJonfso_k6eBYLC_TvwKb8SJIbcEGClWry2nnG81MKJhSzxOOAQlekXqjSFYJFGJEtQu4afFc','ACCESS','2025-03-28 18:45:26','2025-03-24 09:06:45','2025-03-28 18:45:26'),(402,41,'eyJhbGciOiJIUzI1NiIsInR5cCI6IkpXVCJ9.eyJ1c2VyX2lkIjo0MSwiaWF0IjoxNzQyODA3MzIzLCJleHAiOjE3NDMyMzkzMjMsImlzcyI6Im1peXFnZ3Vjbm1oaWp3bGJ3ZW9hbnVjcGx2eG1lemNxIiwic3ViIjoibWl5cWdndWNubWhpandsYndlb2FudWNwbHZ4bWV6Y3EiLCJqdGkiOiJ1c2VyLTQxIn0.DIKP7ohWEas8d8CauriAoe9p_jLVokDFTPCae5FpEcA','web','c1BJaFaVqwF5us0t6tLSTB:APA91bEg37SGxzpCi2Z5i-i5pSrUO7fvrpL60dwMRnIClTIJonfso_k6eBYLC_TvwKb8SJIbcEGClWry2nnG81MKJhSzxOOAQlekXqjSFYJFGJEtQu4afFc','ACCESS','2025-03-28 18:45:26','2025-03-24 09:08:43','2025-03-28 18:45:26'),(403,41,'eyJhbGciOiJIUzI1NiIsInR5cCI6IkpXVCJ9.eyJ1c2VyX2lkIjo0MSwiaWF0IjoxNzQyODA3NDE0LCJleHAiOjE3NDMyMzk0MTQsImlzcyI6Im1peXFnZ3Vjbm1oaWp3bGJ3ZW9hbnVjcGx2eG1lemNxIiwic3ViIjoibWl5cWdndWNubWhpandsYndlb2FudWNwbHZ4bWV6Y3EiLCJqdGkiOiJ1c2VyLTQxIn0.zQp6QEHVRkvYT6coNf00x2byUK0t_Ghjgrnha4DIXRI','web','c1BJaFaVqwF5us0t6tLSTB:APA91bEg37SGxzpCi2Z5i-i5pSrUO7fvrpL60dwMRnIClTIJonfso_k6eBYLC_TvwKb8SJIbcEGClWry2nnG81MKJhSzxOOAQlekXqjSFYJFGJEtQu4afFc','ACCESS','2025-03-28 18:45:26','2025-03-24 09:10:14','2025-03-28 18:45:26'),(404,10,'eyJhbGciOiJIUzI1NiIsInR5cCI6IkpXVCJ9.eyJ1c2VyX2lkIjoxMCwiaWF0IjoxNzQyODMxNDQ2LCJleHAiOjE3NDMyNjM0NDYsImlzcyI6Im1peXFnZ3Vjbm1oaWp3bGJ3ZW9hbnVjcGx2eG1lemNxIiwic3ViIjoibWl5cWdndWNubWhpandsYndlb2FudWNwbHZ4bWV6Y3EiLCJqdGkiOiJ1c2VyLTEwIn0.Lh51ZcimISyhNZcuvfN1PfBgr8OzO6uvW0UXz4fMO0Y','web','ef0Ssj3er_m3bauj-Ogg5d:APA91bELO5xknSpQeJBxwyY4ZtLybuj51ehdmDr1kMLO7QGwrMjnSHeh-P9fTi_LGD09Y6uMrT-2hZ7Fg8H160a-UNWV3YPUsQwoNctODQcXrZsC_vASD1s','ACCESS','2025-03-27 20:00:13','2025-03-24 15:50:46','2025-03-27 20:00:13'),(405,7,'eyJhbGciOiJIUzI1NiIsInR5cCI6IkpXVCJ9.eyJ1c2VyX2lkIjo3LCJpYXQiOjE3NDI4OTMxODEsImV4cCI6MTc0MzMyNTE4MSwiaXNzIjoibWl5cWdndWNubWhpandsYndlb2FudWNwbHZ4bWV6Y3EiLCJzdWIiOiJtaXlxZ2d1Y25taGlqd2xid2VvYW51Y3BsdnhtZXpjcSIsImp0aSI6InVzZXItNyJ9.I_k-w2vn7Y_2YMkpv3GYmv1bs6cI7Nlhvp3KcAVwwxI','ios','qwerty','ACCESS','2025-03-28 18:44:36','2025-03-25 08:59:41','2025-03-28 18:44:36'),(406,7,'eyJhbGciOiJIUzI1NiIsInR5cCI6IkpXVCJ9.eyJ1c2VyX2lkIjo3LCJpYXQiOjE3NDI4OTQ4NzMsImV4cCI6MTc0MzMyNjg3MywiaXNzIjoibWl5cWdndWNubWhpandsYndlb2FudWNwbHZ4bWV6Y3EiLCJzdWIiOiJtaXlxZ2d1Y25taGlqd2xid2VvYW51Y3BsdnhtZXpjcSIsImp0aSI6InVzZXItNyJ9.cKYE2r_wQPF-vcA16wKHe4cyKGmBqBZYwOG0U8RzDPI','web','fy-lfHYN8u3aW8od7nmFg1:APA91bGiDuUgaoqfqV0lSI_DjACSSO7RDulzwzvM2lTi9s9y6xcT3sMQ67a55lai5CnB3Cvz2x7bFKjZ-EKFujGqJHvHMqtjLHrJd-J_Iq52KkFhadiMQ8E','ACCESS','2025-03-28 18:44:36','2025-03-25 09:27:53','2025-03-28 18:44:36'),(407,7,'eyJhbGciOiJIUzI1NiIsInR5cCI6IkpXVCJ9.eyJ1c2VyX2lkIjo3LCJpYXQiOjE3NDI4OTU5MTYsImV4cCI6MTc0MzMyNzkxNiwiaXNzIjoibWl5cWdndWNubWhpandsYndlb2FudWNwbHZ4bWV6Y3EiLCJzdWIiOiJtaXlxZ2d1Y25taGlqd2xid2VvYW51Y3BsdnhtZXpjcSIsImp0aSI6InVzZXItNyJ9.9hEN-S7iYwLcrBow2v42F8oP2e_tkCIyvIldpfOtaj4','ios','qwerty','ACCESS','2025-03-28 18:44:36','2025-03-25 09:45:16','2025-03-28 18:44:36'),(408,41,'eyJhbGciOiJIUzI1NiIsInR5cCI6IkpXVCJ9.eyJ1c2VyX2lkIjo0MSwiaWF0IjoxNzQyOTA4MTAxLCJleHAiOjE3NDMzNDAxMDEsImlzcyI6Im1peXFnZ3Vjbm1oaWp3bGJ3ZW9hbnVjcGx2eG1lemNxIiwic3ViIjoibWl5cWdndWNubWhpandsYndlb2FudWNwbHZ4bWV6Y3EiLCJqdGkiOiJ1c2VyLTQxIn0.mxs6qfePkZIIKjmXTjyJTYZp6aAgQ2UymAqDoEi7J_U','web','cN4t1ewE2p6yNyOMKoNyrS:APA91bEFgiFvtiZLDBDno2PQJkBe0uWnhYgk3kUhh0-56TNjQ8IdZEbCGllXZMNoF-hYqFUHM1lj8ffth-FMVKPTL3BWqdKpy-0xy7bgI0GiKsmW7tl-ZLE','ACCESS','2025-03-28 18:45:26','2025-03-25 13:08:21','2025-03-28 18:45:26'),(409,40,'eyJhbGciOiJIUzI1NiIsInR5cCI6IkpXVCJ9.eyJ1c2VyX2lkIjo0MCwiaWF0IjoxNzQyOTA4MTM2LCJleHAiOjE3NDMzNDAxMzYsImlzcyI6Im1peXFnZ3Vjbm1oaWp3bGJ3ZW9hbnVjcGx2eG1lemNxIiwic3ViIjoibWl5cWdndWNubWhpandsYndlb2FudWNwbHZ4bWV6Y3EiLCJqdGkiOiJ1c2VyLTQwIn0.j48mo6yeAJc6NKfamJiJ3cUCAkdg91f80sNSn2mPWOQ','web','eNxNmEz_QVE3W8Av8FrRhg:APA91bHGvLa8K6pBTQ_hP2RdyTr1Exw9vMrV8X51zn399OeAwKvKJFA90ZdwFaET3j_pRrJgshY5Uo_0EEhdx6ucviXbfqGIKy6egbA8KKbOyY324IO4OWU','ACCESS','2025-03-25 18:39:10','2025-03-25 13:08:56','2025-03-25 18:39:10'),(410,7,'eyJhbGciOiJIUzI1NiIsInR5cCI6IkpXVCJ9.eyJ1c2VyX2lkIjo3LCJpYXQiOjE3NDI5MTM2MzcsImV4cCI6MTc0MzM0NTYzNywiaXNzIjoibWl5cWdndWNubWhpandsYndlb2FudWNwbHZ4bWV6Y3EiLCJzdWIiOiJtaXlxZ2d1Y25taGlqd2xid2VvYW51Y3BsdnhtZXpjcSIsImp0aSI6InVzZXItNyJ9.uok1fa3-YTf8Aup_bqBBvrSgybrhXk6mlYbTM-FG0FA','web','eYj-rtzhvthIsdeh8L0-fO:APA91bEi8VIkEokVFmnUoItLMfZJP9dADO8ovzUtcuXLBSdPjoIrUOs7j9G0P0zHWvqV1hGsF1kAGF-R7fNTnP28XkjMGpYE6AWLUs_k1IlIxIczIKC1uuM','ACCESS','2025-03-28 18:44:36','2025-03-25 14:40:37','2025-03-28 18:44:36'),(411,40,'eyJhbGciOiJIUzI1NiIsInR5cCI6IkpXVCJ9.eyJ1c2VyX2lkIjo0MCwiaWF0IjoxNzQyOTI3NTkxLCJleHAiOjE3NDMzNTk1OTEsImlzcyI6Im1peXFnZ3Vjbm1oaWp3bGJ3ZW9hbnVjcGx2eG1lemNxIiwic3ViIjoibWl5cWdndWNubWhpandsYndlb2FudWNwbHZ4bWV6Y3EiLCJqdGkiOiJ1c2VyLTQwIn0.3g8J2fgvjqzZX3eGN5LdGVqROgdHwaKJSv_6KctaTlo','web','fSKE7-yRsXobswO15sA7I3:APA91bFrqNqhHtWt7Xz99bKDAYK5Cd1SWudtk5Kn_oIoO46db3UQyu7zTZMpCrRQ1Hp4anpuvHQ0U0vrkXw0DrNhZBU0yS5wFDVqOXi77tU3pupw2YifLxY','ACCESS','2025-03-25 18:39:10','2025-03-25 18:33:11','2025-03-25 18:39:10'),(412,7,'eyJhbGciOiJIUzI1NiIsInR5cCI6IkpXVCJ9.eyJ1c2VyX2lkIjo3LCJpYXQiOjE3NDI5Mjc5NzEsImV4cCI6MTc0MzM1OTk3MSwiaXNzIjoibWl5cWdndWNubWhpandsYndlb2FudWNwbHZ4bWV6Y3EiLCJzdWIiOiJtaXlxZ2d1Y25taGlqd2xid2VvYW51Y3BsdnhtZXpjcSIsImp0aSI6InVzZXItNyJ9.A54o7xDmbeh0PdaaOhWkydW2fCAqO-H3QQt7scFJuhs','web','fSKE7-yRsXobswO15sA7I3:APA91bFrqNqhHtWt7Xz99bKDAYK5Cd1SWudtk5Kn_oIoO46db3UQyu7zTZMpCrRQ1Hp4anpuvHQ0U0vrkXw0DrNhZBU0yS5wFDVqOXi77tU3pupw2YifLxY','ACCESS','2025-03-28 18:44:36','2025-03-25 18:39:31','2025-03-28 18:44:36'),(413,7,'eyJhbGciOiJIUzI1NiIsInR5cCI6IkpXVCJ9.eyJ1c2VyX2lkIjo3LCJpYXQiOjE3NDI5NzgyNTYsImV4cCI6MTc0MzQxMDI1NiwiaXNzIjoibWl5cWdndWNubWhpandsYndlb2FudWNwbHZ4bWV6Y3EiLCJzdWIiOiJtaXlxZ2d1Y25taGlqd2xid2VvYW51Y3BsdnhtZXpjcSIsImp0aSI6InVzZXItNyJ9.6UaEPUr1ERKvqzOmfFCMql76iI8APoQEY8vHBqp6e8c','web','c1BJaFaVqwF5us0t6tLSTB:APA91bEg37SGxzpCi2Z5i-i5pSrUO7fvrpL60dwMRnIClTIJonfso_k6eBYLC_TvwKb8SJIbcEGClWry2nnG81MKJhSzxOOAQlekXqjSFYJFGJEtQu4afFc','ACCESS','2025-03-28 18:44:36','2025-03-26 08:37:36','2025-03-28 18:44:36'),(414,7,'eyJhbGciOiJIUzI1NiIsInR5cCI6IkpXVCJ9.eyJ1c2VyX2lkIjo3LCJpYXQiOjE3NDI5ODY5NjYsImV4cCI6MTc0MzQxODk2NiwiaXNzIjoibWl5cWdndWNubWhpandsYndlb2FudWNwbHZ4bWV6Y3EiLCJzdWIiOiJtaXlxZ2d1Y25taGlqd2xid2VvYW51Y3BsdnhtZXpjcSIsImp0aSI6InVzZXItNyJ9.ASq4IagPDexsW1Hu7-qawUB2I3GoRNb-tWXPSMa6hzo','web','d8x65mcXED3dQhFvIPd4MN:APA91bHIeaE85TdOzq83a9hNO9JmfuveA6rCC2ZocC7ai-R2O98DByV4PBa7SkWV8AbPc4LlW6mraAZGq5nUE30PEgkP9TwjjvXzRVpgjvis7jV3DPeFQxg','ACCESS','2025-03-28 18:44:36','2025-03-26 11:02:46','2025-03-28 18:44:36'),(415,7,'eyJhbGciOiJIUzI1NiIsInR5cCI6IkpXVCJ9.eyJ1c2VyX2lkIjo3LCJpYXQiOjE3NDI5ODc0NTMsImV4cCI6MTc0MzQxOTQ1MywiaXNzIjoibWl5cWdndWNubWhpandsYndlb2FudWNwbHZ4bWV6Y3EiLCJzdWIiOiJtaXlxZ2d1Y25taGlqd2xid2VvYW51Y3BsdnhtZXpjcSIsImp0aSI6InVzZXItNyJ9.6FTu_kG6ldwplmo-Xry-W0_u0XprttZ89xUHD1ZiCps','web','fy-lfHYN8u3aW8od7nmFg1:APA91bGiDuUgaoqfqV0lSI_DjACSSO7RDulzwzvM2lTi9s9y6xcT3sMQ67a55lai5CnB3Cvz2x7bFKjZ-EKFujGqJHvHMqtjLHrJd-J_Iq52KkFhadiMQ8E','ACCESS','2025-03-28 18:44:36','2025-03-26 11:10:53','2025-03-28 18:44:36'),(416,7,'eyJhbGciOiJIUzI1NiIsInR5cCI6IkpXVCJ9.eyJ1c2VyX2lkIjo3LCJpYXQiOjE3NDI5ODc1MjUsImV4cCI6MTc0MzQxOTUyNSwiaXNzIjoibWl5cWdndWNubWhpandsYndlb2FudWNwbHZ4bWV6Y3EiLCJzdWIiOiJtaXlxZ2d1Y25taGlqd2xid2VvYW51Y3BsdnhtZXpjcSIsImp0aSI6InVzZXItNyJ9.sXz3I-FnLhlLTVRqtTXgBgFgVL6Po-UWtCeAEjnu9BQ','web','d8x65mcXED3dQhFvIPd4MN:APA91bHIeaE85TdOzq83a9hNO9JmfuveA6rCC2ZocC7ai-R2O98DByV4PBa7SkWV8AbPc4LlW6mraAZGq5nUE30PEgkP9TwjjvXzRVpgjvis7jV3DPeFQxg','ACCESS','2025-03-28 18:44:36','2025-03-26 11:12:05','2025-03-28 18:44:36'),(417,7,'eyJhbGciOiJIUzI1NiIsInR5cCI6IkpXVCJ9.eyJ1c2VyX2lkIjo3LCJpYXQiOjE3NDI5ODc4MjIsImV4cCI6MTc0MzQxOTgyMiwiaXNzIjoibWl5cWdndWNubWhpandsYndlb2FudWNwbHZ4bWV6Y3EiLCJzdWIiOiJtaXlxZ2d1Y25taGlqd2xid2VvYW51Y3BsdnhtZXpjcSIsImp0aSI6InVzZXItNyJ9.Mg4HYod6mFLaIGkFAjX9D1-Kd12BFJqUEghpdRv0nHo','web','123123','ACCESS','2025-03-28 18:44:36','2025-03-26 11:17:02','2025-03-28 18:44:36'),(418,7,'eyJhbGciOiJIUzI1NiIsInR5cCI6IkpXVCJ9.eyJ1c2VyX2lkIjo3LCJpYXQiOjE3NDI5ODc4NDgsImV4cCI6MTc0MzQxOTg0OCwiaXNzIjoibWl5cWdndWNubWhpandsYndlb2FudWNwbHZ4bWV6Y3EiLCJzdWIiOiJtaXlxZ2d1Y25taGlqd2xid2VvYW51Y3BsdnhtZXpjcSIsImp0aSI6InVzZXItNyJ9.10UA6lBZFUCk0gzq8rMIf2ifGl0lkyvVvUUYLg1id3s','web','d8x65mcXED3dQhFvIPd4MN:APA91bHIeaE85TdOzq83a9hNO9JmfuveA6rCC2ZocC7ai-R2O98DByV4PBa7SkWV8AbPc4LlW6mraAZGq5nUE30PEgkP9TwjjvXzRVpgjvis7jV3DPeFQxg','ACCESS','2025-03-28 18:44:36','2025-03-26 11:17:28','2025-03-28 18:44:36'),(419,7,'eyJhbGciOiJIUzI1NiIsInR5cCI6IkpXVCJ9.eyJ1c2VyX2lkIjo3LCJpYXQiOjE3NDI5ODg3MzgsImV4cCI6MTc0MzQyMDczOCwiaXNzIjoibWl5cWdndWNubWhpandsYndlb2FudWNwbHZ4bWV6Y3EiLCJzdWIiOiJtaXlxZ2d1Y25taGlqd2xid2VvYW51Y3BsdnhtZXpjcSIsImp0aSI6InVzZXItNyJ9.bVzWUnMWLxvDXDNc_XdByKKvTSOyPN0BWcveufP2LhI','web',NULL,'ACCESS','2025-03-28 18:44:36','2025-03-26 11:32:18','2025-03-28 18:44:36'),(420,7,'eyJhbGciOiJIUzI1NiIsInR5cCI6IkpXVCJ9.eyJ1c2VyX2lkIjo3LCJpYXQiOjE3NDI5ODg4MTMsImV4cCI6MTc0MzQyMDgxMywiaXNzIjoibWl5cWdndWNubWhpandsYndlb2FudWNwbHZ4bWV6Y3EiLCJzdWIiOiJtaXlxZ2d1Y25taGlqd2xid2VvYW51Y3BsdnhtZXpjcSIsImp0aSI6InVzZXItNyJ9.dXfbzVPfS88R5i6oZtGeAGrfVijj9zpQAtPABHBeqEs','web','123123','ACCESS','2025-03-28 18:44:36','2025-03-26 11:33:33','2025-03-28 18:44:36'),(421,7,'eyJhbGciOiJIUzI1NiIsInR5cCI6IkpXVCJ9.eyJ1c2VyX2lkIjo3LCJpYXQiOjE3NDI5ODg4NjUsImV4cCI6MTc0MzQyMDg2NSwiaXNzIjoibWl5cWdndWNubWhpandsYndlb2FudWNwbHZ4bWV6Y3EiLCJzdWIiOiJtaXlxZ2d1Y25taGlqd2xid2VvYW51Y3BsdnhtZXpjcSIsImp0aSI6InVzZXItNyJ9.6zE-gsA-Zwp0v7fivah6XO_GK6e-URD73mnuf4ZBaQQ','web',NULL,'ACCESS','2025-03-28 18:44:36','2025-03-26 11:34:25','2025-03-28 18:44:36'),(422,7,'eyJhbGciOiJIUzI1NiIsInR5cCI6IkpXVCJ9.eyJ1c2VyX2lkIjo3LCJpYXQiOjE3NDI5ODkwOTYsImV4cCI6MTc0MzQyMTA5NiwiaXNzIjoibWl5cWdndWNubWhpandsYndlb2FudWNwbHZ4bWV6Y3EiLCJzdWIiOiJtaXlxZ2d1Y25taGlqd2xid2VvYW51Y3BsdnhtZXpjcSIsImp0aSI6InVzZXItNyJ9.56dPBTaO48FdBjTAaevXpRACj0hxokfrke4nGfaN_wM','web','123123','ACCESS','2025-03-28 18:44:36','2025-03-26 11:38:16','2025-03-28 18:44:36'),(423,7,'eyJhbGciOiJIUzI1NiIsInR5cCI6IkpXVCJ9.eyJ1c2VyX2lkIjo3LCJpYXQiOjE3NDI5OTAxNDMsImV4cCI6MTc0MzQyMjE0MywiaXNzIjoibWl5cWdndWNubWhpandsYndlb2FudWNwbHZ4bWV6Y3EiLCJzdWIiOiJtaXlxZ2d1Y25taGlqd2xid2VvYW51Y3BsdnhtZXpjcSIsImp0aSI6InVzZXItNyJ9.BEZ22Lyd9EzFUMiKesbJ_kcXFzkDB35X7ybdYLbNjcU','web','d8x65mcXED3dQhFvIPd4MN:APA91bHIeaE85TdOzq83a9hNO9JmfuveA6rCC2ZocC7ai-R2O98DByV4PBa7SkWV8AbPc4LlW6mraAZGq5nUE30PEgkP9TwjjvXzRVpgjvis7jV3DPeFQxg','ACCESS','2025-03-28 18:44:36','2025-03-26 11:55:43','2025-03-28 18:44:36'),(424,7,'eyJhbGciOiJIUzI1NiIsInR5cCI6IkpXVCJ9.eyJ1c2VyX2lkIjo3LCJpYXQiOjE3NDI5OTIwMDEsImV4cCI6MTc0MzQyNDAwMSwiaXNzIjoibWl5cWdndWNubWhpandsYndlb2FudWNwbHZ4bWV6Y3EiLCJzdWIiOiJtaXlxZ2d1Y25taGlqd2xid2VvYW51Y3BsdnhtZXpjcSIsImp0aSI6InVzZXItNyJ9.xymFKWZdjkaS5sKG7LNtf6LO_5gzWwB5EbgHMs5YhDE','web','d5vmZFSEd9L7DNjk-6woYy:APA91bEje1TccgD8AzJS2ufBHoM5Huw8OK2Rb_4U5352r8YtaPbSlAIqsSnRVh8ZrMfx4NUupBG64wwZ2g9IMbM-t0sXdSxxJy5BVbATh7jAjMz5IvvsvDE','ACCESS','2025-03-28 18:44:36','2025-03-26 12:26:41','2025-03-28 18:44:36'),(425,7,'eyJhbGciOiJIUzI1NiIsInR5cCI6IkpXVCJ9.eyJ1c2VyX2lkIjo3LCJpYXQiOjE3NDI5OTI5MDksImV4cCI6MTc0MzQyNDkwOSwiaXNzIjoibWl5cWdndWNubWhpandsYndlb2FudWNwbHZ4bWV6Y3EiLCJzdWIiOiJtaXlxZ2d1Y25taGlqd2xid2VvYW51Y3BsdnhtZXpjcSIsImp0aSI6InVzZXItNyJ9.weOOY2OJlId8J-SMfq1U0jFx7bv47sQQj1YpgW4_qj4','web','fy-lfHYN8u3aW8od7nmFg1:APA91bGiDuUgaoqfqV0lSI_DjACSSO7RDulzwzvM2lTi9s9y6xcT3sMQ67a55lai5CnB3Cvz2x7bFKjZ-EKFujGqJHvHMqtjLHrJd-J_Iq52KkFhadiMQ8E','ACCESS','2025-03-28 18:44:36','2025-03-26 12:41:49','2025-03-28 18:44:36'),(426,7,'eyJhbGciOiJIUzI1NiIsInR5cCI6IkpXVCJ9.eyJ1c2VyX2lkIjo3LCJpYXQiOjE3NDI5OTM2NzMsImV4cCI6MTc0MzQyNTY3MywiaXNzIjoibWl5cWdndWNubWhpandsYndlb2FudWNwbHZ4bWV6Y3EiLCJzdWIiOiJtaXlxZ2d1Y25taGlqd2xid2VvYW51Y3BsdnhtZXpjcSIsImp0aSI6InVzZXItNyJ9.IA09jGd0alrCpohfZUwoSvNX7_EJlpk6OqkDc2LG7FU','web','123123','ACCESS','2025-03-28 18:44:36','2025-03-26 12:54:33','2025-03-28 18:44:36'),(427,7,'eyJhbGciOiJIUzI1NiIsInR5cCI6IkpXVCJ9.eyJ1c2VyX2lkIjo3LCJpYXQiOjE3NDI5OTM3MTAsImV4cCI6MTc0MzQyNTcxMCwiaXNzIjoibWl5cWdndWNubWhpandsYndlb2FudWNwbHZ4bWV6Y3EiLCJzdWIiOiJtaXlxZ2d1Y25taGlqd2xid2VvYW51Y3BsdnhtZXpjcSIsImp0aSI6InVzZXItNyJ9.huxTXxDZSoMTJSU3cQL8F2Z-4YVGA3Nd5x1lOBPAfhc','web',NULL,'ACCESS','2025-03-28 18:44:36','2025-03-26 12:55:10','2025-03-28 18:44:36'),(428,7,'eyJhbGciOiJIUzI1NiIsInR5cCI6IkpXVCJ9.eyJ1c2VyX2lkIjo3LCJpYXQiOjE3NDI5OTQyNzIsImV4cCI6MTc0MzQyNjI3MiwiaXNzIjoibWl5cWdndWNubWhpandsYndlb2FudWNwbHZ4bWV6Y3EiLCJzdWIiOiJtaXlxZ2d1Y25taGlqd2xid2VvYW51Y3BsdnhtZXpjcSIsImp0aSI6InVzZXItNyJ9.J0REfojqtRk7DkIfOvN-8Jla5OWFnYeKHZR6F9QWry0','web','d8x65mcXED3dQhFvIPd4MN:APA91bHIeaE85TdOzq83a9hNO9JmfuveA6rCC2ZocC7ai-R2O98DByV4PBa7SkWV8AbPc4LlW6mraAZGq5nUE30PEgkP9TwjjvXzRVpgjvis7jV3DPeFQxg','ACCESS','2025-03-28 18:44:36','2025-03-26 13:04:32','2025-03-28 18:44:36'),(429,7,'eyJhbGciOiJIUzI1NiIsInR5cCI6IkpXVCJ9.eyJ1c2VyX2lkIjo3LCJpYXQiOjE3NDI5OTQzNDQsImV4cCI6MTc0MzQyNjM0NCwiaXNzIjoibWl5cWdndWNubWhpandsYndlb2FudWNwbHZ4bWV6Y3EiLCJzdWIiOiJtaXlxZ2d1Y25taGlqd2xid2VvYW51Y3BsdnhtZXpjcSIsImp0aSI6InVzZXItNyJ9.TTqIUQqqzdZV0SYU8IAHMRGU32FRNLC1O5dTCO0kXeA','web','123123','ACCESS','2025-03-28 18:44:36','2025-03-26 13:05:44','2025-03-28 18:44:36'),(430,7,'eyJhbGciOiJIUzI1NiIsInR5cCI6IkpXVCJ9.eyJ1c2VyX2lkIjo3LCJpYXQiOjE3NDI5OTQzNDksImV4cCI6MTc0MzQyNjM0OSwiaXNzIjoibWl5cWdndWNubWhpandsYndlb2FudWNwbHZ4bWV6Y3EiLCJzdWIiOiJtaXlxZ2d1Y25taGlqd2xid2VvYW51Y3BsdnhtZXpjcSIsImp0aSI6InVzZXItNyJ9.WV1WRYIrqR4aRprH9LlDM3Memb4jJlbTOlKjz9yjB5Y','web','123123','ACCESS','2025-03-28 18:44:36','2025-03-26 13:05:49','2025-03-28 18:44:36'),(431,7,'eyJhbGciOiJIUzI1NiIsInR5cCI6IkpXVCJ9.eyJ1c2VyX2lkIjo3LCJpYXQiOjE3NDI5OTQzNjcsImV4cCI6MTc0MzQyNjM2NywiaXNzIjoibWl5cWdndWNubWhpandsYndlb2FudWNwbHZ4bWV6Y3EiLCJzdWIiOiJtaXlxZ2d1Y25taGlqd2xid2VvYW51Y3BsdnhtZXpjcSIsImp0aSI6InVzZXItNyJ9.JXnQ3fjmlILMsMo9c_1mTXRrtfrrCXnHrLN4nd9da6k','web','123123','ACCESS','2025-03-28 18:44:36','2025-03-26 13:06:07','2025-03-28 18:44:36'),(432,7,'eyJhbGciOiJIUzI1NiIsInR5cCI6IkpXVCJ9.eyJ1c2VyX2lkIjo3LCJpYXQiOjE3NDI5OTQzNzIsImV4cCI6MTc0MzQyNjM3MiwiaXNzIjoibWl5cWdndWNubWhpandsYndlb2FudWNwbHZ4bWV6Y3EiLCJzdWIiOiJtaXlxZ2d1Y25taGlqd2xid2VvYW51Y3BsdnhtZXpjcSIsImp0aSI6InVzZXItNyJ9.vA8l4GBJYL4tTiw5nnB3DtLjjpIStxqKKnwxtoZNurM','web','d8x65mcXED3dQhFvIPd4MN:APA91bHIeaE85TdOzq83a9hNO9JmfuveA6rCC2ZocC7ai-R2O98DByV4PBa7SkWV8AbPc4LlW6mraAZGq5nUE30PEgkP9TwjjvXzRVpgjvis7jV3DPeFQxg','ACCESS','2025-03-28 18:44:36','2025-03-26 13:06:12','2025-03-28 18:44:36'),(433,7,'eyJhbGciOiJIUzI1NiIsInR5cCI6IkpXVCJ9.eyJ1c2VyX2lkIjo3LCJpYXQiOjE3NDI5OTQ3ODUsImV4cCI6MTc0MzQyNjc4NSwiaXNzIjoibWl5cWdndWNubWhpandsYndlb2FudWNwbHZ4bWV6Y3EiLCJzdWIiOiJtaXlxZ2d1Y25taGlqd2xid2VvYW51Y3BsdnhtZXpjcSIsImp0aSI6InVzZXItNyJ9.O8rioEHXpzC0EvzBG1FgvelD1bgF4xz0_Fma3G_TrMI','web','123123','ACCESS','2025-03-28 18:44:36','2025-03-26 13:13:05','2025-03-28 18:44:36'),(434,7,'eyJhbGciOiJIUzI1NiIsInR5cCI6IkpXVCJ9.eyJ1c2VyX2lkIjo3LCJpYXQiOjE3NDI5OTQ3OTQsImV4cCI6MTc0MzQyNjc5NCwiaXNzIjoibWl5cWdndWNubWhpandsYndlb2FudWNwbHZ4bWV6Y3EiLCJzdWIiOiJtaXlxZ2d1Y25taGlqd2xid2VvYW51Y3BsdnhtZXpjcSIsImp0aSI6InVzZXItNyJ9.PO8hjoCu0hdTbrm3dP8aiZ_o93ntqytvGZZZvQ9euaU','web','123123','ACCESS','2025-03-28 18:44:36','2025-03-26 13:13:14','2025-03-28 18:44:36'),(435,7,'eyJhbGciOiJIUzI1NiIsInR5cCI6IkpXVCJ9.eyJ1c2VyX2lkIjo3LCJpYXQiOjE3NDI5OTQ4MDAsImV4cCI6MTc0MzQyNjgwMCwiaXNzIjoibWl5cWdndWNubWhpandsYndlb2FudWNwbHZ4bWV6Y3EiLCJzdWIiOiJtaXlxZ2d1Y25taGlqd2xid2VvYW51Y3BsdnhtZXpjcSIsImp0aSI6InVzZXItNyJ9.--a1kS99XcZBOVEKc7TWfqoaVg3XCkWrWNS8A7vpB_k','web','123123','ACCESS','2025-03-28 18:44:36','2025-03-26 13:13:20','2025-03-28 18:44:36'),(436,7,'eyJhbGciOiJIUzI1NiIsInR5cCI6IkpXVCJ9.eyJ1c2VyX2lkIjo3LCJpYXQiOjE3NDI5OTQ4MDksImV4cCI6MTc0MzQyNjgwOSwiaXNzIjoibWl5cWdndWNubWhpandsYndlb2FudWNwbHZ4bWV6Y3EiLCJzdWIiOiJtaXlxZ2d1Y25taGlqd2xid2VvYW51Y3BsdnhtZXpjcSIsImp0aSI6InVzZXItNyJ9.mAXRuk6Qu7rHsOqFmqj8RVZTwGo8s-o_t1rExVccZiU','web','d8x65mcXED3dQhFvIPd4MN:APA91bHIeaE85TdOzq83a9hNO9JmfuveA6rCC2ZocC7ai-R2O98DByV4PBa7SkWV8AbPc4LlW6mraAZGq5nUE30PEgkP9TwjjvXzRVpgjvis7jV3DPeFQxg','ACCESS','2025-03-28 18:44:36','2025-03-26 13:13:29','2025-03-28 18:44:36'),(437,7,'eyJhbGciOiJIUzI1NiIsInR5cCI6IkpXVCJ9.eyJ1c2VyX2lkIjo3LCJpYXQiOjE3NDI5OTQ4NTYsImV4cCI6MTc0MzQyNjg1NiwiaXNzIjoibWl5cWdndWNubWhpandsYndlb2FudWNwbHZ4bWV6Y3EiLCJzdWIiOiJtaXlxZ2d1Y25taGlqd2xid2VvYW51Y3BsdnhtZXpjcSIsImp0aSI6InVzZXItNyJ9.T0SbPboHfonkHpNqfRpKlCDEjkf_AWTMHwnPoA1MkTk','web','123123','ACCESS','2025-03-28 18:44:36','2025-03-26 13:14:16','2025-03-28 18:44:36'),(438,7,'eyJhbGciOiJIUzI1NiIsInR5cCI6IkpXVCJ9.eyJ1c2VyX2lkIjo3LCJpYXQiOjE3NDI5OTQ4NjEsImV4cCI6MTc0MzQyNjg2MSwiaXNzIjoibWl5cWdndWNubWhpandsYndlb2FudWNwbHZ4bWV6Y3EiLCJzdWIiOiJtaXlxZ2d1Y25taGlqd2xid2VvYW51Y3BsdnhtZXpjcSIsImp0aSI6InVzZXItNyJ9.3kcj87GH56XG2Ag0Rci-XhJCLx-zyCfvD_NByOzifzw','web','d8x65mcXED3dQhFvIPd4MN:APA91bHIeaE85TdOzq83a9hNO9JmfuveA6rCC2ZocC7ai-R2O98DByV4PBa7SkWV8AbPc4LlW6mraAZGq5nUE30PEgkP9TwjjvXzRVpgjvis7jV3DPeFQxg','ACCESS','2025-03-28 18:44:36','2025-03-26 13:14:21','2025-03-28 18:44:36'),(439,7,'eyJhbGciOiJIUzI1NiIsInR5cCI6IkpXVCJ9.eyJ1c2VyX2lkIjo3LCJpYXQiOjE3NDI5OTQ4NzYsImV4cCI6MTc0MzQyNjg3NiwiaXNzIjoibWl5cWdndWNubWhpandsYndlb2FudWNwbHZ4bWV6Y3EiLCJzdWIiOiJtaXlxZ2d1Y25taGlqd2xid2VvYW51Y3BsdnhtZXpjcSIsImp0aSI6InVzZXItNyJ9.ovgkmeQ4KkCPbKvduM0JAhF3RPsG1TqFx1diYVWVxow','web','123123','ACCESS','2025-03-28 18:44:36','2025-03-26 13:14:36','2025-03-28 18:44:36'),(440,7,'eyJhbGciOiJIUzI1NiIsInR5cCI6IkpXVCJ9.eyJ1c2VyX2lkIjo3LCJpYXQiOjE3NDI5OTQ4ODYsImV4cCI6MTc0MzQyNjg4NiwiaXNzIjoibWl5cWdndWNubWhpandsYndlb2FudWNwbHZ4bWV6Y3EiLCJzdWIiOiJtaXlxZ2d1Y25taGlqd2xid2VvYW51Y3BsdnhtZXpjcSIsImp0aSI6InVzZXItNyJ9.V6dZmksyxwJMt9CkXVMnXtjKpGSVAeHvWZEYSDIEQYk','web','123123','ACCESS','2025-03-28 18:44:36','2025-03-26 13:14:46','2025-03-28 18:44:36'),(441,7,'eyJhbGciOiJIUzI1NiIsInR5cCI6IkpXVCJ9.eyJ1c2VyX2lkIjo3LCJpYXQiOjE3NDI5OTQ4OTAsImV4cCI6MTc0MzQyNjg5MCwiaXNzIjoibWl5cWdndWNubWhpandsYndlb2FudWNwbHZ4bWV6Y3EiLCJzdWIiOiJtaXlxZ2d1Y25taGlqd2xid2VvYW51Y3BsdnhtZXpjcSIsImp0aSI6InVzZXItNyJ9.b__kU4vXo6O1rm0d6tqSVQ-7SO5ObVSHJfhNBplMcWw','web','d8x65mcXED3dQhFvIPd4MN:APA91bHIeaE85TdOzq83a9hNO9JmfuveA6rCC2ZocC7ai-R2O98DByV4PBa7SkWV8AbPc4LlW6mraAZGq5nUE30PEgkP9TwjjvXzRVpgjvis7jV3DPeFQxg','ACCESS','2025-03-28 18:44:36','2025-03-26 13:14:50','2025-03-28 18:44:36'),(442,7,'eyJhbGciOiJIUzI1NiIsInR5cCI6IkpXVCJ9.eyJ1c2VyX2lkIjo3LCJpYXQiOjE3NDI5OTUxMDUsImV4cCI6MTc0MzQyNzEwNSwiaXNzIjoibWl5cWdndWNubWhpandsYndlb2FudWNwbHZ4bWV6Y3EiLCJzdWIiOiJtaXlxZ2d1Y25taGlqd2xid2VvYW51Y3BsdnhtZXpjcSIsImp0aSI6InVzZXItNyJ9.KPtDvihGvEOwBSYdY9ytmNbBjBWCea-EKs7UiIbly6g','web','fy-lfHYN8u3aW8od7nmFg1:APA91bGiDuUgaoqfqV0lSI_DjACSSO7RDulzwzvM2lTi9s9y6xcT3sMQ67a55lai5CnB3Cvz2x7bFKjZ-EKFujGqJHvHMqtjLHrJd-J_Iq52KkFhadiMQ8E','ACCESS','2025-03-28 18:44:36','2025-03-26 13:18:25','2025-03-28 18:44:36'),(443,7,'eyJhbGciOiJIUzI1NiIsInR5cCI6IkpXVCJ9.eyJ1c2VyX2lkIjo3LCJpYXQiOjE3NDI5OTUxNDIsImV4cCI6MTc0MzQyNzE0MiwiaXNzIjoibWl5cWdndWNubWhpandsYndlb2FudWNwbHZ4bWV6Y3EiLCJzdWIiOiJtaXlxZ2d1Y25taGlqd2xid2VvYW51Y3BsdnhtZXpjcSIsImp0aSI6InVzZXItNyJ9.L_uwRKX_vQiqgf2Vrsn7ch-M5wY9Azvp2QlRmZWfU0I','web','123123','ACCESS','2025-03-28 18:44:36','2025-03-26 13:19:02','2025-03-28 18:44:36'),(444,7,'eyJhbGciOiJIUzI1NiIsInR5cCI6IkpXVCJ9.eyJ1c2VyX2lkIjo3LCJpYXQiOjE3NDI5OTUxNDcsImV4cCI6MTc0MzQyNzE0NywiaXNzIjoibWl5cWdndWNubWhpandsYndlb2FudWNwbHZ4bWV6Y3EiLCJzdWIiOiJtaXlxZ2d1Y25taGlqd2xid2VvYW51Y3BsdnhtZXpjcSIsImp0aSI6InVzZXItNyJ9.zcMdm7tE-k_6eAYTnH8F_iZEV-cYJhdPQDqKMqvmhLA','web','123123','ACCESS','2025-03-28 18:44:36','2025-03-26 13:19:07','2025-03-28 18:44:36'),(445,7,'eyJhbGciOiJIUzI1NiIsInR5cCI6IkpXVCJ9.eyJ1c2VyX2lkIjo3LCJpYXQiOjE3NDI5OTUxNTQsImV4cCI6MTc0MzQyNzE1NCwiaXNzIjoibWl5cWdndWNubWhpandsYndlb2FudWNwbHZ4bWV6Y3EiLCJzdWIiOiJtaXlxZ2d1Y25taGlqd2xid2VvYW51Y3BsdnhtZXpjcSIsImp0aSI6InVzZXItNyJ9.nJjdHnCQNec2Xf16q8EHGTCk16AVVGMsu6KgiY_cxsE','web','123123','ACCESS','2025-03-28 18:44:36','2025-03-26 13:19:14','2025-03-28 18:44:36'),(446,7,'eyJhbGciOiJIUzI1NiIsInR5cCI6IkpXVCJ9.eyJ1c2VyX2lkIjo3LCJpYXQiOjE3NDI5OTUxNTcsImV4cCI6MTc0MzQyNzE1NywiaXNzIjoibWl5cWdndWNubWhpandsYndlb2FudWNwbHZ4bWV6Y3EiLCJzdWIiOiJtaXlxZ2d1Y25taGlqd2xid2VvYW51Y3BsdnhtZXpjcSIsImp0aSI6InVzZXItNyJ9.-Z84bDVBj3WHZvhzHtH_4oszXw5VOe0gYZFwztVCXaY','web','123123','ACCESS','2025-03-28 18:44:36','2025-03-26 13:19:17','2025-03-28 18:44:36'),(447,7,'eyJhbGciOiJIUzI1NiIsInR5cCI6IkpXVCJ9.eyJ1c2VyX2lkIjo3LCJpYXQiOjE3NDMwNTU3NDcsImV4cCI6MTc0MzQ4Nzc0NywiaXNzIjoibWl5cWdndWNubWhpandsYndlb2FudWNwbHZ4bWV6Y3EiLCJzdWIiOiJtaXlxZ2d1Y25taGlqd2xid2VvYW51Y3BsdnhtZXpjcSIsImp0aSI6InVzZXItNyJ9.txTTx_ONRfR_0gASfKAP3DpLwOpvLDesTWb20ba1ksw','ios','qwerty','ACCESS','2025-03-28 18:44:36','2025-03-27 06:09:07','2025-03-28 18:44:36'),(448,7,'eyJhbGciOiJIUzI1NiIsInR5cCI6IkpXVCJ9.eyJ1c2VyX2lkIjo3LCJpYXQiOjE3NDMwNjU3MTAsImV4cCI6MTc0MzQ5NzcxMCwiaXNzIjoibWl5cWdndWNubWhpandsYndlb2FudWNwbHZ4bWV6Y3EiLCJzdWIiOiJtaXlxZ2d1Y25taGlqd2xid2VvYW51Y3BsdnhtZXpjcSIsImp0aSI6InVzZXItNyJ9.hesUrPyytJ_azZWbvYT0UCSnp5juF13MrpM2BS3pFx4','web','fy-lfHYN8u3aW8od7nmFg1:APA91bGiDuUgaoqfqV0lSI_DjACSSO7RDulzwzvM2lTi9s9y6xcT3sMQ67a55lai5CnB3Cvz2x7bFKjZ-EKFujGqJHvHMqtjLHrJd-J_Iq52KkFhadiMQ8E','ACCESS','2025-03-28 18:44:36','2025-03-27 08:55:10','2025-03-28 18:44:36'),(449,7,'eyJhbGciOiJIUzI1NiIsInR5cCI6IkpXVCJ9.eyJ1c2VyX2lkIjo3LCJpYXQiOjE3NDMwNjU3MzAsImV4cCI6MTc0MzQ5NzczMCwiaXNzIjoibWl5cWdndWNubWhpandsYndlb2FudWNwbHZ4bWV6Y3EiLCJzdWIiOiJtaXlxZ2d1Y25taGlqd2xid2VvYW51Y3BsdnhtZXpjcSIsImp0aSI6InVzZXItNyJ9.mWa3pXOmmshlHoRcqzAgCRxCjSEGt8AU1_Cv8WjdE5k','web','123123','ACCESS','2025-03-28 18:44:36','2025-03-27 08:55:30','2025-03-28 18:44:36'),(450,7,'eyJhbGciOiJIUzI1NiIsInR5cCI6IkpXVCJ9.eyJ1c2VyX2lkIjo3LCJpYXQiOjE3NDMwNjU3MzgsImV4cCI6MTc0MzQ5NzczOCwiaXNzIjoibWl5cWdndWNubWhpandsYndlb2FudWNwbHZ4bWV6Y3EiLCJzdWIiOiJtaXlxZ2d1Y25taGlqd2xid2VvYW51Y3BsdnhtZXpjcSIsImp0aSI6InVzZXItNyJ9.s1zyzNoPfH1HsnVhZYh7ecYCDqoAaOlYK0KS_RCHIJQ','web','fy-lfHYN8u3aW8od7nmFg1:APA91bGiDuUgaoqfqV0lSI_DjACSSO7RDulzwzvM2lTi9s9y6xcT3sMQ67a55lai5CnB3Cvz2x7bFKjZ-EKFujGqJHvHMqtjLHrJd-J_Iq52KkFhadiMQ8E','ACCESS','2025-03-28 18:44:36','2025-03-27 08:55:38','2025-03-28 18:44:36'),(451,7,'eyJhbGciOiJIUzI1NiIsInR5cCI6IkpXVCJ9.eyJ1c2VyX2lkIjo3LCJpYXQiOjE3NDMwNjc1NjksImV4cCI6MTc0MzQ5OTU2OSwiaXNzIjoibWl5cWdndWNubWhpandsYndlb2FudWNwbHZ4bWV6Y3EiLCJzdWIiOiJtaXlxZ2d1Y25taGlqd2xid2VvYW51Y3BsdnhtZXpjcSIsImp0aSI6InVzZXItNyJ9.KCwGRp_T6Y3rbYLKtVvHZdIYcSJKndW0tqDVmITIWmI','web','c1BJaFaVqwF5us0t6tLSTB:APA91bEg37SGxzpCi2Z5i-i5pSrUO7fvrpL60dwMRnIClTIJonfso_k6eBYLC_TvwKb8SJIbcEGClWry2nnG81MKJhSzxOOAQlekXqjSFYJFGJEtQu4afFc','ACCESS','2025-03-28 18:44:36','2025-03-27 09:26:09','2025-03-28 18:44:36'),(452,7,'eyJhbGciOiJIUzI1NiIsInR5cCI6IkpXVCJ9.eyJ1c2VyX2lkIjo3LCJpYXQiOjE3NDMwNzIyMTMsImV4cCI6MTc0MzUwNDIxMywiaXNzIjoibWl5cWdndWNubWhpandsYndlb2FudWNwbHZ4bWV6Y3EiLCJzdWIiOiJtaXlxZ2d1Y25taGlqd2xid2VvYW51Y3BsdnhtZXpjcSIsImp0aSI6InVzZXItNyJ9.3qr8jsSA-1p0B1rvh0WdX_Eacna8UgWDB2b4Nuz_WPs','ios','qwerty','ACCESS','2025-03-28 18:44:36','2025-03-27 10:43:33','2025-03-28 18:44:36'),(453,7,'eyJhbGciOiJIUzI1NiIsInR5cCI6IkpXVCJ9.eyJ1c2VyX2lkIjo3LCJpYXQiOjE3NDMwNzQxNzEsImV4cCI6MTc0MzUwNjE3MSwiaXNzIjoibWl5cWdndWNubWhpandsYndlb2FudWNwbHZ4bWV6Y3EiLCJzdWIiOiJtaXlxZ2d1Y25taGlqd2xid2VvYW51Y3BsdnhtZXpjcSIsImp0aSI6InVzZXItNyJ9.NUtxnSX1c89C0KbAe79BqhLkTxL7hGRKrZRWaL0Jyn8','web','c1BJaFaVqwF5us0t6tLSTB:APA91bEg37SGxzpCi2Z5i-i5pSrUO7fvrpL60dwMRnIClTIJonfso_k6eBYLC_TvwKb8SJIbcEGClWry2nnG81MKJhSzxOOAQlekXqjSFYJFGJEtQu4afFc','ACCESS','2025-03-28 18:44:36','2025-03-27 11:16:11','2025-03-28 18:44:36'),(454,7,'eyJhbGciOiJIUzI1NiIsInR5cCI6IkpXVCJ9.eyJ1c2VyX2lkIjo3LCJpYXQiOjE3NDMwNzQ4NDQsImV4cCI6MTc0MzUwNjg0NCwiaXNzIjoibWl5cWdndWNubWhpandsYndlb2FudWNwbHZ4bWV6Y3EiLCJzdWIiOiJtaXlxZ2d1Y25taGlqd2xid2VvYW51Y3BsdnhtZXpjcSIsImp0aSI6InVzZXItNyJ9.CWR3Mwlx0bte8G4QX796uvGaMVJRvpyZImc4_UCOvnk','ios','qwerty','ACCESS','2025-03-28 18:44:36','2025-03-27 11:27:24','2025-03-28 18:44:36'),(455,41,'eyJhbGciOiJIUzI1NiIsInR5cCI6IkpXVCJ9.eyJ1c2VyX2lkIjo0MSwiaWF0IjoxNzQzMDc0ODc3LCJleHAiOjE3NDM1MDY4NzcsImlzcyI6Im1peXFnZ3Vjbm1oaWp3bGJ3ZW9hbnVjcGx2eG1lemNxIiwic3ViIjoibWl5cWdndWNubWhpandsYndlb2FudWNwbHZ4bWV6Y3EiLCJqdGkiOiJ1c2VyLTQxIn0.8SbHPE80iqY0BzyXkUSxJZJ0KtcT0K2KJUvoJaHIa64','ios','qwerty','ACCESS','2025-03-28 18:45:26','2025-03-27 11:27:57','2025-03-28 18:45:26'),(456,7,'eyJhbGciOiJIUzI1NiIsInR5cCI6IkpXVCJ9.eyJ1c2VyX2lkIjo3LCJpYXQiOjE3NDMwNzUxOTYsImV4cCI6MTc0MzUwNzE5NiwiaXNzIjoibWl5cWdndWNubWhpandsYndlb2FudWNwbHZ4bWV6Y3EiLCJzdWIiOiJtaXlxZ2d1Y25taGlqd2xid2VvYW51Y3BsdnhtZXpjcSIsImp0aSI6InVzZXItNyJ9.NQ1ZvrTkZP31kvh3mGFtYRfVfS_RxvHwIXDP6LSWDpE','web','c1BJaFaVqwF5us0t6tLSTB:APA91bEg37SGxzpCi2Z5i-i5pSrUO7fvrpL60dwMRnIClTIJonfso_k6eBYLC_TvwKb8SJIbcEGClWry2nnG81MKJhSzxOOAQlekXqjSFYJFGJEtQu4afFc','ACCESS','2025-03-28 18:44:36','2025-03-27 11:33:16','2025-03-28 18:44:36'),(457,41,'eyJhbGciOiJIUzI1NiIsInR5cCI6IkpXVCJ9.eyJ1c2VyX2lkIjo0MSwiaWF0IjoxNzQzMDc4MzY0LCJleHAiOjE3NDM1MTAzNjQsImlzcyI6Im1peXFnZ3Vjbm1oaWp3bGJ3ZW9hbnVjcGx2eG1lemNxIiwic3ViIjoibWl5cWdndWNubWhpandsYndlb2FudWNwbHZ4bWV6Y3EiLCJqdGkiOiJ1c2VyLTQxIn0.Mh6Zf3r6VoE4yicpaXejTGHW0NPizKO50Qut_dZpXKg','web','cN4t1ewE2p6yNyOMKoNyrS:APA91bEFgiFvtiZLDBDno2PQJkBe0uWnhYgk3kUhh0-56TNjQ8IdZEbCGllXZMNoF-hYqFUHM1lj8ffth-FMVKPTL3BWqdKpy-0xy7bgI0GiKsmW7tl-ZLE','ACCESS','2025-03-28 18:45:26','2025-03-27 12:26:04','2025-03-28 18:45:26'),(458,10,'eyJhbGciOiJIUzI1NiIsInR5cCI6IkpXVCJ9.eyJ1c2VyX2lkIjoxMCwiaWF0IjoxNzQzMTA1NTY5LCJleHAiOjE3NDM1Mzc1NjksImlzcyI6Im1peXFnZ3Vjbm1oaWp3bGJ3ZW9hbnVjcGx2eG1lemNxIiwic3ViIjoibWl5cWdndWNubWhpandsYndlb2FudWNwbHZ4bWV6Y3EiLCJqdGkiOiJ1c2VyLTEwIn0.m0J6M3bCAlut4N5TQvZvNXBEkksxz6bz-MZ1BUm2xXs','web','123123','ACCESS','2025-03-27 20:00:13','2025-03-27 19:59:29','2025-03-27 20:00:13'),(459,10,'eyJhbGciOiJIUzI1NiIsInR5cCI6IkpXVCJ9.eyJ1c2VyX2lkIjoxMCwiaWF0IjoxNzQzMTA1NTcyLCJleHAiOjE3NDM1Mzc1NzIsImlzcyI6Im1peXFnZ3Vjbm1oaWp3bGJ3ZW9hbnVjcGx2eG1lemNxIiwic3ViIjoibWl5cWdndWNubWhpandsYndlb2FudWNwbHZ4bWV6Y3EiLCJqdGkiOiJ1c2VyLTEwIn0.K2ojHMfyis8dJ_yVptlQUwI6bk-z6YQaIU6CoflpJEc','web','123123','ACCESS','2025-03-27 20:00:13','2025-03-27 19:59:32','2025-03-27 20:00:13'),(460,10,'eyJhbGciOiJIUzI1NiIsInR5cCI6IkpXVCJ9.eyJ1c2VyX2lkIjoxMCwiaWF0IjoxNzQzMTA1NTc4LCJleHAiOjE3NDM1Mzc1NzgsImlzcyI6Im1peXFnZ3Vjbm1oaWp3bGJ3ZW9hbnVjcGx2eG1lemNxIiwic3ViIjoibWl5cWdndWNubWhpandsYndlb2FudWNwbHZ4bWV6Y3EiLCJqdGkiOiJ1c2VyLTEwIn0.7iU_-hmcg5smVRHyznonGBAmR8pyMmSaYoZJlSvS4IU','web','123123','ACCESS','2025-03-27 20:00:13','2025-03-27 19:59:38','2025-03-27 20:00:13'),(461,10,'eyJhbGciOiJIUzI1NiIsInR5cCI6IkpXVCJ9.eyJ1c2VyX2lkIjoxMCwiaWF0IjoxNzQzMTA1NTgwLCJleHAiOjE3NDM1Mzc1ODAsImlzcyI6Im1peXFnZ3Vjbm1oaWp3bGJ3ZW9hbnVjcGx2eG1lemNxIiwic3ViIjoibWl5cWdndWNubWhpandsYndlb2FudWNwbHZ4bWV6Y3EiLCJqdGkiOiJ1c2VyLTEwIn0.Ebn9y5sYdfn4Hylr67HifllpRCU_B4ZrLLaLHvUB2bA','web','ef0Ssj3er_m3bauj-Ogg5d:APA91bELO5xknSpQeJBxwyY4ZtLybuj51ehdmDr1kMLO7QGwrMjnSHeh-P9fTi_LGD09Y6uMrT-2hZ7Fg8H160a-UNWV3YPUsQwoNctODQcXrZsC_vASD1s','ACCESS','2025-03-27 20:00:13','2025-03-27 19:59:40','2025-03-27 20:00:13'),(462,10,'eyJhbGciOiJIUzI1NiIsInR5cCI6IkpXVCJ9.eyJ1c2VyX2lkIjoxMCwiaWF0IjoxNzQzMTA1NjEzLCJleHAiOjE3NDM1Mzc2MTMsImlzcyI6Im1peXFnZ3Vjbm1oaWp3bGJ3ZW9hbnVjcGx2eG1lemNxIiwic3ViIjoibWl5cWdndWNubWhpandsYndlb2FudWNwbHZ4bWV6Y3EiLCJqdGkiOiJ1c2VyLTEwIn0.qjgkh7zq3m2Kg6nsdPXNvtjjKh2vSKAojaSgRZwVfnY','web','ef0Ssj3er_m3bauj-Ogg5d:APA91bELO5xknSpQeJBxwyY4ZtLybuj51ehdmDr1kMLO7QGwrMjnSHeh-P9fTi_LGD09Y6uMrT-2hZ7Fg8H160a-UNWV3YPUsQwoNctODQcXrZsC_vASD1s','ACCESS',NULL,'2025-03-27 20:00:13','2025-04-01 14:25:35'),(463,31,'eyJhbGciOiJIUzI1NiIsInR5cCI6IkpXVCJ9.eyJ1c2VyX2lkIjozMSwiaWF0IjoxNzQzMTA2NDQyLCJleHAiOjE3NDM1Mzg0NDIsImlzcyI6Im1peXFnZ3Vjbm1oaWp3bGJ3ZW9hbnVjcGx2eG1lemNxIiwic3ViIjoibWl5cWdndWNubWhpandsYndlb2FudWNwbHZ4bWV6Y3EiLCJqdGkiOiJ1c2VyLTMxIn0.wzl7c4hFK3KLzcpaQMAJ-ek77dtMs84opr6oAXF_uZQ','web','fIPVFr4zD2ykjgIVYWr7tH:APA91bHZDrVQzaomcH9mVWj8JX9Hy-pb7uXqgvtESpaDjcL-wXuVrNxDWBCPPQUkVgZXOfE5zn_jovLtQgidlmaDYNHOV4mVyg3O1iTa2oa45BgOimbDyqk','ACCESS','2025-03-27 21:51:40','2025-03-27 20:14:02','2025-03-27 21:51:40'),(464,31,'eyJhbGciOiJIUzI1NiIsInR5cCI6IkpXVCJ9.eyJ1c2VyX2lkIjozMSwiaWF0IjoxNzQzMTA3NzI5LCJleHAiOjE3NDM1Mzk3MjksImlzcyI6Im1peXFnZ3Vjbm1oaWp3bGJ3ZW9hbnVjcGx2eG1lemNxIiwic3ViIjoibWl5cWdndWNubWhpandsYndlb2FudWNwbHZ4bWV6Y3EiLCJqdGkiOiJ1c2VyLTMxIn0.X6ofZaVkJwMsoPwQl-28s0cihWro0pR4dQRevoabyhI','web','123','ACCESS','2025-03-27 21:51:40','2025-03-27 20:35:29','2025-03-27 21:51:40'),(465,31,'eyJhbGciOiJIUzI1NiIsInR5cCI6IkpXVCJ9.eyJ1c2VyX2lkIjozMSwiaWF0IjoxNzQzMTA4MjAyLCJleHAiOjE3NDM1NDAyMDIsImlzcyI6Im1peXFnZ3Vjbm1oaWp3bGJ3ZW9hbnVjcGx2eG1lemNxIiwic3ViIjoibWl5cWdndWNubWhpandsYndlb2FudWNwbHZ4bWV6Y3EiLCJqdGkiOiJ1c2VyLTMxIn0.64LKFEVMxk5mx2ky8RMg1Iftyfg7VxM1UmgPNQ3gOjM','web','123','ACCESS','2025-03-27 21:51:40','2025-03-27 20:43:22','2025-03-27 21:51:40'),(466,31,'eyJhbGciOiJIUzI1NiIsInR5cCI6IkpXVCJ9.eyJ1c2VyX2lkIjozMSwiaWF0IjoxNzQzMTA5MzY4LCJleHAiOjE3NDM1NDEzNjgsImlzcyI6Im1peXFnZ3Vjbm1oaWp3bGJ3ZW9hbnVjcGx2eG1lemNxIiwic3ViIjoibWl5cWdndWNubWhpandsYndlb2FudWNwbHZ4bWV6Y3EiLCJqdGkiOiJ1c2VyLTMxIn0.AJdlKfYOocC2Jolq4-2mVFWXNML_2ahg_j93eAXmFmA','web','fIPVFr4zD2ykjgIVYWr7tH:APA91bHZDrVQzaomcH9mVWj8JX9Hy-pb7uXqgvtESpaDjcL-wXuVrNxDWBCPPQUkVgZXOfE5zn_jovLtQgidlmaDYNHOV4mVyg3O1iTa2oa45BgOimbDyqk','ACCESS','2025-03-27 21:51:40','2025-03-27 21:02:48','2025-03-27 21:51:40'),(467,31,'eyJhbGciOiJIUzI1NiIsInR5cCI6IkpXVCJ9.eyJ1c2VyX2lkIjozMSwiaWF0IjoxNzQzMTEyMzAwLCJleHAiOjE3NDM1NDQzMDAsImlzcyI6Im1peXFnZ3Vjbm1oaWp3bGJ3ZW9hbnVjcGx2eG1lemNxIiwic3ViIjoibWl5cWdndWNubWhpandsYndlb2FudWNwbHZ4bWV6Y3EiLCJqdGkiOiJ1c2VyLTMxIn0.6BwufALRIzml_ZhLI9roAi92ewLVDttOpo1x7SSP8nY','web','fIPVFr4zD2ykjgIVYWr7tH:APA91bHZDrVQzaomcH9mVWj8JX9Hy-pb7uXqgvtESpaDjcL-wXuVrNxDWBCPPQUkVgZXOfE5zn_jovLtQgidlmaDYNHOV4mVyg3O1iTa2oa45BgOimbDyqk','ACCESS',NULL,'2025-03-27 21:51:40','2025-03-27 21:52:06'),(468,7,'eyJhbGciOiJIUzI1NiIsInR5cCI6IkpXVCJ9.eyJ1c2VyX2lkIjo3LCJpYXQiOjE3NDMxNTgzMjgsImV4cCI6MTc0MzU5MDMyOCwiaXNzIjoibWl5cWdndWNubWhpandsYndlb2FudWNwbHZ4bWV6Y3EiLCJzdWIiOiJtaXlxZ2d1Y25taGlqd2xid2VvYW51Y3BsdnhtZXpjcSIsImp0aSI6InVzZXItNyJ9.j9PCQgGSrkz3mAUQ1t0E_LB1i6VqIYGhm-gg9gZVq58','web','d8x65mcXED3dQhFvIPd4MN:APA91bHIeaE85TdOzq83a9hNO9JmfuveA6rCC2ZocC7ai-R2O98DByV4PBa7SkWV8AbPc4LlW6mraAZGq5nUE30PEgkP9TwjjvXzRVpgjvis7jV3DPeFQxg','ACCESS','2025-03-28 18:44:36','2025-03-28 10:38:48','2025-03-28 18:44:36'),(469,7,'eyJhbGciOiJIUzI1NiIsInR5cCI6IkpXVCJ9.eyJ1c2VyX2lkIjo3LCJpYXQiOjE3NDMxNTgzNzAsImV4cCI6MTc0MzU5MDM3MCwiaXNzIjoibWl5cWdndWNubWhpandsYndlb2FudWNwbHZ4bWV6Y3EiLCJzdWIiOiJtaXlxZ2d1Y25taGlqd2xid2VvYW51Y3BsdnhtZXpjcSIsImp0aSI6InVzZXItNyJ9.12E6FkebMaos_FfavCcz5M_eibdHjtKayQ9eLKjsoV4','web','123123','ACCESS','2025-03-28 18:44:36','2025-03-28 10:39:30','2025-03-28 18:44:36'),(470,7,'eyJhbGciOiJIUzI1NiIsInR5cCI6IkpXVCJ9.eyJ1c2VyX2lkIjo3LCJpYXQiOjE3NDMxNTgzNzMsImV4cCI6MTc0MzU5MDM3MywiaXNzIjoibWl5cWdndWNubWhpandsYndlb2FudWNwbHZ4bWV6Y3EiLCJzdWIiOiJtaXlxZ2d1Y25taGlqd2xid2VvYW51Y3BsdnhtZXpjcSIsImp0aSI6InVzZXItNyJ9.2ZF2Wl-gZbO_txFfUC_v3t2J0uS8x8Ja_vd5ExmObA0','web','123123','ACCESS','2025-03-28 18:44:36','2025-03-28 10:39:33','2025-03-28 18:44:36'),(471,7,'eyJhbGciOiJIUzI1NiIsInR5cCI6IkpXVCJ9.eyJ1c2VyX2lkIjo3LCJpYXQiOjE3NDMxNTgzNzUsImV4cCI6MTc0MzU5MDM3NSwiaXNzIjoibWl5cWdndWNubWhpandsYndlb2FudWNwbHZ4bWV6Y3EiLCJzdWIiOiJtaXlxZ2d1Y25taGlqd2xid2VvYW51Y3BsdnhtZXpjcSIsImp0aSI6InVzZXItNyJ9.ZGik1iEJ7pyhpPwgyX6utCms3rl89DM91-hZrGUxZtA','web','123123','ACCESS','2025-03-28 18:44:36','2025-03-28 10:39:35','2025-03-28 18:44:36'),(472,7,'eyJhbGciOiJIUzI1NiIsInR5cCI6IkpXVCJ9.eyJ1c2VyX2lkIjo3LCJpYXQiOjE3NDMxNTgzODcsImV4cCI6MTc0MzU5MDM4NywiaXNzIjoibWl5cWdndWNubWhpandsYndlb2FudWNwbHZ4bWV6Y3EiLCJzdWIiOiJtaXlxZ2d1Y25taGlqd2xid2VvYW51Y3BsdnhtZXpjcSIsImp0aSI6InVzZXItNyJ9._YEpBzGDOyhEymVeb-ZZ8PeIbDxFYq11Atgra7Orieo','web','d8x65mcXED3dQhFvIPd4MN:APA91bHIeaE85TdOzq83a9hNO9JmfuveA6rCC2ZocC7ai-R2O98DByV4PBa7SkWV8AbPc4LlW6mraAZGq5nUE30PEgkP9TwjjvXzRVpgjvis7jV3DPeFQxg','ACCESS','2025-03-28 18:44:36','2025-03-28 10:39:47','2025-03-28 18:44:36'),(473,7,'eyJhbGciOiJIUzI1NiIsInR5cCI6IkpXVCJ9.eyJ1c2VyX2lkIjo3LCJpYXQiOjE3NDMxNTk1MzUsImV4cCI6MTc0MzU5MTUzNSwiaXNzIjoibWl5cWdndWNubWhpandsYndlb2FudWNwbHZ4bWV6Y3EiLCJzdWIiOiJtaXlxZ2d1Y25taGlqd2xid2VvYW51Y3BsdnhtZXpjcSIsImp0aSI6InVzZXItNyJ9.Go1AkYG01KtALlxjE7Kmljv-mOD9Rt8o6RGD7YhPvVE','web','123123','ACCESS','2025-03-28 18:44:36','2025-03-28 10:58:55','2025-03-28 18:44:36'),(474,7,'eyJhbGciOiJIUzI1NiIsInR5cCI6IkpXVCJ9.eyJ1c2VyX2lkIjo3LCJpYXQiOjE3NDMxNTk1MzcsImV4cCI6MTc0MzU5MTUzNywiaXNzIjoibWl5cWdndWNubWhpandsYndlb2FudWNwbHZ4bWV6Y3EiLCJzdWIiOiJtaXlxZ2d1Y25taGlqd2xid2VvYW51Y3BsdnhtZXpjcSIsImp0aSI6InVzZXItNyJ9.h9EsN8vJ64Hz2UxadSgIg5ftRQBqdjr8i_I3I9kNEMQ','web','123123','ACCESS','2025-03-28 18:44:36','2025-03-28 10:58:57','2025-03-28 18:44:36'),(475,7,'eyJhbGciOiJIUzI1NiIsInR5cCI6IkpXVCJ9.eyJ1c2VyX2lkIjo3LCJpYXQiOjE3NDMxNTk1MzgsImV4cCI6MTc0MzU5MTUzOCwiaXNzIjoibWl5cWdndWNubWhpandsYndlb2FudWNwbHZ4bWV6Y3EiLCJzdWIiOiJtaXlxZ2d1Y25taGlqd2xid2VvYW51Y3BsdnhtZXpjcSIsImp0aSI6InVzZXItNyJ9.F1FYL14HOqnEYDTSssjb3ycWHWZQn-AXURYKYtrcxg4','web','d5vmZFSEd9L7DNjk-6woYy:APA91bEje1TccgD8AzJS2ufBHoM5Huw8OK2Rb_4U5352r8YtaPbSlAIqsSnRVh8ZrMfx4NUupBG64wwZ2g9IMbM-t0sXdSxxJy5BVbATh7jAjMz5IvvsvDE','ACCESS','2025-03-28 18:44:36','2025-03-28 10:58:58','2025-03-28 18:44:36'),(476,7,'eyJhbGciOiJIUzI1NiIsInR5cCI6IkpXVCJ9.eyJ1c2VyX2lkIjo3LCJpYXQiOjE3NDMxNjEzNDEsImV4cCI6MTc0MzU5MzM0MSwiaXNzIjoibWl5cWdndWNubWhpandsYndlb2FudWNwbHZ4bWV6Y3EiLCJzdWIiOiJtaXlxZ2d1Y25taGlqd2xid2VvYW51Y3BsdnhtZXpjcSIsImp0aSI6InVzZXItNyJ9._x5J8OY0yRWvKrOgWRaLUiukMaItx5C1B2Wu-mwoG7U','web','c1BJaFaVqwF5us0t6tLSTB:APA91bEg37SGxzpCi2Z5i-i5pSrUO7fvrpL60dwMRnIClTIJonfso_k6eBYLC_TvwKb8SJIbcEGClWry2nnG81MKJhSzxOOAQlekXqjSFYJFGJEtQu4afFc','ACCESS','2025-03-28 18:44:36','2025-03-28 11:29:01','2025-03-28 18:44:36'),(477,7,'eyJhbGciOiJIUzI1NiIsInR5cCI6IkpXVCJ9.eyJ1c2VyX2lkIjo3LCJpYXQiOjE3NDMxNjI0MzEsImV4cCI6MTc0MzU5NDQzMSwiaXNzIjoibWl5cWdndWNubWhpandsYndlb2FudWNwbHZ4bWV6Y3EiLCJzdWIiOiJtaXlxZ2d1Y25taGlqd2xid2VvYW51Y3BsdnhtZXpjcSIsImp0aSI6InVzZXItNyJ9.ieRHZOPu5JFim52XCUjrFuqZwWY6Y2Fa0R0CSYtxgqU','web','d8x65mcXED3dQhFvIPd4MN:APA91bHIeaE85TdOzq83a9hNO9JmfuveA6rCC2ZocC7ai-R2O98DByV4PBa7SkWV8AbPc4LlW6mraAZGq5nUE30PEgkP9TwjjvXzRVpgjvis7jV3DPeFQxg','ACCESS','2025-03-28 18:44:36','2025-03-28 11:47:11','2025-03-28 18:44:36'),(478,41,'eyJhbGciOiJIUzI1NiIsInR5cCI6IkpXVCJ9.eyJ1c2VyX2lkIjo0MSwiaWF0IjoxNzQzMTYzMDY0LCJleHAiOjE3NDM1OTUwNjQsImlzcyI6Im1peXFnZ3Vjbm1oaWp3bGJ3ZW9hbnVjcGx2eG1lemNxIiwic3ViIjoibWl5cWdndWNubWhpandsYndlb2FudWNwbHZ4bWV6Y3EiLCJqdGkiOiJ1c2VyLTQxIn0.hokm7qz0k_YPXXIw9QKsOfZaBxoX-KvkgEamXSXxUdk','web','c1BJaFaVqwF5us0t6tLSTB:APA91bEg37SGxzpCi2Z5i-i5pSrUO7fvrpL60dwMRnIClTIJonfso_k6eBYLC_TvwKb8SJIbcEGClWry2nnG81MKJhSzxOOAQlekXqjSFYJFGJEtQu4afFc','ACCESS','2025-03-28 18:45:26','2025-03-28 11:57:44','2025-03-28 18:45:26'),(479,7,'eyJhbGciOiJIUzI1NiIsInR5cCI6IkpXVCJ9.eyJ1c2VyX2lkIjo3LCJpYXQiOjE3NDMxNjU2OTksImV4cCI6MTc0MzU5NzY5OSwiaXNzIjoibWl5cWdndWNubWhpandsYndlb2FudWNwbHZ4bWV6Y3EiLCJzdWIiOiJtaXlxZ2d1Y25taGlqd2xid2VvYW51Y3BsdnhtZXpjcSIsImp0aSI6InVzZXItNyJ9.NzmvVC2P1ykBho4hkLaQHZasqKLmmXybQMYjoo59evg','web','c1BJaFaVqwF5us0t6tLSTB:APA91bEg37SGxzpCi2Z5i-i5pSrUO7fvrpL60dwMRnIClTIJonfso_k6eBYLC_TvwKb8SJIbcEGClWry2nnG81MKJhSzxOOAQlekXqjSFYJFGJEtQu4afFc','ACCESS','2025-03-28 18:44:36','2025-03-28 12:41:39','2025-03-28 18:44:36'),(480,7,'eyJhbGciOiJIUzI1NiIsInR5cCI6IkpXVCJ9.eyJ1c2VyX2lkIjo3LCJpYXQiOjE3NDMxNjc2OTMsImV4cCI6MTc0MzU5OTY5MywiaXNzIjoibWl5cWdndWNubWhpandsYndlb2FudWNwbHZ4bWV6Y3EiLCJzdWIiOiJtaXlxZ2d1Y25taGlqd2xid2VvYW51Y3BsdnhtZXpjcSIsImp0aSI6InVzZXItNyJ9.OM5yymrLuTsiSqEf79qF9wllZ_TwQzs4_of9ZjY3ddc','web','fy-lfHYN8u3aW8od7nmFg1:APA91bGiDuUgaoqfqV0lSI_DjACSSO7RDulzwzvM2lTi9s9y6xcT3sMQ67a55lai5CnB3Cvz2x7bFKjZ-EKFujGqJHvHMqtjLHrJd-J_Iq52KkFhadiMQ8E','ACCESS','2025-03-28 18:44:36','2025-03-28 13:14:53','2025-03-28 18:44:36'),(481,7,'eyJhbGciOiJIUzI1NiIsInR5cCI6IkpXVCJ9.eyJ1c2VyX2lkIjo3LCJpYXQiOjE3NDMxODczOTMsImV4cCI6MTc0MzYxOTM5MywiaXNzIjoibWl5cWdndWNubWhpandsYndlb2FudWNwbHZ4bWV6Y3EiLCJzdWIiOiJtaXlxZ2d1Y25taGlqd2xid2VvYW51Y3BsdnhtZXpjcSIsImp0aSI6InVzZXItNyJ9.W7bcgl9BZta0CCeiholZal7mAXx7P7gp4I4WRMI7HIQ','web','fSKE7-yRsXobswO15sA7I3:APA91bFrqNqhHtWt7Xz99bKDAYK5Cd1SWudtk5Kn_oIoO46db3UQyu7zTZMpCrRQ1Hp4anpuvHQ0U0vrkXw0DrNhZBU0yS5wFDVqOXi77tU3pupw2YifLxY','ACCESS','2025-03-28 18:44:36','2025-03-28 18:43:13','2025-03-28 18:44:36'),(482,41,'eyJhbGciOiJIUzI1NiIsInR5cCI6IkpXVCJ9.eyJ1c2VyX2lkIjo0MSwiaWF0IjoxNzQzMTg3NDgzLCJleHAiOjE3NDM2MTk0ODMsImlzcyI6Im1peXFnZ3Vjbm1oaWp3bGJ3ZW9hbnVjcGx2eG1lemNxIiwic3ViIjoibWl5cWdndWNubWhpandsYndlb2FudWNwbHZ4bWV6Y3EiLCJqdGkiOiJ1c2VyLTQxIn0.w9tk1ocHlSoT7rWhRd8ijBy4e5_jhjfhj4sS9PxjpR8','web','fSKE7-yRsXobswO15sA7I3:APA91bFrqNqhHtWt7Xz99bKDAYK5Cd1SWudtk5Kn_oIoO46db3UQyu7zTZMpCrRQ1Hp4anpuvHQ0U0vrkXw0DrNhZBU0yS5wFDVqOXi77tU3pupw2YifLxY','ACCESS','2025-03-28 18:45:26','2025-03-28 18:44:43','2025-03-28 18:45:26'),(483,38,'eyJhbGciOiJIUzI1NiIsInR5cCI6IkpXVCJ9.eyJ1c2VyX2lkIjozOCwiaWF0IjoxNzQzMTg3NTMzLCJleHAiOjE3NDM2MTk1MzMsImlzcyI6Im1peXFnZ3Vjbm1oaWp3bGJ3ZW9hbnVjcGx2eG1lemNxIiwic3ViIjoibWl5cWdndWNubWhpandsYndlb2FudWNwbHZ4bWV6Y3EiLCJqdGkiOiJ1c2VyLTM4In0.fyAARphV3g-WfE56rkhpXDJyxDp3Xj13x5de2LnESho','web','fSKE7-yRsXobswO15sA7I3:APA91bFrqNqhHtWt7Xz99bKDAYK5Cd1SWudtk5Kn_oIoO46db3UQyu7zTZMpCrRQ1Hp4anpuvHQ0U0vrkXw0DrNhZBU0yS5wFDVqOXi77tU3pupw2YifLxY','ACCESS',NULL,'2025-03-28 18:45:33','2025-03-28 18:46:48');

/*Table structure for table `user_groups` */

DROP TABLE IF EXISTS `user_groups`;

CREATE TABLE `user_groups` (
  `id` int NOT NULL AUTO_INCREMENT,
  `title` varchar(50) NOT NULL,
  `type` varchar(50) DEFAULT NULL,
  `deletedAt` datetime DEFAULT NULL,
  `createdAt` datetime NOT NULL,
  `updatedAt` datetime NOT NULL,
  PRIMARY KEY (`id`),
  UNIQUE KEY `type` (`type`)
) ENGINE=InnoDB AUTO_INCREMENT=3 DEFAULT CHARSET=utf8mb4 COLLATE=utf8mb4_0900_ai_ci;

/*Data for the table `user_groups` */

insert  into `user_groups`(`id`,`title`,`type`,`deletedAt`,`createdAt`,`updatedAt`) values (1,'Super Admin','ADMIN',NULL,'2025-01-08 06:15:00','2025-01-08 06:15:00'),(2,'App User','USER',NULL,'2025-01-08 06:15:00','2025-01-08 06:15:00');

/*Table structure for table `user_images` */

DROP TABLE IF EXISTS `user_images`;

CREATE TABLE `user_images` (
  `id` int NOT NULL AUTO_INCREMENT,
  `user_id` int NOT NULL,
  `image_url` varchar(255) DEFAULT NULL,
  `is_default` int DEFAULT '0',
  `createdAt` datetime NOT NULL,
  `updatedAt` datetime NOT NULL,
  `deletedAt` datetime DEFAULT NULL,
  PRIMARY KEY (`id`),
  KEY `user_id` (`user_id`),
  CONSTRAINT `user_images_ibfk_1` FOREIGN KEY (`user_id`) REFERENCES `users` (`id`) ON DELETE CASCADE ON UPDATE CASCADE
) ENGINE=InnoDB AUTO_INCREMENT=59 DEFAULT CHARSET=utf8mb4 COLLATE=utf8mb4_0900_ai_ci;

/*Data for the table `user_images` */

insert  into `user_images`(`id`,`user_id`,`image_url`,`is_default`,`createdAt`,`updatedAt`,`deletedAt`) values (1,6,'user/73239239-185b-4f38-8a16-57cc1869382c.jpeg',1,'2025-01-08 11:59:05','2025-01-08 11:59:05',NULL),(2,6,'user/b8e2e58a-2c53-4210-964a-1ba8a1833ddb.jpeg',0,'2025-01-08 11:59:05','2025-01-08 11:59:05',NULL),(3,10,'user/d962f32b-a73e-47e7-ba35-ee12033f0908.jpeg',1,'2025-01-14 14:27:41','2025-01-14 14:27:41',NULL),(4,10,'user/279add36-fc9d-4c23-98d3-3006e5f61c6f.jpeg',0,'2025-01-14 14:27:41','2025-01-14 14:27:41',NULL),(5,12,'user/020d0d0f-3ad7-4ac1-9143-35ebe5c31153.png',0,'2025-01-15 13:13:16','2025-01-16 15:12:40',NULL),(6,14,'user/62d0f939-f562-4d29-8184-f6003c4f61bf.jpeg',1,'2025-01-15 19:37:52','2025-01-15 19:37:52','2025-03-14 19:44:34'),(7,15,'user/805b25cb-e94e-4021-9ce5-70b9aacf7e7f.jpeg',1,'2025-01-16 16:14:03','2025-01-16 16:14:03',NULL),(8,15,'user/daeafe5f-9769-4501-a358-6ebafc711392.png',0,'2025-01-16 16:14:03','2025-01-16 16:14:03',NULL),(9,15,'user/172462b8-0192-4ccf-9b9d-7f38d9f4b6fa.jpeg',0,'2025-01-16 16:14:03','2025-01-16 16:14:03',NULL),(10,7,'user/6ab54a01-4f80-4af1-b3b7-74c008a8303d.jpeg',0,'2025-01-17 11:06:37','2025-03-14 14:02:13',NULL),(11,17,'user/7d25d061-71c0-4aaa-9fcc-8c7b1ade791b.webp',1,'2025-01-22 07:22:31','2025-01-22 07:22:31',NULL),(12,7,'user/68dda102-3cce-4463-8ea8-a18328a6c29f.png',0,'2025-01-22 09:33:58','2025-03-14 14:02:13',NULL),(13,7,'user/b1fee88e-3081-46fb-85e8-22f719748576.png',0,'2025-01-22 09:50:08','2025-03-14 14:02:13',NULL),(14,13,'user/87f345dd-12db-4576-b870-20ab9e10ffa6.png',1,'2025-01-30 10:22:18','2025-01-30 10:22:19',NULL),(15,7,'user/4a33a4ac-49f5-46bc-a0e7-bf7c7ab2ec96.octet-stream',0,'2025-02-07 13:09:54','2025-03-14 14:02:13',NULL),(16,7,'user/21fe23d3-2a85-409b-a4fe-927e9cfd8233.jpeg',0,'2025-02-07 13:09:54','2025-03-14 14:02:13',NULL),(17,7,'user/29604462-1309-48ac-9dcb-19deb0cca702.jpeg',0,'2025-02-07 13:09:54','2025-03-14 14:02:13',NULL),(18,20,'user/ce213ef6-8329-4fd5-b5f4-7020014a1a6f.png',1,'2025-02-07 13:21:50','2025-02-07 13:21:50',NULL),(19,11,'user/b9232925-2820-4cf7-b0f9-cba29e86ffe0.png',1,'2025-02-07 14:54:54','2025-02-07 14:54:54',NULL),(20,25,'user/d4f21289-ab93-4758-b0a6-076de19d47cd.png',1,'2025-02-07 15:21:05','2025-02-07 15:21:05',NULL),(21,16,'user/ccec5263-3048-4a59-8e07-cfa68fb0ac31.png',1,'2025-02-09 21:42:45','2025-02-09 21:42:45',NULL),(22,26,'user/e1a7805e-fdd2-4c5e-90be-fb46ed887c9c.png',1,'2025-02-09 22:07:00','2025-02-09 22:07:00','2025-02-26 06:49:41'),(23,19,'user/f52979f0-d0ec-47e2-af0d-3c36797a217b.jpeg',1,'2025-02-13 06:30:37','2025-02-13 06:30:37','2025-02-26 07:09:17'),(24,19,'user/f2008426-ce16-4937-8f2c-527eda55e1e5.jpeg',0,'2025-02-13 06:30:37','2025-02-13 06:30:37','2025-02-26 07:09:17'),(25,5,'user/c9192d9e-a6b1-4771-b872-d9dc28a14fc2.svg+xml',1,'2025-02-14 12:42:21','2025-02-14 12:42:21',NULL),(26,29,'user/65d9203d-411e-4db1-8d78-463f566b6132.png',1,'2025-02-14 20:14:48','2025-02-14 20:14:48',NULL),(27,30,'user/afaeee53-656a-4a66-a16d-c3a792e18b99.png',1,'2025-02-14 21:12:48','2025-02-14 21:12:48',NULL),(28,31,'user/5385285f-706b-4985-81bd-698ce8edbf12.jpeg',1,'2025-02-18 07:20:01','2025-02-18 07:20:01',NULL),(29,22,'user/1c271e30-f60f-4c0a-b7e0-1ee304f27a26.png',1,'2025-02-19 17:29:59','2025-02-19 17:29:59',NULL),(30,32,'user/07f2552a-39fc-4907-bc83-dce028abe9e3.png',1,'2025-02-21 17:42:42','2025-02-21 17:42:42','2025-02-26 07:08:25'),(31,33,'user/f793fe35-010b-436b-be97-df64de6d069f.jpeg',0,'2025-02-26 07:10:33','2025-02-26 07:27:41',NULL),(32,33,'user/fb19f2b0-f3ca-466a-842a-4b6fdab5f501.jpeg',0,'2025-02-26 07:10:33','2025-02-26 07:27:41',NULL),(33,33,'user/10accf8c-a895-4ff0-9a15-660483a7a7eb.jpeg',0,'2025-02-26 07:10:33','2025-02-26 07:27:41',NULL),(34,33,'user/41cc1d84-24a2-492a-abf5-730be9e76f76.jpeg',0,'2025-02-26 07:10:33','2025-02-26 07:27:41',NULL),(35,33,'user/cd3fa6eb-11b0-4851-84c0-83a846f7deff.jpeg',0,'2025-02-26 07:10:33','2025-02-26 07:27:41',NULL),(36,33,'user/5995dd27-37be-4d37-ae83-93463baff213.jpeg',0,'2025-02-26 07:10:33','2025-02-26 07:27:41',NULL),(37,33,'user/6c8f81ec-0289-4c5c-9b1f-c119f69a60c6.jpeg',0,'2025-02-26 07:13:58','2025-02-26 07:27:41',NULL),(38,33,'user/4c8f89ef-1168-4313-9602-58922ad8f5a3.jpeg',0,'2025-02-26 07:14:08','2025-02-26 07:27:41',NULL),(39,33,'user/398a96a3-428e-42a5-bab8-f02a7548f26f.jpeg',0,'2025-02-26 07:14:18','2025-02-26 07:27:41',NULL),(40,34,'user/2866716e-d356-4840-bf11-00c16b73bb90.png',1,'2025-02-28 22:51:41','2025-02-28 22:51:41','2025-03-03 01:41:32'),(41,35,'user/4d8be099-5f8f-493e-b3f5-76e999c91c9a.png',1,'2025-03-03 02:06:38','2025-03-03 02:06:38',NULL),(42,9,'user/6635e684-a4aa-4ff5-bcca-462d3fb3569e.png',1,'2025-03-07 20:34:03','2025-03-07 20:34:03',NULL),(43,9,'user/8496418a-988e-4a36-a13c-dc2a843d6c8f.jpeg',0,'2025-03-07 20:34:03','2025-03-07 20:34:03',NULL),(44,36,'user/1298d673-1e2a-44d4-adc9-b22bb04d2f62.png',1,'2025-03-08 20:57:49','2025-03-08 20:57:49',NULL),(45,37,'user/ac6f2115-d5f7-4aa0-8ba8-e345e86a708c.png',1,'2025-03-09 17:15:58','2025-03-09 17:15:58',NULL),(46,38,'user/8dc1e863-ce42-4a70-9db8-bc99c4dd5924.svg+xml',0,'2025-03-12 08:04:25','2025-03-12 11:51:07',NULL),(47,38,'user/e723d882-9364-4105-9d85-2c62e2b28e67.jpeg',0,'2025-03-12 08:40:19','2025-03-12 11:51:07',NULL),(48,38,'user/1c7085c8-f93d-4582-a710-9eb5ce83adeb.png',0,'2025-03-12 08:40:51','2025-03-12 11:51:07',NULL),(49,7,'user/0d5c6f37-3733-44c8-b4bb-84b1e090afbb.png',0,'2025-03-14 13:36:22','2025-03-14 14:02:13',NULL),(50,7,'user/c1aa1fbc-084f-4a3c-a2df-ebb68f99feea.png',0,'2025-03-14 13:40:06','2025-03-14 14:02:13',NULL),(51,7,'user/bc70b1de-a737-481e-8b1a-6036629ef982.png',0,'2025-03-14 13:42:09','2025-03-14 14:02:13',NULL),(52,7,'user/708064c3-7ed9-4f57-aa51-602b19e0fc9a.png',1,'2025-03-14 14:02:13','2025-03-14 14:02:13',NULL),(53,39,'user/7b267f4b-6a67-4579-8ed7-bfb07ffd0964.png',0,'2025-03-14 19:45:53','2025-03-14 20:45:58','2025-03-14 22:33:38'),(54,40,'user/69b1674c-61f8-402e-a0b1-548aacd03e6b.png',1,'2025-03-14 22:34:47','2025-03-14 22:34:47',NULL),(55,41,'user/6d505846-227c-4937-b850-9e0a50ab390f.jpeg',1,'2025-03-14 23:06:04','2025-03-14 23:06:04',NULL),(56,42,'user/6b483d52-3078-411e-80d6-6abce4781186.png',1,'2025-03-15 10:12:09','2025-03-15 10:12:09',NULL),(57,42,'user/3f820d8c-14ba-4a84-8964-3d39e3fd1e82.png',0,'2025-03-15 10:12:09','2025-03-15 10:12:09',NULL),(58,43,'user/9ecbdf48-c6df-41a2-8b3f-396b958ce43c.jpeg',1,'2025-03-17 10:10:30','2025-03-17 10:10:30',NULL);

/*Table structure for table `user_otps` */

DROP TABLE IF EXISTS `user_otps`;

CREATE TABLE `user_otps` (
  `id` int NOT NULL AUTO_INCREMENT,
  `mobile_no` varchar(15) DEFAULT NULL,
  `email` varchar(50) DEFAULT NULL,
  `otp` varchar(8) NOT NULL,
  `deletedAt` datetime DEFAULT NULL,
  `createdAt` datetime NOT NULL,
  `updatedAt` datetime NOT NULL,
  PRIMARY KEY (`id`)
) ENGINE=InnoDB AUTO_INCREMENT=41 DEFAULT CHARSET=utf8mb4 COLLATE=utf8mb4_0900_ai_ci;

/*Data for the table `user_otps` */

insert  into `user_otps`(`id`,`mobile_no`,`email`,`otp`,`deletedAt`,`createdAt`,`updatedAt`) values (1,NULL,'{{$firstname}}@yopmail.com','323378',NULL,'2025-01-08 06:51:23','2025-01-08 06:51:23'),(2,NULL,'Shakira@yopmail.com','874473','2025-01-08 06:52:54','2025-01-08 06:52:11','2025-01-08 06:52:54'),(3,NULL,'Micah@yopmail.com','118150',NULL,'2025-01-08 06:56:32','2025-01-08 06:56:32'),(4,NULL,'Micah@yopmail.com','104802',NULL,'2025-01-08 06:56:55','2025-01-08 06:56:55'),(5,'+92322222222',NULL,'604275',NULL,'2025-01-08 06:56:55','2025-01-08 06:56:55'),(6,NULL,'pacyxa@yopmail.com','941950','2025-01-08 11:58:49','2025-01-08 11:57:13','2025-01-08 11:58:49'),(7,NULL,'test@yopmail.com','868516','2025-02-07 15:10:36','2025-01-09 11:25:17','2025-02-07 15:10:36'),(8,NULL,'test1@yopmail.com','104868','2025-01-09 11:28:06','2025-01-09 11:27:43','2025-01-09 11:28:06'),(9,NULL,'web.mundotango@yopmail.com','247204','2025-01-09 11:30:18','2025-01-09 11:30:01','2025-01-09 11:30:18'),(10,NULL,'scott@boddye.com','643639','2025-01-17 20:11:46','2025-01-14 14:21:05','2025-01-17 20:11:46'),(11,NULL,'admin.mundotango@yopmail.com','202580',NULL,'2025-01-14 14:34:29','2025-01-14 14:34:29'),(12,NULL,'test11@yopmail.com','128567','2025-03-12 09:21:25','2025-01-15 13:12:16','2025-03-12 09:21:25'),(13,NULL,'test@yopmail.com','283537','2025-02-07 15:10:36','2025-01-15 14:39:10','2025-02-07 15:10:36'),(14,NULL,'saad.ameer@trangotech.com','637580','2025-03-14 22:34:38','2025-01-15 19:37:00','2025-03-14 22:34:38'),(15,NULL,'ahmed@yopmail.com','356858','2025-01-16 15:43:59','2025-01-16 15:43:35','2025-01-16 15:43:59'),(16,NULL,'scott@boddye.com','199662','2025-01-17 20:11:46','2025-01-17 20:11:07','2025-01-17 20:11:46'),(17,NULL,'sboddye@gmail.com','558448','2025-02-09 21:56:14','2025-01-22 07:19:41','2025-02-09 21:56:14'),(18,NULL,'sboddye@gmail.com','566345','2025-02-09 21:56:14','2025-01-22 07:31:24','2025-02-09 21:56:14'),(19,NULL,'mundotango@mundotango.life','190851','2025-01-22 07:34:51','2025-01-22 07:34:09','2025-01-22 07:34:51'),(20,NULL,'sboddye@gmail.com','863112','2025-02-09 21:56:14','2025-01-22 07:36:47','2025-02-09 21:56:14'),(21,NULL,'juki@yopmail.com','912421','2025-02-07 13:21:43','2025-02-07 13:21:09','2025-02-07 13:21:43'),(22,NULL,'waa@yopmail.com','615185',NULL,'2025-02-07 14:39:51','2025-02-07 14:39:51'),(23,NULL,'vaa@yopmail.com','748427','2025-02-19 17:29:14','2025-02-07 15:03:40','2025-02-19 17:29:14'),(24,NULL,'kesazy@yopmail.com','711038',NULL,'2025-02-07 15:05:12','2025-02-07 15:05:12'),(25,NULL,'test@yopmail.com','478187','2025-02-07 15:10:36','2025-02-07 15:09:54','2025-02-07 15:10:36'),(26,NULL,'paa@yopmail.com','996316','2025-02-07 15:19:16','2025-02-07 15:19:00','2025-02-07 15:19:16'),(27,NULL,'qaa@yopmail.com','676321','2025-02-07 15:20:58','2025-02-07 15:20:43','2025-02-07 15:20:58'),(28,NULL,'sboddye@gmail.com','333236','2025-02-09 21:56:14','2025-02-09 21:55:51','2025-02-09 21:56:14'),(29,NULL,'sboddye@gmail.com','221765',NULL,'2025-02-09 21:57:37','2025-02-09 21:57:37'),(30,NULL,'admin.mundotango@yopmail.com','258189',NULL,'2025-02-13 09:08:46','2025-02-13 09:08:46'),(31,NULL,'dexoka@mailinator.com','746420',NULL,'2025-02-14 12:26:09','2025-02-14 12:26:09'),(32,NULL,'obaid.chawla@trangotech.com','981170','2025-02-14 21:12:15','2025-02-14 21:11:57','2025-02-14 21:12:15'),(33,NULL,'admin.mundotango@yopmail.com','599659',NULL,'2025-02-19 12:52:04','2025-02-19 12:52:04'),(34,NULL,'vaa@yopmail.com','267312','2025-02-19 17:29:14','2025-02-19 17:28:54','2025-02-19 17:29:14'),(35,NULL,'test11@yopmail.com','683768','2025-03-12 09:21:25','2025-03-12 08:03:29','2025-03-12 09:21:25'),(36,NULL,'test11@yopmail.com','399470','2025-03-12 09:21:25','2025-03-12 09:21:03','2025-03-12 09:21:25'),(37,NULL,'saad.ameer@trangotech.com','657683','2025-03-14 22:34:38','2025-03-14 19:45:11','2025-03-14 22:34:38'),(38,NULL,'saad.ameer@trangotech.com','193391','2025-03-14 22:34:38','2025-03-14 22:34:20','2025-03-14 22:34:38'),(39,NULL,'test22@yopmail.com','592494','2025-03-14 22:51:57','2025-03-14 22:51:31','2025-03-14 22:51:57'),(40,NULL,'junaid@yopmail.com','134846','2025-03-17 10:10:17','2025-03-17 10:09:58','2025-03-17 10:10:17');

/*Table structure for table `user_questions` */

DROP TABLE IF EXISTS `user_questions`;

CREATE TABLE `user_questions` (
  `id` int NOT NULL AUTO_INCREMENT,
  `user_id` int NOT NULL,
  `city` text,
  `start_dancing` datetime DEFAULT NULL,
  `guide_visitors` tinyint(1) DEFAULT NULL,
  `is_nomad` tinyint(1) DEFAULT NULL,
  `lived_for_tango` text,
  `languages` text,
  `website_url` varchar(255) DEFAULT NULL,
  `dance_role_leader` int DEFAULT NULL,
  `dance_role_follower` int DEFAULT NULL,
  `about` text,
  `deletedAt` datetime DEFAULT NULL,
  `createdAt` datetime NOT NULL,
  `updatedAt` datetime NOT NULL,
  PRIMARY KEY (`id`),
  KEY `user_id` (`user_id`),
  CONSTRAINT `user_questions_ibfk_1` FOREIGN KEY (`user_id`) REFERENCES `users` (`id`) ON DELETE CASCADE ON UPDATE CASCADE
) ENGINE=InnoDB AUTO_INCREMENT=28 DEFAULT CHARSET=utf8mb4 COLLATE=utf8mb4_0900_ai_ci;

/*Data for the table `user_questions` */

insert  into `user_questions`(`id`,`user_id`,`city`,`start_dancing`,`guide_visitors`,`is_nomad`,`lived_for_tango`,`languages`,`website_url`,`dance_role_leader`,`dance_role_follower`,`about`,`deletedAt`,`createdAt`,`updatedAt`) values (1,12,'Canillo,Encamp,Pas de la Casa','2020-06-30 00:00:00',NULL,0,'El Tarter,Pas de la Casa','Czech,Italian,German','www.facebook.com',2,3,'this is my intro ',NULL,'2025-01-15 13:15:33','2025-01-17 13:50:01'),(2,10,'Buenos Aires,','2007-08-01 00:00:00',0,1,'San Francisco,New York City,Tempe','English','https://hoy-milonga.com/buenos-aires/es/milongas',4,4,'I’ve danced Argentine tango since 2007, leading and following in heels. I’ve taught, DJed, and organized events worldwide, fostering inclusivity and pushing the boundaries of tradition.',NULL,'2025-01-15 21:32:01','2025-03-02 23:02:50'),(3,14,'Pas de la Casa','2024-06-16 00:00:00',1,NULL,'Ghormach,Andkhoy','Portuguese,Japanese,German','www.bazaarofbeauties.com',2,3,'Test','2025-03-14 19:44:34','2025-01-16 18:22:00','2025-01-16 18:22:00'),(4,7,'Al Dhafra','2007-09-18 00:00:00',0,1,'Pas de la Casa,Encamp,El Tarter','english,urdu,Polish,German,Czech,Japanese','https://www.youtube.com/',2,2,'In eveniet illo mol',NULL,'2025-01-17 11:07:53','2025-03-14 14:40:35'),(5,17,'Canillo','2025-01-22 00:00:00',NULL,NULL,'El Tarter','English','a',2,2,'a',NULL,'2025-01-22 07:23:14','2025-01-22 07:23:14'),(6,13,'El Tarter,Encamp,Pas de la Casa','2018-02-08 00:00:00',1,1,'Canillo,El Tarter,Pas de la Casa','Dutch,Korean,Hebrew','https://www.fazoxivopopanu.ws',3,2,'Facere asperiores ex',NULL,'2025-01-30 10:25:07','2025-02-20 12:54:09'),(7,20,'Encamp','2025-02-07 00:00:00',1,1,'Encamp,Pas de la Casa','German,Korean','https://www.nowiwenyke.ca',2,3,'intro',NULL,'2025-02-07 13:22:43','2025-02-07 13:22:43'),(8,11,'Abu Dhabi Island and Internal Islands City','2025-02-18 00:00:00',1,1,'Ar Ruways','Polish,Japanese,Hebrew','www.facebbok.com',2,3,'intro ',NULL,'2025-02-07 14:55:54','2025-02-26 18:08:58'),(9,25,'Encamp,Sant Julià de Lòria','2025-02-07 00:00:00',1,1,'Al Ain Municipality,Al Dhafra','German,Polish','https://www.nowiwenyke.ca',2,3,'intro',NULL,'2025-02-07 15:21:40','2025-02-07 15:23:13'),(10,16,'Canillo','2025-02-07 00:00:00',0,0,'Canillo,El Tarter,Encamp,Pas de la Casa','English,Arabic,Dutch,Czech','asd',2,1,'asdfa',NULL,'2025-02-09 21:43:29','2025-02-09 22:01:01'),(11,26,'Canillo','2025-02-08 00:00:00',0,0,'Canillo','Polish','a',2,1,'a','2025-02-26 06:49:41','2025-02-09 22:07:46','2025-02-09 22:10:45'),(12,19,'Canillo','2025-02-13 00:00:00',0,0,'Canillo','Korean,Italian','https://www.facebook.com/profile.php?id=100012345678901',1,1,'sdvsf','2025-02-26 07:09:17','2025-02-13 06:31:39','2025-02-25 09:20:20'),(13,29,'Canillo','2025-02-12 00:00:00',0,0,'Canillo','Korean','https://hoy-milonga.com/buenos-aires/es/milongas',2,2,'.',NULL,'2025-02-14 20:16:33','2025-03-03 02:29:32'),(14,30,'Buenos Aires','2007-07-13 00:00:00',1,0,'Buenos Aires','English','None',2,3,'None',NULL,'2025-02-14 21:14:52','2025-02-14 21:17:14'),(15,31,'Buenos Aires','2013-03-16 00:00:00',1,0,'Sofia','English,Spanish,Bulgarian','hoy milonga',4,2,'Tango, for me, is a feeling, not just a movement.',NULL,'2025-02-18 07:24:58','2025-03-03 22:29:04'),(16,22,'Khalifah A City','2025-02-19 00:00:00',1,1,'les Escaldes','Hebrew,German','https://www.babedatohu.me',2,3,'asd',NULL,'2025-02-19 17:30:42','2025-02-19 17:31:29'),(17,32,'Canillo','2025-02-20 00:00:00',0,0,'Canillo','Polish','asd',2,2,'.','2025-02-26 07:08:25','2025-02-21 17:43:09','2025-02-21 17:43:37'),(18,33,'Karachi,','2025-02-26 00:00:00',0,0,'Karachi','English','https://www.facebook.com/profile.php?id=100012345678901',2,4,'Est autem neque rem',NULL,'2025-02-26 07:11:41','2025-02-26 07:27:18'),(19,34,'Buenos Aires','2025-03-01 00:00:00',0,1,'Buenos Aires','English','asd',1,1,'test','2025-03-03 01:41:32','2025-03-02 15:05:58','2025-03-02 22:39:35'),(20,35,'Canillo','2025-03-01 00:00:00',0,0,'Canillo','English','asd',2,2,'asd',NULL,'2025-03-03 02:36:11','2025-03-03 02:36:42'),(21,36,'Buenos Aires','2007-07-31 00:00:00',0,1,'Buenos Aires,Tempe,New York City,San Francisco','English','mundotango.life ',4,4,'alskjd;alk',NULL,'2025-03-08 21:00:37','2025-03-08 21:08:02'),(22,37,'Canillo,','2025-03-07 00:00:00',0,0,'Buenos Aires,Tempe,New York City,San Francisco','English','mundotango.life ',4,4,'asf',NULL,'2025-03-09 17:17:59','2025-03-10 20:29:28'),(23,38,',Dubai','2025-03-12 00:00:00',0,0,'les Escaldes','Japanese','https://www.babedatohu.me',2,3,'intro ',NULL,'2025-03-12 09:17:02','2025-03-17 08:47:48'),(24,39,'Buenos Aires,','2025-02-14 00:00:00',1,1,'Buena Esperanza,Yerba Buena,Comandante Luis Piedra Buena','French,Korean,Chinese','www.bazaarofbeauties.com',1,1,'Test','2025-03-14 22:33:38','2025-03-14 19:55:12','2025-03-14 20:27:59'),(25,40,'Canillo','2025-03-14 00:00:00',0,1,'El Tarter','Turkish','www.bazaarofbeauties.com',2,2,'dvsdgdbdfzbd',NULL,'2025-03-14 22:35:11','2025-03-14 22:35:11'),(26,41,'Nisi sit voluptatibu,Al Ain City','1997-03-01 00:00:00',0,0,'Encamp','Portuguese','https://www.poqumogyqiri.com.au',2,4,'Quos officia ut iure',NULL,'2025-03-15 21:44:51','2025-03-17 08:51:05'),(27,43,'Al Shamkhah City','2025-03-17 00:00:00',0,0,'Manama','Korean,French','https://www.youtube.com/',1,1,'intro',NULL,'2025-03-17 10:16:48','2025-03-17 10:23:27');

/*Table structure for table `user_subscriptions` */

DROP TABLE IF EXISTS `user_subscriptions`;

CREATE TABLE `user_subscriptions` (
  `id` int NOT NULL AUTO_INCREMENT,
  `user_id` int NOT NULL,
  `subscription_id` int NOT NULL,
  `amount` float NOT NULL,
  `expiry_date` date NOT NULL,
  `status` enum('active','expired','cancelled') NOT NULL DEFAULT 'active',
  `createdAt` datetime NOT NULL,
  `updatedAt` datetime NOT NULL,
  `deletedAt` datetime DEFAULT NULL,
  PRIMARY KEY (`id`),
  KEY `user_id` (`user_id`),
  KEY `subscription_id` (`subscription_id`),
  CONSTRAINT `user_subscriptions_ibfk_1` FOREIGN KEY (`user_id`) REFERENCES `users` (`id`) ON DELETE CASCADE ON UPDATE CASCADE,
  CONSTRAINT `user_subscriptions_ibfk_2` FOREIGN KEY (`subscription_id`) REFERENCES `subscriptions` (`id`) ON DELETE CASCADE ON UPDATE CASCADE
) ENGINE=InnoDB AUTO_INCREMENT=6 DEFAULT CHARSET=utf8mb4 COLLATE=utf8mb4_0900_ai_ci;

/*Data for the table `user_subscriptions` */

insert  into `user_subscriptions`(`id`,`user_id`,`subscription_id`,`amount`,`expiry_date`,`status`,`createdAt`,`updatedAt`,`deletedAt`) values (1,7,2,5,'2025-04-27','active','2025-03-27 06:09:24','2025-03-27 06:09:24',NULL),(2,7,2,5,'2025-04-27','active','2025-03-27 10:44:34','2025-03-27 10:44:34',NULL),(3,41,2,5,'2025-04-27','active','2025-03-27 11:28:42','2025-03-27 11:28:42',NULL),(4,7,2,5,'2025-04-27','active','2025-03-27 12:53:03','2025-03-27 12:53:03',NULL),(5,7,2,5,'2025-04-27','active','2025-03-27 12:54:32','2025-03-27 12:54:32',NULL);

/*Table structure for table `user_travels` */

DROP TABLE IF EXISTS `user_travels`;

CREATE TABLE `user_travels` (
  `id` int NOT NULL AUTO_INCREMENT,
  `user_id` int NOT NULL,
  `event_type_id` int DEFAULT NULL,
  `event_name` varchar(255) CHARACTER SET utf8mb4 COLLATE utf8mb4_0900_ai_ci DEFAULT NULL,
  `city` varchar(255) NOT NULL,
  `start_date` datetime NOT NULL,
  `end_date` date NOT NULL,
  `status` enum('active','inactive') NOT NULL DEFAULT 'active',
  `createdAt` datetime NOT NULL,
  `updatedAt` datetime NOT NULL,
  `deletedAt` datetime DEFAULT NULL,
  PRIMARY KEY (`id`),
  KEY `user_id` (`user_id`),
  KEY `event_type_id` (`event_type_id`),
  CONSTRAINT `user_travels_ibfk_1` FOREIGN KEY (`user_id`) REFERENCES `users` (`id`) ON DELETE CASCADE ON UPDATE CASCADE,
  CONSTRAINT `user_travels_ibfk_2` FOREIGN KEY (`event_type_id`) REFERENCES `event_types` (`id`) ON DELETE CASCADE ON UPDATE CASCADE
) ENGINE=InnoDB AUTO_INCREMENT=16 DEFAULT CHARSET=utf8mb4 COLLATE=utf8mb4_0900_ai_ci;

/*Data for the table `user_travels` */

insert  into `user_travels`(`id`,`user_id`,`event_type_id`,`event_name`,`city`,`start_date`,`end_date`,`status`,`createdAt`,`updatedAt`,`deletedAt`) values (3,19,2,'ewrewr','El Tarter','2025-02-12 00:00:00','2025-02-21','active','2025-02-04 11:40:51','2025-02-04 11:40:51','2025-02-26 07:09:17'),(6,7,4,'31','Perdasdefogu','1970-07-31 00:00:00','2003-11-27','active','2025-02-19 15:36:53','2025-02-19 15:50:12',NULL),(7,7,6,'28','Ajman City','2025-02-28 00:00:00','2025-02-23','active','2025-02-19 15:53:34','2025-02-19 15:53:34',NULL),(8,7,6,'36','Ajman City','2025-02-05 00:00:00','2025-03-05','active','2025-02-19 16:11:54','2025-02-19 16:12:07',NULL),(9,22,7,'20','Bani Yas City','1984-09-17 00:00:00','1982-10-06','active','2025-02-19 17:32:05','2025-02-19 17:32:10',NULL),(10,32,3,'42','Canillo','2025-02-28 00:00:00','2025-03-01','active','2025-02-21 17:55:24','2025-02-21 17:55:24','2025-02-26 07:08:25'),(11,10,NULL,NULL,'Buenos Aires','2024-09-12 00:00:00','2025-04-13','active','2025-03-02 23:20:45','2025-03-02 23:20:45',NULL),(12,10,NULL,NULL,'Roma','2025-04-13 00:00:00','2025-04-28','active','2025-03-02 23:21:18','2025-03-02 23:21:18',NULL),(14,37,4,'44','Canillo','2025-03-09 00:00:00','2025-03-11','active','2025-03-09 17:26:21','2025-03-09 17:26:21',NULL),(15,41,7,'30','Encamp','2019-11-19 00:00:00','1989-11-17','active','2025-03-15 21:37:02','2025-03-15 21:37:49',NULL);

/*Table structure for table `users` */

DROP TABLE IF EXISTS `users`;

CREATE TABLE `users` (
  `id` int NOT NULL AUTO_INCREMENT,
  `user_type` varchar(50) NOT NULL,
  `name` varchar(50) DEFAULT NULL,
  `username` varchar(50) DEFAULT NULL,
  `firstname` varchar(50) DEFAULT NULL,
  `lastname` varchar(50) DEFAULT NULL,
  `facebook_url` varchar(50) DEFAULT NULL,
  `email` varchar(50) DEFAULT NULL,
  `mobile_no` varchar(15) DEFAULT NULL,
  `password` varchar(255) NOT NULL,
  `location` geometry DEFAULT NULL,
  `city` varchar(255) DEFAULT NULL,
  `country` varchar(255) DEFAULT NULL,
  `slug` varchar(100) DEFAULT NULL,
  `latitude` varchar(255) DEFAULT NULL,
  `longitude` varchar(255) DEFAULT NULL,
  `bio` varchar(255) DEFAULT NULL,
  `image_url` varchar(255) DEFAULT NULL,
  `background_url` varchar(255) DEFAULT NULL,
  `status` tinyint(1) DEFAULT '1',
  `is_email_verify` tinyint(1) DEFAULT '0',
  `is_profile_completed` tinyint(1) DEFAULT '0',
  `is_guideline` tinyint(1) DEFAULT '0',
  `form_status` int DEFAULT '0',
  `email_verifyAt` datetime DEFAULT NULL,
  `is_mobile_verify` tinyint(1) DEFAULT '0',
  `mobile_verifyAt` datetime DEFAULT NULL,
  `login_type` varchar(30) DEFAULT 'custom',
  `platform_type` varchar(100) DEFAULT NULL,
  `platform_id` text,
  `is_activated` tinyint(1) DEFAULT '1',
  `is_blocked` tinyint(1) DEFAULT '0',
  `is_pushNotification` tinyint(1) DEFAULT '1',
  `is_privacy` tinyint(1) DEFAULT '1',
  `deletedAt` datetime DEFAULT NULL,
  `createdAt` datetime NOT NULL,
  `updatedAt` datetime NOT NULL,
  PRIMARY KEY (`id`),
  UNIQUE KEY `slug` (`slug`),
  KEY `user_type` (`user_type`),
  CONSTRAINT `users_ibfk_1` FOREIGN KEY (`user_type`) REFERENCES `user_groups` (`type`)
) ENGINE=InnoDB AUTO_INCREMENT=44 DEFAULT CHARSET=utf8mb4 COLLATE=utf8mb4_0900_ai_ci;

/*Data for the table `users` */

insert  into `users`(`id`,`user_type`,`name`,`username`,`firstname`,`lastname`,`facebook_url`,`email`,`mobile_no`,`password`,`location`,`city`,`country`,`slug`,`latitude`,`longitude`,`bio`,`image_url`,`background_url`,`status`,`is_email_verify`,`is_profile_completed`,`is_guideline`,`form_status`,`email_verifyAt`,`is_mobile_verify`,`mobile_verifyAt`,`login_type`,`platform_type`,`platform_id`,`is_activated`,`is_blocked`,`is_pushNotification`,`is_privacy`,`deletedAt`,`createdAt`,`updatedAt`) values (1,'ADMIN','Admin',NULL,NULL,NULL,NULL,'admin.mundotango@yopmail.com',NULL,'$2b$06$ZlxIUZWG1XPF52mZ6Y84wOyLlcWkUa9XgtJG6ORzdbV/M3wFvuDM6',NULL,NULL,NULL,'29ab1d5f-8053-4cf4-8e36-ed9356067e5b',NULL,NULL,NULL,NULL,NULL,1,0,0,0,0,NULL,0,NULL,'custom',NULL,NULL,1,0,1,1,NULL,'2025-01-08 06:15:00','2025-01-08 06:15:00'),(2,'USER','Test','Test',NULL,NULL,'https://www.facebook.com/','{{$firstname}}@yopmail.com','+92322222222','$2b$06$eDSPSbPyJBlaDxZ9NtEliesvzBGRVF7DfhYxtWTbXZvbVfjvbE.Zm',NULL,NULL,NULL,'9900e018-4d42-46aa-a08e-948da09bce47',NULL,NULL,NULL,NULL,NULL,1,0,0,0,0,NULL,0,NULL,'custom','custom',NULL,1,0,1,1,'2025-02-26 07:08:37','2025-01-08 06:51:23','2025-02-26 07:08:37'),(3,'USER','Test','Test',NULL,NULL,'https://www.facebook.com/','Shakira@yopmail.com','+92322222222','$2b$06$E7C9G3gI6Y8TAmXGpZl3vOsolSEPmQ1giBJFnN.m2bwLXplpa/z.a',NULL,NULL,NULL,'beb553bf-5ab9-41c0-a387-b66f09c0d725',NULL,NULL,NULL,NULL,NULL,1,1,0,0,3,'2025-01-08 06:52:54',1,'2025-01-08 06:52:54','custom','custom',NULL,1,0,1,1,NULL,'2025-01-08 06:52:11','2025-01-17 05:32:34'),(4,'USER','Test','Test',NULL,NULL,'https://www.facebook.com/','Micah@yopmail.com','+92322222222','$2b$06$z6ZxnzJnFzvi/kevf9.rWOdd7Ztk2gKF/7xvs8pC/AMDt0Y40sSQm',NULL,NULL,NULL,'5e0719bc-49cf-4c9c-86e0-7979f818fe64',NULL,NULL,NULL,NULL,NULL,1,1,0,0,0,'2025-01-08 06:52:54',1,'2025-01-08 06:52:54','custom','custom',NULL,1,0,1,1,NULL,'2025-01-08 06:56:32','2025-01-08 06:56:32'),(5,'USER','Muhammad Junaid','Muhammad Junaid',NULL,NULL,NULL,'junaidmuhammad2002@gmail.com',NULL,'ddqcF10v',NULL,NULL,NULL,'8c3c71b8-8670-450d-b367-3b529d9f2133',NULL,NULL,NULL,NULL,NULL,1,1,0,0,1,'2025-01-08 11:42:32',1,'2025-01-08 11:42:32','google','google','F3RDWKjFJOcW9EF7e332EUZj9b82',1,0,1,1,NULL,'2025-01-08 11:42:32','2025-02-15 21:52:40'),(6,'USER','Fiona Schwartz','Fiona Schwartz',NULL,NULL,'Rem saepe consectetu','pacyxa@yopmail.com',NULL,'$2b$06$6swcvKQljEGvC3SaSbcRCuau0Br7dv3Vmst50C.WYkS9cy.eMLocG',NULL,NULL,NULL,'77deadef-d352-43b6-8a98-3d975a76c6c6',NULL,NULL,NULL,NULL,NULL,1,1,0,0,1,'2025-01-08 11:58:49',1,'2025-01-08 11:58:49','custom','custom',NULL,1,0,1,1,NULL,'2025-01-08 11:57:13','2025-01-08 11:59:05'),(7,'USER','Florence Shields','Florence Shields',NULL,NULL,'Anim dicta perspicia','test@yopmail.com',NULL,'$2b$06$PqvNfjcBpDjHK250EfZ7b.1S818kCE8TKOFalJVhBbbS0kXunVsZ2',NULL,'Tirupati','India','6534ae11-6374-4308-8adb-d47766e5c4f6',NULL,NULL,'undefined',NULL,NULL,1,1,1,0,13,'2025-01-15 14:39:45',1,'2025-01-15 14:39:45','custom','custom',NULL,1,0,1,0,NULL,'2025-01-09 11:25:17','2025-03-16 23:05:46'),(8,'USER','Blair Snow','Blair Snow',NULL,NULL,'Commodi molestiae do','test1@yopmail.com',NULL,'$2b$06$/fOaWdAqwUXX15j3P3YQuOByWe6ZRrWt.CVoDgYO7FKzU2uRlODUG',NULL,NULL,NULL,'2ca34535-7a1a-4aef-ba6f-58a529c5e8d5',NULL,NULL,NULL,NULL,NULL,1,1,0,0,0,'2025-01-09 11:28:06',1,'2025-01-09 11:28:06','custom','custom',NULL,1,0,1,1,NULL,'2025-01-09 11:27:43','2025-01-09 11:28:06'),(9,'USER','Janna Donaldson','Janna Donaldson',NULL,NULL,'Voluptatum harum cor','web.mundotango@yopmail.com',NULL,'$2b$06$Ktkf4ThJHPfGwezMGNwl1.LpFZ68Jf2qkuqc9U.lgm/UxtApCN3Si',NULL,NULL,NULL,'c7123e3d-a4a7-4fa3-995d-6028866167a5',NULL,NULL,NULL,NULL,NULL,1,1,0,0,1,'2025-01-09 11:30:18',1,'2025-01-09 11:30:18','custom','custom',NULL,1,0,1,1,NULL,'2025-01-09 11:30:01','2025-03-07 20:34:03'),(10,'USER','Scott Boddye','Scott Boddye',NULL,NULL,'https://www.facebook.com/sboddye/','scott@boddye.com',NULL,'$2b$06$57aa8Sm4Dfq.D0tqrjMSjOkmtu0TljzmX/AG7t9Ys3hOvObqoBy5q',NULL,'Buenos Aires','Argentina','f4b11ed8-fd44-4684-8cc7-03f4d034540a',NULL,NULL,'undefined',NULL,'user/310c9607-4cd3-4d22-a2a2-9c41a5bc8954.png',1,1,1,0,13,'2025-01-14 14:23:11',1,'2025-01-14 14:23:11','custom','custom',NULL,1,0,1,0,NULL,'2025-01-14 14:21:05','2025-03-02 23:25:17'),(11,'USER','Support 1','Support 1',NULL,NULL,NULL,'support1@trangotech.com',NULL,'NOWS7asL',NULL,NULL,NULL,'053ceaa5-eaff-4333-a220-5c31222021f5',NULL,NULL,NULL,NULL,NULL,1,1,1,0,13,'2025-01-15 09:12:05',1,'2025-01-15 09:12:05','google','google','xBjSBHR2cOTNSpYMHEr5Y0oxv372',1,0,1,1,NULL,'2025-01-15 09:12:05','2025-03-12 10:16:24'),(12,'USER','Ingrid Campbell','Ingrid Campbell',NULL,NULL,'Nostrum sint volupta','test11@yopmail.com',NULL,'$2b$06$eWdi5h0bYQG4uqBwPcjk6eCm.UIUA8LJDZ53D9bFV0Cp.6UM0CQtS',NULL,NULL,NULL,'6a258e4f-946b-4602-822e-bc1888019133',NULL,NULL,NULL,NULL,NULL,1,1,0,0,12,'2025-01-15 13:12:49',1,'2025-01-15 13:12:49','custom','custom',NULL,1,0,1,1,'2025-02-07 13:17:35','2025-01-15 13:12:16','2025-03-12 09:21:25'),(13,'USER','m junaid','m junaid',NULL,NULL,NULL,'m.junaid@trangotech.com',NULL,'oxEWHZyW',NULL,NULL,NULL,'ed267468-157a-4cb6-a938-d9c4a7a47fe9',NULL,NULL,NULL,NULL,NULL,1,1,1,0,13,'2025-01-15 16:37:13',1,'2025-01-15 16:37:13','google','google','TuJi3TXx3OQLf3eUDrk6VYLChZF3',1,0,1,1,NULL,'2025-01-15 16:37:13','2025-02-27 10:10:47'),(14,'USER','Saad','Saad',NULL,NULL,'-','saad.ameer@trangotech.com',NULL,'$2b$06$r6Ym.fwSuXJBVXCpvvKSR.KJpM4phHcQcLhXklw3Ww.gosADDCUbm',NULL,NULL,NULL,'4a6c3831-61e8-4409-b1c8-b5b1d6056d15',NULL,NULL,NULL,NULL,NULL,1,1,0,0,3,'2025-01-15 19:37:36',1,'2025-01-15 19:37:36','custom','custom',NULL,1,0,1,1,'2025-03-14 19:44:34','2025-01-15 19:37:00','2025-03-14 19:44:34'),(15,'USER','Catherine Daugherty','Catherine Daugherty',NULL,NULL,'Labore maiores dolor','ahmed@yopmail.com',NULL,'$2b$06$FE4Xt3VCgm.T0TFM40q62uhQDsDJplrvlebjAm89lK1jMWpcVyuiy',NULL,NULL,NULL,'b2b78ccc-b91d-4450-8be5-3f1826a63443',NULL,NULL,NULL,NULL,NULL,1,1,0,0,1,'2025-01-16 15:43:59',1,'2025-01-16 15:43:59','custom','custom',NULL,1,0,1,1,NULL,'2025-01-16 15:43:35','2025-01-16 16:14:03'),(16,'USER','admin TrangoTech','admin TrangoTech',NULL,NULL,NULL,'admin@mundotango.life',NULL,'oOUJvuN6',NULL,NULL,NULL,'7c3c6308-5377-4560-beff-7a665c576034',NULL,NULL,NULL,NULL,NULL,1,1,1,0,4,'2025-01-22 07:02:28',1,'2025-01-22 07:02:28','google','google','k4oiqBswqvebRSGO0Qm1rtvRNxi1',1,0,1,1,'2025-02-09 22:01:30','2025-01-22 07:02:28','2025-02-09 22:01:30'),(17,'USER','Scott Test','Scott Test',NULL,NULL,'https:','sboddye@gmail.com',NULL,'$2b$06$hi5zlGMjA3UDHvslMQPxpuPCeAfEdoAUrrM7jkIBWhjjpHPYfE82e',NULL,NULL,NULL,'a63bfc00-1906-4366-8135-a9bce4cef96c',NULL,NULL,NULL,NULL,NULL,1,1,1,0,12,'2025-01-22 07:19:55',1,'2025-01-22 07:19:55','custom','custom',NULL,1,0,1,1,'2025-02-09 23:10:35','2025-01-22 07:19:41','2025-02-09 23:10:35'),(18,'USER','Scott test 1','Scott test 1',NULL,NULL,'a','mundotango@mundotango.life',NULL,'$2b$06$hPl4x9G8ucy3AHUyJZecs.sRbRVp9PlG/s5V4gjcWapPl7K6yLr.K',NULL,NULL,NULL,'26821660-54c5-4f47-a40e-c5f50db99d66',NULL,NULL,NULL,NULL,NULL,1,0,0,0,0,NULL,0,NULL,'custom','custom',NULL,1,0,1,1,'2025-02-09 23:10:40','2025-01-22 07:34:09','2025-02-09 23:10:40'),(19,'USER','Syed Shaheer Aamir','Syed Shaheer Aamir',NULL,NULL,NULL,'syed.shaheer@trangotech.com',NULL,'TV5xHWJF',NULL,NULL,'Mexico','c5cd60c2-ff13-43ba-91bb-c327ffea2b08',NULL,NULL,'undefined',NULL,NULL,1,1,1,0,13,'2025-02-04 11:39:33',1,'2025-02-04 11:39:33','google','google','jlZ01HkHqWf04X0rUtXVpW8ADyU2',1,0,1,1,'2025-02-26 07:09:17','2025-02-04 11:39:33','2025-02-26 07:09:17'),(20,'USER','Emmanuel Hicks','Emmanuel Hicks',NULL,NULL,'Numquam omnis fugit','juki@yopmail.com',NULL,'$2b$06$8YiVz46ut5vQdiTuPi/lCOMxkBoT8uqqv.f5si7sgpJxwKPugOUOW',NULL,NULL,NULL,'d7a85715-f83a-4f12-8b4c-b48c8220939d',NULL,NULL,NULL,NULL,NULL,1,1,1,0,13,'2025-02-07 13:21:43',1,'2025-02-07 13:21:43','custom','custom',NULL,1,0,1,1,NULL,'2025-02-07 13:21:09','2025-02-07 14:14:07'),(21,'USER','Bo George','Bo George',NULL,NULL,'Mollitia ut unde ame','waa@yopmail.com',NULL,'$2b$06$Lj2DNSRCBeGChO8GkMC/dODCY40TBWQ8saCLn3s7ILWmlUm9P/u3e',NULL,NULL,NULL,'02332026-503a-4073-98d5-685da4b60fe3',NULL,NULL,NULL,NULL,NULL,1,0,0,0,0,NULL,0,NULL,'custom','custom',NULL,1,0,1,1,NULL,'2025-02-07 14:39:51','2025-02-07 14:39:51'),(22,'USER','Elliott Ross','Elliott Ross',NULL,NULL,'Hic molestiae sint ','vaa@yopmail.com',NULL,'$2b$06$XSOPoW.EThQhS.MOl5zzw.y99TAH1JMlhM3QTZ/AtHtjVd8PFZEi6',NULL,NULL,NULL,'349a8b21-7139-4bfc-997d-098a6e337493',NULL,NULL,NULL,NULL,NULL,1,1,1,0,13,'2025-02-19 17:29:14',1,'2025-02-19 17:29:14','custom','custom',NULL,1,0,1,1,NULL,'2025-02-07 15:03:40','2025-02-19 17:31:34'),(23,'USER','Madonna Johnson','Madonna Johnson',NULL,NULL,'Anim aperiam qui do ','kesazy@yopmail.com',NULL,'$2b$06$k/tZ7rOMINrukiU913DFS.HGOcG3OkaJHeNuAK2y9uwohLUnT/kk.',NULL,NULL,NULL,'8bb6a9b6-9361-4a48-ae3a-729c67698abd',NULL,NULL,NULL,NULL,NULL,1,0,0,0,0,NULL,0,NULL,'custom','custom',NULL,1,0,1,1,NULL,'2025-02-07 15:05:12','2025-02-07 15:05:12'),(24,'USER','Colton Bender','Colton Bender',NULL,NULL,'Lorem dolor ipsam su','paa@yopmail.com',NULL,'$2b$06$Blw.WGaJ5jNtMXRwgN64q.wjhSvvobMSniRFvDKfgkJ06j2.Tj8Jy',NULL,NULL,NULL,'38a51d24-c52f-4272-bfbb-42c6031942d2',NULL,NULL,NULL,NULL,NULL,1,1,0,0,0,'2025-02-07 15:19:16',1,'2025-02-07 15:19:16','custom','custom',NULL,1,0,1,1,NULL,'2025-02-07 15:19:00','2025-02-07 15:19:16'),(25,'USER','Raja Haynes','Raja Haynes',NULL,NULL,'Velit beatae et arc','qaa@yopmail.com',NULL,'$2b$06$Ey4Y.tm669Gd9g6UgeRia.75hnNb.43GsDgG9JY3EUS7ycYJMumLe',NULL,NULL,NULL,'3ce2755f-1e26-45a4-a439-d0ab9aa864cb',NULL,NULL,NULL,NULL,NULL,1,1,1,0,2,'2025-02-07 15:20:58',1,'2025-02-07 15:20:58','custom','custom',NULL,1,0,1,1,'2025-02-19 09:23:03','2025-02-07 15:20:43','2025-02-19 09:23:03'),(26,'USER','admin TrangoTech','admin TrangoTech',NULL,NULL,NULL,'admin@mundotango.life',NULL,'aGF51Nl8',NULL,NULL,NULL,'21c844ad-5cf5-4c97-b271-a97932a19fb0',NULL,NULL,NULL,NULL,NULL,1,1,1,0,12,'2025-02-09 22:01:37',1,'2025-02-09 22:01:37','google','google','k4oiqBswqvebRSGO0Qm1rtvRNxi1',1,0,1,0,'2025-02-26 06:49:41','2025-02-09 22:01:37','2025-02-26 06:49:41'),(27,'USER','Alika Spence','Alika Spence',NULL,NULL,'Minima id sit totam ','dexoka@mailinator.com',NULL,'$2b$06$X5C4kPijK9/cSBh08D2rUuvNQglkmGer7o3N9xJXyyobbBZBkYi7m',NULL,NULL,NULL,'fe44a5c9-254f-4699-abf5-4565e217ff52',NULL,NULL,NULL,NULL,NULL,1,0,0,0,0,NULL,0,NULL,'custom','custom',NULL,1,0,1,1,NULL,'2025-02-14 12:26:09','2025-02-14 12:26:09'),(28,'USER','Faaiz Hassan','Faaiz Hassan',NULL,NULL,NULL,'faaiz.hassan@trangotech.com',NULL,'8huSuLhN',NULL,NULL,NULL,'cc4dbbd5-41da-477b-a1f5-c451082e2e1f',NULL,NULL,NULL,NULL,NULL,1,1,0,0,0,'2025-02-14 14:17:02',1,'2025-02-14 14:17:02','google','google','ISnvj6Kgo4hAOAcDXCiSVkNih662',1,0,1,1,NULL,'2025-02-14 14:17:02','2025-02-14 14:17:02'),(29,'USER','Scott Boddye','Scott Boddye',NULL,NULL,NULL,'sboddye@gmail.com',NULL,'Ydnp8q3Z',NULL,NULL,NULL,'4de5ef2a-e665-4949-8fcf-36be95d37559',NULL,NULL,NULL,NULL,NULL,1,1,1,0,13,'2025-02-14 20:14:29',1,'2025-02-14 20:14:29','google','google','on5uIzNbldcUOPwDXl8WVuIBFOG2',1,0,1,1,NULL,'2025-02-14 20:14:29','2025-03-03 02:29:40'),(30,'USER','Obaid','Obaid',NULL,NULL,'N/A','obaid.chawla@trangotech.com',NULL,'$2b$06$0DWTPcMU9iV5cK1imqufXupHcPHg.cgNf/584iglZB4wXNdwu.3Rm',NULL,NULL,NULL,'03be51d0-1cf5-4e48-93fa-6712f26571fe',NULL,NULL,NULL,NULL,NULL,1,1,1,0,12,'2025-02-14 21:12:15',1,'2025-02-14 21:12:15','custom','custom',NULL,1,0,1,1,NULL,'2025-02-14 21:11:57','2025-02-14 21:17:14'),(31,'USER','Pacho Georgiev','Pacho Georgiev',NULL,NULL,NULL,'pacho2ge@gmail.com',NULL,'OgHWQBFn',NULL,NULL,NULL,'a71e7776-7ded-415f-a0b8-4c3cf6da03c6',NULL,NULL,NULL,NULL,NULL,1,1,1,0,13,'2025-02-18 07:13:28',1,'2025-02-18 07:13:28','google','google','yvKpndUARMbj4ZolCZSjIOQVd5s1',1,0,1,1,NULL,'2025-02-18 07:13:28','2025-03-27 21:51:40'),(32,'USER','admin TrangoTech','admin TrangoTech',NULL,NULL,NULL,'admin@mundotango.life',NULL,'OnN5v8EP',NULL,NULL,NULL,'8dde34ea-0d6a-4409-a8a1-bf39ccc4ebb3',NULL,NULL,NULL,NULL,NULL,1,1,1,0,13,'2025-02-21 17:42:31',1,'2025-02-21 17:42:31','google','google','k4oiqBswqvebRSGO0Qm1rtvRNxi1',1,0,1,1,'2025-02-26 07:08:25','2025-02-21 17:42:31','2025-02-26 07:08:25'),(33,'USER','Syed Shaheer Aamir','Syed Shaheer Aamir',NULL,NULL,NULL,'syed.shaheer@trangotech.com',NULL,'D9nGoKcd',NULL,'','','25e62e05-c303-4eb3-be6a-38e84cf7e1e2',NULL,NULL,'undefined','user/59c1ecf8-6cf6-4adf-bfcc-abcdf2d86c4f.jpeg','user/3687a965-afd0-4d9e-a01c-6ef154f20c78.jpeg',1,1,1,0,1,'2025-02-26 07:09:32',1,'2025-02-26 07:09:32','google','google','jlZ01HkHqWf04X0rUtXVpW8ADyU2',1,0,1,1,NULL,'2025-02-26 07:09:32','2025-03-12 10:17:07'),(34,'USER','admin TrangoTech','admin TrangoTech',NULL,NULL,NULL,'admin@mundotango.life',NULL,'skoAiwmT',NULL,NULL,NULL,'d7893dec-606e-4169-b2a3-ac10305d5ad4',NULL,NULL,NULL,NULL,NULL,1,1,1,0,13,'2025-02-28 22:51:10',1,'2025-02-28 22:51:10','google','google','k4oiqBswqvebRSGO0Qm1rtvRNxi1',1,0,1,0,'2025-03-03 01:41:32','2025-02-28 22:51:10','2025-03-03 01:41:32'),(35,'USER','admin TrangoTech','admin TrangoTech',NULL,NULL,NULL,'admin@mundotango.life',NULL,'jxLMpKLM',NULL,NULL,NULL,'1e32b857-847e-4b50-a383-84e7da39409c',NULL,NULL,NULL,NULL,NULL,1,1,1,0,13,'2025-03-03 02:06:10',1,'2025-03-03 02:06:10','google','google','k4oiqBswqvebRSGO0Qm1rtvRNxi1',1,0,1,1,'2025-03-08 20:47:14','2025-03-03 02:06:10','2025-03-08 20:47:14'),(36,'USER','admin TrangoTech','admin TrangoTech',NULL,NULL,NULL,'admin@mundotango.life',NULL,'7yIIVUiG',NULL,NULL,NULL,'028c4911-8bf8-4294-ba30-59e1cf59991e',NULL,NULL,NULL,NULL,NULL,1,1,1,0,13,'2025-03-08 20:57:11',1,'2025-03-08 20:57:11','google','google','k4oiqBswqvebRSGO0Qm1rtvRNxi1',1,0,1,1,'2025-03-09 17:13:40','2025-03-08 20:57:11','2025-03-09 17:13:40'),(37,'USER','admin TrangoTech','admin TrangoTech',NULL,NULL,NULL,'admin@mundotango.life',NULL,'0ozZekDq',NULL,'','','951abc90-f1e0-49ae-96a2-d6e38c5873db',NULL,NULL,'undefined',NULL,NULL,1,1,1,0,4,'2025-03-09 17:15:36',1,'2025-03-09 17:15:36','google','google','k4oiqBswqvebRSGO0Qm1rtvRNxi1',1,0,1,1,NULL,'2025-03-09 17:15:36','2025-03-10 20:29:28'),(38,'USER','Anjolie Sweeney','Anjolie Sweeney',NULL,NULL,'Autem est hic animi','test11@yopmail.com',NULL,'$2b$06$eWdi5h0bYQG4uqBwPcjk6eCm.UIUA8LJDZ53D9bFV0Cp.6UM0CQtS',NULL,'Dubai','','c415fa16-47ca-4999-8596-3d7a2028d640',NULL,NULL,'undefined','user/f347c34e-bd75-47f5-8238-3b137c1517b7.png','user/8e398fc1-6163-4692-a53b-0c00e8ccc50f.jpeg',1,1,1,0,13,'2025-03-12 08:04:06',1,'2025-03-12 08:04:06','custom','custom',NULL,1,0,1,1,NULL,'2025-03-12 08:03:29','2025-03-17 08:49:42'),(39,'USER','Saad Ameer','Saad Ameer',NULL,NULL,'-','saad.ameer@trangotech.com',NULL,'$2b$06$LRvQiuIv3ymWEmOax0qlh.erBON9NtMmVwfC/6x.6mhkAwLYcAowm',NULL,'','','e2fd8b02-5708-4938-b075-0c55a77fc27c',NULL,NULL,'undefined','user/d916bc0d-7f29-49f7-af4e-70b94059f428.jpeg','user/9c50f943-3e24-4bdc-9648-a579dcb8d201.png',1,1,1,0,13,'2025-03-14 19:45:37',1,'2025-03-14 19:45:37','custom','custom',NULL,1,0,1,1,'2025-03-14 22:33:38','2025-03-14 19:45:11','2025-03-14 22:33:38'),(40,'USER','Saad Ameer','Saad Ameer',NULL,NULL,'-','saad.ameer@trangotech.com',NULL,'$2b$06$5ZeOS805Pfb24HRkXbnMA.heY8Z6Fdtp/RZ45cZLE8WAms9N0QY56',NULL,NULL,NULL,'7e2e308f-74a4-4962-8d35-d9c8a5638d8a',NULL,NULL,NULL,NULL,NULL,1,1,1,0,13,'2025-03-14 22:34:38',1,'2025-03-14 22:34:38','custom','custom',NULL,1,0,1,1,NULL,'2025-03-14 22:34:20','2025-03-14 22:43:12'),(41,'USER','Cruz Chapman','Cruz Chapman',NULL,NULL,'Anim fugiat magni qu','test22@yopmail.com',NULL,'$2b$06$L2o9ElLl0kg3xYL0sR50HeAycqwP9slHWuP2XueqAvSYT7YlOBYES',NULL,'Al Ain City',NULL,'a359061d-7c10-4f12-8362-654aedb20941',NULL,NULL,NULL,NULL,NULL,1,1,1,0,13,'2025-03-14 22:51:57',1,'2025-03-14 22:51:57','custom','custom',NULL,1,0,1,1,NULL,'2025-03-14 22:51:31','2025-03-17 08:51:28'),(42,'USER','syed shaheer','syed shaheer',NULL,NULL,NULL,'syedshaheer0331@gmail.com',NULL,'MCajRAVJ',NULL,NULL,NULL,'c6cec515-5366-4846-a83b-bd7bf1abb1d9',NULL,NULL,NULL,NULL,NULL,1,1,0,0,1,'2025-03-15 10:10:49',1,'2025-03-15 10:10:49','google','google','cZfLyo4K2Pc8aLVlF3T0KT9Aj0r1',1,0,1,1,NULL,'2025-03-15 10:10:49','2025-03-15 10:12:09'),(43,'USER','Devin Salas','Devin Salas',NULL,NULL,'Enim eius quidem rer','junaid@yopmail.com',NULL,'$2b$06$qpxDnXXnWQ0rO6/VioSAyOL9yNE3BSgWlL0E46htVuJ9JdlLQluiu',NULL,'Al Shamkhah City',NULL,'a16089e1-15f4-4562-a261-149693c8adb9',NULL,NULL,NULL,NULL,NULL,1,1,1,0,13,'2025-03-17 10:10:17',1,'2025-03-17 10:10:17','custom','custom',NULL,1,0,1,1,NULL,'2025-03-17 10:09:58','2025-03-17 10:24:10');

/*Table structure for table `webhook_logs` */

DROP TABLE IF EXISTS `webhook_logs`;

CREATE TABLE `webhook_logs` (
  `id` int NOT NULL AUTO_INCREMENT,
  `data` text NOT NULL,
  `deletedAt` datetime DEFAULT NULL,
  `createdAt` datetime NOT NULL,
  `updatedAt` datetime NOT NULL,
  PRIMARY KEY (`id`)
) ENGINE=InnoDB AUTO_INCREMENT=32 DEFAULT CHARSET=utf8mb4 COLLATE=utf8mb4_0900_ai_ci;

/*Data for the table `webhook_logs` */

insert  into `webhook_logs`(`id`,`data`,`deletedAt`,`createdAt`,`updatedAt`) values (1,'{\"name\":\"b2c_lead.mwf\",\"description\":\"local\",\"stripe_price_id\":\"32aerwrsdd\",\"amount\":500,\"duration\":2}',NULL,'2025-03-26 11:05:21','2025-03-26 11:05:21'),(2,'{\"id\":\"evt_1R7DwgPWgXkvbq8nE841nnLP\",\"object\":\"event\",\"api_version\":\"2025-02-24.acacia\",\"created\":1743072355,\"data\":{\"object\":{\"id\":\"cus_S1GTtnJ0eXQLfz\",\"object\":\"customer\",\"address\":{\"city\":null,\"country\":\"US\",\"line1\":null,\"line2\":null,\"postal_code\":\"75000\",\"state\":null},\"balance\":0,\"created\":1743072354,\"currency\":\"usd\",\"default_source\":null,\"delinquent\":false,\"description\":null,\"discount\":null,\"email\":\"faaizulhasan@gmail.com\",\"invoice_prefix\":\"FFAC313B\",\"invoice_settings\":{\"custom_fields\":null,\"default_payment_method\":null,\"footer\":null,\"rendering_options\":null},\"livemode\":false,\"metadata\":{},\"name\":\"Faaiz Ul Hassan\",\"next_invoice_sequence\":2,\"phone\":null,\"preferred_locales\":[\"en-US\"],\"shipping\":null,\"tax_exempt\":\"none\",\"test_clock\":null},\"previous_attributes\":{\"currency\":null}},\"livemode\":false,\"pending_webhooks\":1,\"request\":{\"id\":null,\"idempotency_key\":\"d043fd6f-1f75-4200-973a-b69618c2a065\"},\"type\":\"customer.updated\"}',NULL,'2025-03-27 10:45:59','2025-03-27 10:45:59'),(3,'{\"id\":\"evt_1R7DwhPWgXkvbq8narpMU9zq\",\"object\":\"event\",\"api_version\":\"2025-02-24.acacia\",\"created\":1743072356,\"data\":{\"object\":{\"id\":\"sub_1R7DwcPWgXkvbq8nJTENuUr7\",\"object\":\"subscription\",\"application\":null,\"application_fee_percent\":null,\"automatic_tax\":{\"disabled_reason\":null,\"enabled\":false,\"liability\":null},\"billing_cycle_anchor\":1743072354,\"billing_cycle_anchor_config\":null,\"billing_thresholds\":null,\"cancel_at\":null,\"cancel_at_period_end\":false,\"canceled_at\":null,\"cancellation_details\":{\"comment\":null,\"feedback\":null,\"reason\":null},\"collection_method\":\"charge_automatically\",\"created\":1743072354,\"currency\":\"usd\",\"current_period_end\":1745750754,\"current_period_start\":1743072354,\"customer\":\"cus_S1GTtnJ0eXQLfz\",\"days_until_due\":null,\"default_payment_method\":null,\"default_source\":null,\"default_tax_rates\":[],\"description\":null,\"discount\":null,\"discounts\":[],\"ended_at\":null,\"invoice_settings\":{\"account_tax_ids\":null,\"issuer\":{\"type\":\"self\"}},\"items\":{\"object\":\"list\",\"data\":[{\"id\":\"si_S1GTawbjc9LnBv\",\"object\":\"subscription_item\",\"billing_thresholds\":null,\"created\":1743072355,\"current_period_end\":1745750754,\"current_period_start\":1743072354,\"discounts\":[],\"metadata\":{},\"plan\":{\"id\":\"price_1R6bdrPWgXkvbq8n1jYpsAnb\",\"object\":\"plan\",\"active\":true,\"aggregate_usage\":null,\"amount\":500,\"amount_decimal\":\"500\",\"billing_scheme\":\"per_unit\",\"created\":1742925119,\"currency\":\"usd\",\"interval\":\"month\",\"interval_count\":1,\"livemode\":false,\"metadata\":{},\"meter\":null,\"nickname\":null,\"product\":\"prod_S0ctvBPx23j7OE\",\"tiers_mode\":null,\"transform_usage\":null,\"trial_period_days\":null,\"usage_type\":\"licensed\"},\"price\":{\"id\":\"price_1R6bdrPWgXkvbq8n1jYpsAnb\",\"object\":\"price\",\"active\":true,\"billing_scheme\":\"per_unit\",\"created\":1742925119,\"currency\":\"usd\",\"custom_unit_amount\":null,\"livemode\":false,\"lookup_key\":null,\"metadata\":{},\"nickname\":null,\"product\":\"prod_S0ctvBPx23j7OE\",\"recurring\":{\"aggregate_usage\":null,\"interval\":\"month\",\"interval_count\":1,\"meter\":null,\"trial_period_days\":null,\"usage_type\":\"licensed\"},\"tax_behavior\":\"unspecified\",\"tiers_mode\":null,\"transform_quantity\":null,\"type\":\"recurring\",\"unit_amount\":500,\"unit_amount_decimal\":\"500\"},\"quantity\":1,\"subscription\":\"sub_1R7DwcPWgXkvbq8nJTENuUr7\",\"tax_rates\":[]}],\"has_more\":false,\"total_count\":1,\"url\":\"/v1/subscription_items?subscription=sub_1R7DwcPWgXkvbq8nJTENuUr7\"},\"latest_invoice\":\"in_1R7DwcPWgXkvbq8nvMR4oZXA\",\"livemode\":false,\"metadata\":{},\"next_pending_invoice_item_invoice\":null,\"on_behalf_of\":null,\"pause_collection\":null,\"payment_settings\":{\"payment_method_options\":{\"acss_debit\":null,\"bancontact\":null,\"card\":{\"network\":null,\"request_three_d_secure\":\"automatic\"},\"customer_balance\":null,\"konbini\":null,\"sepa_debit\":null,\"us_bank_account\":null},\"payment_method_types\":null,\"save_default_payment_method\":\"off\"},\"pending_invoice_item_interval\":null,\"pending_setup_intent\":null,\"pending_update\":null,\"plan\":{\"id\":\"price_1R6bdrPWgXkvbq8n1jYpsAnb\",\"object\":\"plan\",\"active\":true,\"aggregate_usage\":null,\"amount\":500,\"amount_decimal\":\"500\",\"billing_scheme\":\"per_unit\",\"created\":1742925119,\"currency\":\"usd\",\"interval\":\"month\",\"interval_count\":1,\"livemode\":false,\"metadata\":{},\"meter\":null,\"nickname\":null,\"product\":\"prod_S0ctvBPx23j7OE\",\"tiers_mode\":null,\"transform_usage\":null,\"trial_period_days\":null,\"usage_type\":\"licensed\"},\"quantity\":1,\"schedule\":null,\"start_date\":1743072354,\"status\":\"incomplete\",\"test_clock\":null,\"transfer_data\":null,\"trial_end\":null,\"trial_settings\":{\"end_behavior\":{\"missing_payment_method\":\"create_invoice\"}},\"trial_start\":null}},\"livemode\":false,\"pending_webhooks\":1,\"request\":{\"id\":null,\"idempotency_key\":\"d043fd6f-1f75-4200-973a-b69618c2a065\"},\"type\":\"customer.subscription.created\"}',NULL,'2025-03-27 10:45:59','2025-03-27 10:45:59'),(4,'{\"id\":\"evt_3R7DwdPWgXkvbq8n12nKafLi\",\"object\":\"event\",\"api_version\":\"2025-02-24.acacia\",\"created\":1743072357,\"data\":{\"object\":{\"id\":\"pi_3R7DwdPWgXkvbq8n170VYtl5\",\"object\":\"payment_intent\",\"amount\":500,\"amount_capturable\":0,\"amount_details\":{\"tip\":{}},\"amount_received\":500,\"application\":null,\"application_fee_amount\":null,\"automatic_payment_methods\":null,\"canceled_at\":null,\"cancellation_reason\":null,\"capture_method\":\"automatic\",\"client_secret\":\"pi_3R7DwdPWgXkvbq8n170VYtl5_secret_vfAAoQIzDIAPtJYtwrzJPCuXo\",\"confirmation_method\":\"automatic\",\"created\":1743072355,\"currency\":\"usd\",\"customer\":\"cus_S1GTtnJ0eXQLfz\",\"description\":\"Subscription creation\",\"invoice\":\"in_1R7DwcPWgXkvbq8nvMR4oZXA\",\"last_payment_error\":null,\"latest_charge\":\"ch_3R7DwdPWgXkvbq8n1FiNMoGk\",\"livemode\":false,\"metadata\":{},\"next_action\":null,\"on_behalf_of\":null,\"payment_method\":\"pm_1R7DwbPWgXkvbq8nqaKIFdXX\",\"payment_method_configuration_details\":null,\"payment_method_options\":{\"amazon_pay\":{\"express_checkout_element_session_id\":null},\"card\":{\"installments\":null,\"mandate_options\":null,\"network\":null,\"request_three_d_secure\":\"automatic\",\"setup_future_usage\":\"off_session\"},\"cashapp\":{},\"link\":{\"persistent_token\":null}},\"payment_method_types\":[\"amazon_pay\",\"card\",\"cashapp\",\"link\"],\"processing\":null,\"receipt_email\":null,\"review\":null,\"setup_future_usage\":\"off_session\",\"shipping\":null,\"source\":null,\"statement_descriptor\":null,\"statement_descriptor_suffix\":null,\"status\":\"succeeded\",\"transfer_data\":null,\"transfer_group\":null}},\"livemode\":false,\"pending_webhooks\":1,\"request\":{\"id\":null,\"idempotency_key\":\"d043fd6f-1f75-4200-973a-b69618c2a065\"},\"type\":\"payment_intent.succeeded\"}',NULL,'2025-03-27 10:45:59','2025-03-27 10:45:59'),(5,'{\"id\":\"evt_1R7DwhPWgXkvbq8nou240Qtk\",\"object\":\"event\",\"api_version\":\"2025-02-24.acacia\",\"created\":1743072358,\"data\":{\"object\":{\"id\":\"cs_test_a1J8TMSl5jlHxQl5cv4bLOCStcKH4YN4RNrAo9JVy7xsaeahLKe2gPDsNk\",\"object\":\"checkout.session\",\"adaptive_pricing\":null,\"after_expiration\":null,\"allow_promotion_codes\":null,\"amount_subtotal\":500,\"amount_total\":500,\"automatic_tax\":{\"enabled\":false,\"liability\":null,\"status\":null},\"billing_address_collection\":null,\"cancel_url\":\"https://api.mundotango.trangotechdevs.com/success\",\"client_reference_id\":null,\"client_secret\":null,\"collected_information\":{\"shipping_details\":null},\"consent\":null,\"consent_collection\":null,\"created\":1743072273,\"currency\":\"usd\",\"currency_conversion\":null,\"custom_fields\":[],\"custom_text\":{\"after_submit\":null,\"shipping_address\":null,\"submit\":null,\"terms_of_service_acceptance\":null},\"customer\":\"cus_S1GTtnJ0eXQLfz\",\"customer_creation\":\"always\",\"customer_details\":{\"address\":{\"city\":null,\"country\":\"US\",\"line1\":null,\"line2\":null,\"postal_code\":\"75000\",\"state\":null},\"email\":\"faaizulhasan@gmail.com\",\"name\":\"Faaiz Ul Hassan\",\"phone\":null,\"tax_exempt\":\"none\",\"tax_ids\":[]},\"customer_email\":null,\"discounts\":[],\"expires_at\":1743158673,\"invoice\":\"in_1R7DwcPWgXkvbq8nvMR4oZXA\",\"invoice_creation\":null,\"livemode\":false,\"locale\":null,\"metadata\":{},\"mode\":\"subscription\",\"payment_intent\":null,\"payment_link\":null,\"payment_method_collection\":\"always\",\"payment_method_configuration_details\":null,\"payment_method_options\":{\"card\":{\"request_three_d_secure\":\"automatic\"}},\"payment_method_types\":[\"card\"],\"payment_status\":\"paid\",\"permissions\":null,\"phone_number_collection\":{\"enabled\":false},\"recovered_from\":null,\"saved_payment_method_options\":{\"allow_redisplay_filters\":[\"always\"],\"payment_method_remove\":null,\"payment_method_save\":null},\"setup_intent\":null,\"shipping_address_collection\":null,\"shipping_cost\":null,\"shipping_details\":null,\"shipping_options\":[],\"status\":\"complete\",\"submit_type\":null,\"subscription\":\"sub_1R7DwcPWgXkvbq8nJTENuUr7\",\"success_url\":\"https://api.mundotango.trangotechdevs.com/\",\"total_details\":{\"amount_discount\":0,\"amount_shipping\":0,\"amount_tax\":0},\"ui_mode\":\"hosted\",\"url\":null}},\"livemode\":false,\"pending_webhooks\":1,\"request\":{\"id\":null,\"idempotency_key\":null},\"type\":\"checkout.session.completed\"}',NULL,'2025-03-27 10:45:59','2025-03-27 10:45:59'),(6,'{\"id\":\"evt_1R7DwhPWgXkvbq8nu8SQMCqf\",\"object\":\"event\",\"api_version\":\"2025-02-24.acacia\",\"created\":1743072356,\"data\":{\"object\":{\"id\":\"in_1R7DwcPWgXkvbq8nvMR4oZXA\",\"object\":\"invoice\",\"account_country\":\"US\",\"account_name\":\"Default sandbox\",\"account_tax_ids\":null,\"amount_due\":500,\"amount_overpaid\":0,\"amount_paid\":0,\"amount_remaining\":500,\"amount_shipping\":0,\"application\":null,\"application_fee_amount\":null,\"attempt_count\":0,\"attempted\":false,\"auto_advance\":false,\"automatic_tax\":{\"disabled_reason\":null,\"enabled\":false,\"liability\":null,\"status\":null},\"automatically_finalizes_at\":null,\"billing_reason\":\"subscription_create\",\"charge\":null,\"collection_method\":\"charge_automatically\",\"created\":1743072354,\"currency\":\"usd\",\"custom_fields\":null,\"customer\":\"cus_S1GTtnJ0eXQLfz\",\"customer_address\":{\"city\":null,\"country\":\"US\",\"line1\":null,\"line2\":null,\"postal_code\":\"75000\",\"state\":null},\"customer_email\":\"faaizulhasan@gmail.com\",\"customer_name\":\"Faaiz Ul Hassan\",\"customer_phone\":null,\"customer_shipping\":null,\"customer_tax_exempt\":\"none\",\"customer_tax_ids\":[],\"default_payment_method\":null,\"default_source\":null,\"default_tax_rates\":[],\"description\":null,\"discount\":null,\"discounts\":[],\"due_date\":null,\"effective_at\":1743072354,\"ending_balance\":0,\"footer\":null,\"from_invoice\":null,\"hosted_invoice_url\":\"https://invoice.stripe.com/i/acct_1R6baSPWgXkvbq8n/test_YWNjdF8xUjZiYVNQV2dYa3ZicThuLF9TMUdUZlhPTnFPQTJ6cDVUdTFzbGp4eG1OVFJOZEppLDEzMzYxMzE1OQ0200Hq13qSiH?s=ap\",\"invoice_pdf\":\"https://pay.stripe.com/invoice/acct_1R6baSPWgXkvbq8n/test_YWNjdF8xUjZiYVNQV2dYa3ZicThuLF9TMUdUZlhPTnFPQTJ6cDVUdTFzbGp4eG1OVFJOZEppLDEzMzYxMzE1OQ0200Hq13qSiH/pdf?s=ap\",\"issuer\":{\"type\":\"self\"},\"last_finalization_error\":null,\"latest_revision\":null,\"lines\":{\"object\":\"list\",\"data\":[{\"id\":\"il_1R7DwcPWgXkvbq8n1HZNzkF7\",\"object\":\"line_item\",\"amount\":500,\"amount_excluding_tax\":500,\"currency\":\"usd\",\"description\":\"1 × Member (at $5.00 / month)\",\"discount_amounts\":[],\"discountable\":true,\"discounts\":[],\"invoice\":\"in_1R7DwcPWgXkvbq8nvMR4oZXA\",\"livemode\":false,\"metadata\":{},\"parent\":{\"invoice_item_details\":null,\"subscription_item_details\":{\"invoice_item\":null,\"proration\":false,\"proration_details\":{\"credited_items\":null},\"subscription\":\"sub_1R7DwcPWgXkvbq8nJTENuUr7\",\"subscription_item\":\"si_S1GTawbjc9LnBv\"},\"type\":\"subscription_item_details\"},\"period\":{\"end\":1745750754,\"start\":1743072354},\"plan\":{\"id\":\"price_1R6bdrPWgXkvbq8n1jYpsAnb\",\"object\":\"plan\",\"active\":true,\"aggregate_usage\":null,\"amount\":500,\"amount_decimal\":\"500\",\"billing_scheme\":\"per_unit\",\"created\":1742925119,\"currency\":\"usd\",\"interval\":\"month\",\"interval_count\":1,\"livemode\":false,\"metadata\":{},\"meter\":null,\"nickname\":null,\"product\":\"prod_S0ctvBPx23j7OE\",\"tiers_mode\":null,\"transform_usage\":null,\"trial_period_days\":null,\"usage_type\":\"licensed\"},\"pretax_credit_amounts\":[],\"price\":{\"id\":\"price_1R6bdrPWgXkvbq8n1jYpsAnb\",\"object\":\"price\",\"active\":true,\"billing_scheme\":\"per_unit\",\"created\":1742925119,\"currency\":\"usd\",\"custom_unit_amount\":null,\"livemode\":false,\"lookup_key\":null,\"metadata\":{},\"nickname\":null,\"product\":\"prod_S0ctvBPx23j7OE\",\"recurring\":{\"aggregate_usage\":null,\"interval\":\"month\",\"interval_count\":1,\"meter\":null,\"trial_period_days\":null,\"usage_type\":\"licensed\"},\"tax_behavior\":\"unspecified\",\"tiers_mode\":null,\"transform_quantity\":null,\"type\":\"recurring\",\"unit_amount\":500,\"unit_amount_decimal\":\"500\"},\"pricing\":{\"price_details\":{\"price\":\"price_1R6bdrPWgXkvbq8n1jYpsAnb\",\"product\":\"prod_S0ctvBPx23j7OE\"},\"type\":\"price_details\",\"unit_amount_decimal\":\"500\"},\"proration\":false,\"proration_details\":{\"credited_items\":null},\"quantity\":1,\"subscription\":\"sub_1R7DwcPWgXkvbq8nJTENuUr7\",\"subscription_item\":\"si_S1GTawbjc9LnBv\",\"tax_amounts\":[],\"tax_rates\":[],\"taxes\":[],\"type\":\"subscription\",\"unit_amount_excluding_tax\":\"500\"}],\"has_more\":false,\"total_count\":1,\"url\":\"/v1/invoices/in_1R7DwcPWgXkvbq8nvMR4oZXA/lines\"},\"livemode\":false,\"metadata\":{},\"next_payment_attempt\":null,\"number\":\"FFAC313B-0001\",\"on_behalf_of\":null,\"paid\":false,\"paid_out_of_band\":false,\"parent\":{\"quote_details\":null,\"subscription_details\":{\"metadata\":{},\"subscription\":\"sub_1R7DwcPWgXkvbq8nJTENuUr7\"},\"type\":\"subscription_details\"},\"payment_intent\":\"pi_3R7DwdPWgXkvbq8n170VYtl5\",\"payment_settings\":{\"default_mandate\":null,\"payment_method_options\":{\"acss_debit\":null,\"bancontact\":null,\"card\":{\"request_three_d_secure\":\"automatic\"},\"customer_balance\":null,\"konbini\":null,\"sepa_debit\":null,\"us_bank_account\":null},\"payment_method_types\":null},\"period_end\":1743072354,\"period_start\":1743072354,\"post_payment_credit_notes_amount\":0,\"pre_payment_credit_notes_amount\":0,\"quote\":null,\"receipt_number\":null,\"rendering\":null,\"shipping_cost\":null,\"shipping_details\":null,\"starting_balance\":0,\"statement_descriptor\":null,\"status\":\"open\",\"status_transitions\":{\"finalized_at\":1743072354,\"marked_uncollectible_at\":null,\"paid_at\":null,\"voided_at\":null},\"subscription\":\"sub_1R7DwcPWgXkvbq8nJTENuUr7\",\"subscription_details\":{\"metadata\":{}},\"subtotal\":500,\"subtotal_excluding_tax\":500,\"tax\":null,\"test_clock\":null,\"total\":500,\"total_discount_amounts\":[],\"total_excluding_tax\":500,\"total_pretax_credit_amounts\":[],\"total_tax_amounts\":[],\"total_taxes\":[],\"transfer_data\":null,\"webhooks_delivered_at\":null}},\"livemode\":false,\"pending_webhooks\":1,\"request\":{\"id\":null,\"idempotency_key\":\"d043fd6f-1f75-4200-973a-b69618c2a065\"},\"type\":\"invoice.created\"}',NULL,'2025-03-27 10:45:59','2025-03-27 10:45:59'),(7,'{\"id\":\"evt_1R7DwhPWgXkvbq8nYC7x91FW\",\"object\":\"event\",\"api_version\":\"2025-02-24.acacia\",\"created\":1743072358,\"data\":{\"object\":{\"id\":\"sub_1R7DwcPWgXkvbq8nJTENuUr7\",\"object\":\"subscription\",\"application\":null,\"application_fee_percent\":null,\"automatic_tax\":{\"disabled_reason\":null,\"enabled\":false,\"liability\":null},\"billing_cycle_anchor\":1743072354,\"billing_cycle_anchor_config\":null,\"billing_thresholds\":null,\"cancel_at\":null,\"cancel_at_period_end\":false,\"canceled_at\":null,\"cancellation_details\":{\"comment\":null,\"feedback\":null,\"reason\":null},\"collection_method\":\"charge_automatically\",\"created\":1743072354,\"currency\":\"usd\",\"current_period_end\":1745750754,\"current_period_start\":1743072354,\"customer\":\"cus_S1GTtnJ0eXQLfz\",\"days_until_due\":null,\"default_payment_method\":\"pm_1R7DwbPWgXkvbq8nqaKIFdXX\",\"default_source\":null,\"default_tax_rates\":[],\"description\":null,\"discount\":null,\"discounts\":[],\"ended_at\":null,\"invoice_settings\":{\"account_tax_ids\":null,\"issuer\":{\"type\":\"self\"}},\"items\":{\"object\":\"list\",\"data\":[{\"id\":\"si_S1GTawbjc9LnBv\",\"object\":\"subscription_item\",\"billing_thresholds\":null,\"created\":1743072355,\"current_period_end\":1745750754,\"current_period_start\":1743072354,\"discounts\":[],\"metadata\":{},\"plan\":{\"id\":\"price_1R6bdrPWgXkvbq8n1jYpsAnb\",\"object\":\"plan\",\"active\":true,\"aggregate_usage\":null,\"amount\":500,\"amount_decimal\":\"500\",\"billing_scheme\":\"per_unit\",\"created\":1742925119,\"currency\":\"usd\",\"interval\":\"month\",\"interval_count\":1,\"livemode\":false,\"metadata\":{},\"meter\":null,\"nickname\":null,\"product\":\"prod_S0ctvBPx23j7OE\",\"tiers_mode\":null,\"transform_usage\":null,\"trial_period_days\":null,\"usage_type\":\"licensed\"},\"price\":{\"id\":\"price_1R6bdrPWgXkvbq8n1jYpsAnb\",\"object\":\"price\",\"active\":true,\"billing_scheme\":\"per_unit\",\"created\":1742925119,\"currency\":\"usd\",\"custom_unit_amount\":null,\"livemode\":false,\"lookup_key\":null,\"metadata\":{},\"nickname\":null,\"product\":\"prod_S0ctvBPx23j7OE\",\"recurring\":{\"aggregate_usage\":null,\"interval\":\"month\",\"interval_count\":1,\"meter\":null,\"trial_period_days\":null,\"usage_type\":\"licensed\"},\"tax_behavior\":\"unspecified\",\"tiers_mode\":null,\"transform_quantity\":null,\"type\":\"recurring\",\"unit_amount\":500,\"unit_amount_decimal\":\"500\"},\"quantity\":1,\"subscription\":\"sub_1R7DwcPWgXkvbq8nJTENuUr7\",\"tax_rates\":[]}],\"has_more\":false,\"total_count\":1,\"url\":\"/v1/subscription_items?subscription=sub_1R7DwcPWgXkvbq8nJTENuUr7\"},\"latest_invoice\":\"in_1R7DwcPWgXkvbq8nvMR4oZXA\",\"livemode\":false,\"metadata\":{},\"next_pending_invoice_item_invoice\":null,\"on_behalf_of\":null,\"pause_collection\":null,\"payment_settings\":{\"payment_method_options\":{\"acss_debit\":null,\"bancontact\":null,\"card\":{\"network\":null,\"request_three_d_secure\":\"automatic\"},\"customer_balance\":null,\"konbini\":null,\"sepa_debit\":null,\"us_bank_account\":null},\"payment_method_types\":null,\"save_default_payment_method\":\"off\"},\"pending_invoice_item_interval\":null,\"pending_setup_intent\":null,\"pending_update\":null,\"plan\":{\"id\":\"price_1R6bdrPWgXkvbq8n1jYpsAnb\",\"object\":\"plan\",\"active\":true,\"aggregate_usage\":null,\"amount\":500,\"amount_decimal\":\"500\",\"billing_scheme\":\"per_unit\",\"created\":1742925119,\"currency\":\"usd\",\"interval\":\"month\",\"interval_count\":1,\"livemode\":false,\"metadata\":{},\"meter\":null,\"nickname\":null,\"product\":\"prod_S0ctvBPx23j7OE\",\"tiers_mode\":null,\"transform_usage\":null,\"trial_period_days\":null,\"usage_type\":\"licensed\"},\"quantity\":1,\"schedule\":null,\"start_date\":1743072354,\"status\":\"active\",\"test_clock\":null,\"transfer_data\":null,\"trial_end\":null,\"trial_settings\":{\"end_behavior\":{\"missing_payment_method\":\"create_invoice\"}},\"trial_start\":null},\"previous_attributes\":{\"default_payment_method\":null,\"status\":\"incomplete\"}},\"livemode\":false,\"pending_webhooks\":1,\"request\":{\"id\":null,\"idempotency_key\":\"d043fd6f-1f75-4200-973a-b69618c2a065\"},\"type\":\"customer.subscription.updated\"}',NULL,'2025-03-27 10:45:59','2025-03-27 10:45:59'),(8,'{\"id\":\"evt_1R7DwhPWgXkvbq8nHyjRv5Wg\",\"object\":\"event\",\"api_version\":\"2025-02-24.acacia\",\"created\":1743072356,\"data\":{\"object\":{\"id\":\"in_1R7DwcPWgXkvbq8nvMR4oZXA\",\"object\":\"invoice\",\"account_country\":\"US\",\"account_name\":\"Default sandbox\",\"account_tax_ids\":null,\"amount_due\":500,\"amount_overpaid\":0,\"amount_paid\":0,\"amount_remaining\":500,\"amount_shipping\":0,\"application\":null,\"application_fee_amount\":null,\"attempt_count\":0,\"attempted\":false,\"auto_advance\":false,\"automatic_tax\":{\"disabled_reason\":null,\"enabled\":false,\"liability\":null,\"status\":null},\"automatically_finalizes_at\":null,\"billing_reason\":\"subscription_create\",\"charge\":null,\"collection_method\":\"charge_automatically\",\"created\":1743072354,\"currency\":\"usd\",\"custom_fields\":null,\"customer\":\"cus_S1GTtnJ0eXQLfz\",\"customer_address\":{\"city\":null,\"country\":\"US\",\"line1\":null,\"line2\":null,\"postal_code\":\"75000\",\"state\":null},\"customer_email\":\"faaizulhasan@gmail.com\",\"customer_name\":\"Faaiz Ul Hassan\",\"customer_phone\":null,\"customer_shipping\":null,\"customer_tax_exempt\":\"none\",\"customer_tax_ids\":[],\"default_payment_method\":null,\"default_source\":null,\"default_tax_rates\":[],\"description\":null,\"discount\":null,\"discounts\":[],\"due_date\":null,\"effective_at\":1743072354,\"ending_balance\":0,\"footer\":null,\"from_invoice\":null,\"hosted_invoice_url\":\"https://invoice.stripe.com/i/acct_1R6baSPWgXkvbq8n/test_YWNjdF8xUjZiYVNQV2dYa3ZicThuLF9TMUdUZlhPTnFPQTJ6cDVUdTFzbGp4eG1OVFJOZEppLDEzMzYxMzE1OQ0200Hq13qSiH?s=ap\",\"invoice_pdf\":\"https://pay.stripe.com/invoice/acct_1R6baSPWgXkvbq8n/test_YWNjdF8xUjZiYVNQV2dYa3ZicThuLF9TMUdUZlhPTnFPQTJ6cDVUdTFzbGp4eG1OVFJOZEppLDEzMzYxMzE1OQ0200Hq13qSiH/pdf?s=ap\",\"issuer\":{\"type\":\"self\"},\"last_finalization_error\":null,\"latest_revision\":null,\"lines\":{\"object\":\"list\",\"data\":[{\"id\":\"il_1R7DwcPWgXkvbq8n1HZNzkF7\",\"object\":\"line_item\",\"amount\":500,\"amount_excluding_tax\":500,\"currency\":\"usd\",\"description\":\"1 × Member (at $5.00 / month)\",\"discount_amounts\":[],\"discountable\":true,\"discounts\":[],\"invoice\":\"in_1R7DwcPWgXkvbq8nvMR4oZXA\",\"livemode\":false,\"metadata\":{},\"parent\":{\"invoice_item_details\":null,\"subscription_item_details\":{\"invoice_item\":null,\"proration\":false,\"proration_details\":{\"credited_items\":null},\"subscription\":\"sub_1R7DwcPWgXkvbq8nJTENuUr7\",\"subscription_item\":\"si_S1GTawbjc9LnBv\"},\"type\":\"subscription_item_details\"},\"period\":{\"end\":1745750754,\"start\":1743072354},\"plan\":{\"id\":\"price_1R6bdrPWgXkvbq8n1jYpsAnb\",\"object\":\"plan\",\"active\":true,\"aggregate_usage\":null,\"amount\":500,\"amount_decimal\":\"500\",\"billing_scheme\":\"per_unit\",\"created\":1742925119,\"currency\":\"usd\",\"interval\":\"month\",\"interval_count\":1,\"livemode\":false,\"metadata\":{},\"meter\":null,\"nickname\":null,\"product\":\"prod_S0ctvBPx23j7OE\",\"tiers_mode\":null,\"transform_usage\":null,\"trial_period_days\":null,\"usage_type\":\"licensed\"},\"pretax_credit_amounts\":[],\"price\":{\"id\":\"price_1R6bdrPWgXkvbq8n1jYpsAnb\",\"object\":\"price\",\"active\":true,\"billing_scheme\":\"per_unit\",\"created\":1742925119,\"currency\":\"usd\",\"custom_unit_amount\":null,\"livemode\":false,\"lookup_key\":null,\"metadata\":{},\"nickname\":null,\"product\":\"prod_S0ctvBPx23j7OE\",\"recurring\":{\"aggregate_usage\":null,\"interval\":\"month\",\"interval_count\":1,\"meter\":null,\"trial_period_days\":null,\"usage_type\":\"licensed\"},\"tax_behavior\":\"unspecified\",\"tiers_mode\":null,\"transform_quantity\":null,\"type\":\"recurring\",\"unit_amount\":500,\"unit_amount_decimal\":\"500\"},\"pricing\":{\"price_details\":{\"price\":\"price_1R6bdrPWgXkvbq8n1jYpsAnb\",\"product\":\"prod_S0ctvBPx23j7OE\"},\"type\":\"price_details\",\"unit_amount_decimal\":\"500\"},\"proration\":false,\"proration_details\":{\"credited_items\":null},\"quantity\":1,\"subscription\":\"sub_1R7DwcPWgXkvbq8nJTENuUr7\",\"subscription_item\":\"si_S1GTawbjc9LnBv\",\"tax_amounts\":[],\"tax_rates\":[],\"taxes\":[],\"type\":\"subscription\",\"unit_amount_excluding_tax\":\"500\"}],\"has_more\":false,\"total_count\":1,\"url\":\"/v1/invoices/in_1R7DwcPWgXkvbq8nvMR4oZXA/lines\"},\"livemode\":false,\"metadata\":{},\"next_payment_attempt\":null,\"number\":\"FFAC313B-0001\",\"on_behalf_of\":null,\"paid\":false,\"paid_out_of_band\":false,\"parent\":{\"quote_details\":null,\"subscription_details\":{\"metadata\":{},\"subscription\":\"sub_1R7DwcPWgXkvbq8nJTENuUr7\"},\"type\":\"subscription_details\"},\"payment_intent\":\"pi_3R7DwdPWgXkvbq8n170VYtl5\",\"payment_settings\":{\"default_mandate\":null,\"payment_method_options\":{\"acss_debit\":null,\"bancontact\":null,\"card\":{\"request_three_d_secure\":\"automatic\"},\"customer_balance\":null,\"konbini\":null,\"sepa_debit\":null,\"us_bank_account\":null},\"payment_method_types\":null},\"period_end\":1743072354,\"period_start\":1743072354,\"post_payment_credit_notes_amount\":0,\"pre_payment_credit_notes_amount\":0,\"quote\":null,\"receipt_number\":null,\"rendering\":null,\"shipping_cost\":null,\"shipping_details\":null,\"starting_balance\":0,\"statement_descriptor\":null,\"status\":\"open\",\"status_transitions\":{\"finalized_at\":1743072354,\"marked_uncollectible_at\":null,\"paid_at\":null,\"voided_at\":null},\"subscription\":\"sub_1R7DwcPWgXkvbq8nJTENuUr7\",\"subscription_details\":{\"metadata\":{}},\"subtotal\":500,\"subtotal_excluding_tax\":500,\"tax\":null,\"test_clock\":null,\"total\":500,\"total_discount_amounts\":[],\"total_excluding_tax\":500,\"total_pretax_credit_amounts\":[],\"total_tax_amounts\":[],\"total_taxes\":[],\"transfer_data\":null,\"webhooks_delivered_at\":null}},\"livemode\":false,\"pending_webhooks\":1,\"request\":{\"id\":null,\"idempotency_key\":\"d043fd6f-1f75-4200-973a-b69618c2a065\"},\"type\":\"invoice.finalized\"}',NULL,'2025-03-27 10:45:59','2025-03-27 10:45:59'),(9,'{\"id\":\"evt_1R7DwhPWgXkvbq8nTOJ2qr8Q\",\"object\":\"event\",\"api_version\":\"2025-02-24.acacia\",\"created\":1743072358,\"data\":{\"object\":{\"id\":\"in_1R7DwcPWgXkvbq8nvMR4oZXA\",\"object\":\"invoice\",\"account_country\":\"US\",\"account_name\":\"Default sandbox\",\"account_tax_ids\":null,\"amount_due\":500,\"amount_overpaid\":0,\"amount_paid\":500,\"amount_remaining\":0,\"amount_shipping\":0,\"application\":null,\"application_fee_amount\":null,\"attempt_count\":1,\"attempted\":true,\"auto_advance\":false,\"automatic_tax\":{\"disabled_reason\":null,\"enabled\":false,\"liability\":null,\"status\":null},\"automatically_finalizes_at\":null,\"billing_reason\":\"subscription_create\",\"charge\":\"ch_3R7DwdPWgXkvbq8n1FiNMoGk\",\"collection_method\":\"charge_automatically\",\"created\":1743072354,\"currency\":\"usd\",\"custom_fields\":null,\"customer\":\"cus_S1GTtnJ0eXQLfz\",\"customer_address\":{\"city\":null,\"country\":\"US\",\"line1\":null,\"line2\":null,\"postal_code\":\"75000\",\"state\":null},\"customer_email\":\"faaizulhasan@gmail.com\",\"customer_name\":\"Faaiz Ul Hassan\",\"customer_phone\":null,\"customer_shipping\":null,\"customer_tax_exempt\":\"none\",\"customer_tax_ids\":[],\"default_payment_method\":null,\"default_source\":null,\"default_tax_rates\":[],\"description\":null,\"discount\":null,\"discounts\":[],\"due_date\":null,\"effective_at\":1743072354,\"ending_balance\":0,\"footer\":null,\"from_invoice\":null,\"hosted_invoice_url\":\"https://invoice.stripe.com/i/acct_1R6baSPWgXkvbq8n/test_YWNjdF8xUjZiYVNQV2dYa3ZicThuLF9TMUdUZlhPTnFPQTJ6cDVUdTFzbGp4eG1OVFJOZEppLDEzMzYxMzE1OQ0200Hq13qSiH?s=ap\",\"invoice_pdf\":\"https://pay.stripe.com/invoice/acct_1R6baSPWgXkvbq8n/test_YWNjdF8xUjZiYVNQV2dYa3ZicThuLF9TMUdUZlhPTnFPQTJ6cDVUdTFzbGp4eG1OVFJOZEppLDEzMzYxMzE1OQ0200Hq13qSiH/pdf?s=ap\",\"issuer\":{\"type\":\"self\"},\"last_finalization_error\":null,\"latest_revision\":null,\"lines\":{\"object\":\"list\",\"data\":[{\"id\":\"il_1R7DwcPWgXkvbq8n1HZNzkF7\",\"object\":\"line_item\",\"amount\":500,\"amount_excluding_tax\":500,\"currency\":\"usd\",\"description\":\"1 × Member (at $5.00 / month)\",\"discount_amounts\":[],\"discountable\":true,\"discounts\":[],\"invoice\":\"in_1R7DwcPWgXkvbq8nvMR4oZXA\",\"livemode\":false,\"metadata\":{},\"parent\":{\"invoice_item_details\":null,\"subscription_item_details\":{\"invoice_item\":null,\"proration\":false,\"proration_details\":{\"credited_items\":null},\"subscription\":\"sub_1R7DwcPWgXkvbq8nJTENuUr7\",\"subscription_item\":\"si_S1GTawbjc9LnBv\"},\"type\":\"subscription_item_details\"},\"period\":{\"end\":1745750754,\"start\":1743072354},\"plan\":{\"id\":\"price_1R6bdrPWgXkvbq8n1jYpsAnb\",\"object\":\"plan\",\"active\":true,\"aggregate_usage\":null,\"amount\":500,\"amount_decimal\":\"500\",\"billing_scheme\":\"per_unit\",\"created\":1742925119,\"currency\":\"usd\",\"interval\":\"month\",\"interval_count\":1,\"livemode\":false,\"metadata\":{},\"meter\":null,\"nickname\":null,\"product\":\"prod_S0ctvBPx23j7OE\",\"tiers_mode\":null,\"transform_usage\":null,\"trial_period_days\":null,\"usage_type\":\"licensed\"},\"pretax_credit_amounts\":[],\"price\":{\"id\":\"price_1R6bdrPWgXkvbq8n1jYpsAnb\",\"object\":\"price\",\"active\":true,\"billing_scheme\":\"per_unit\",\"created\":1742925119,\"currency\":\"usd\",\"custom_unit_amount\":null,\"livemode\":false,\"lookup_key\":null,\"metadata\":{},\"nickname\":null,\"product\":\"prod_S0ctvBPx23j7OE\",\"recurring\":{\"aggregate_usage\":null,\"interval\":\"month\",\"interval_count\":1,\"meter\":null,\"trial_period_days\":null,\"usage_type\":\"licensed\"},\"tax_behavior\":\"unspecified\",\"tiers_mode\":null,\"transform_quantity\":null,\"type\":\"recurring\",\"unit_amount\":500,\"unit_amount_decimal\":\"500\"},\"pricing\":{\"price_details\":{\"price\":\"price_1R6bdrPWgXkvbq8n1jYpsAnb\",\"product\":\"prod_S0ctvBPx23j7OE\"},\"type\":\"price_details\",\"unit_amount_decimal\":\"500\"},\"proration\":false,\"proration_details\":{\"credited_items\":null},\"quantity\":1,\"subscription\":\"sub_1R7DwcPWgXkvbq8nJTENuUr7\",\"subscription_item\":\"si_S1GTawbjc9LnBv\",\"tax_amounts\":[],\"tax_rates\":[],\"taxes\":[],\"type\":\"subscription\",\"unit_amount_excluding_tax\":\"500\"}],\"has_more\":false,\"total_count\":1,\"url\":\"/v1/invoices/in_1R7DwcPWgXkvbq8nvMR4oZXA/lines\"},\"livemode\":false,\"metadata\":{},\"next_payment_attempt\":null,\"number\":\"FFAC313B-0001\",\"on_behalf_of\":null,\"paid\":true,\"paid_out_of_band\":false,\"parent\":{\"quote_details\":null,\"subscription_details\":{\"metadata\":{},\"subscription\":\"sub_1R7DwcPWgXkvbq8nJTENuUr7\"},\"type\":\"subscription_details\"},\"payment_intent\":\"pi_3R7DwdPWgXkvbq8n170VYtl5\",\"payment_settings\":{\"default_mandate\":null,\"payment_method_options\":{\"acss_debit\":null,\"bancontact\":null,\"card\":{\"request_three_d_secure\":\"automatic\"},\"customer_balance\":null,\"konbini\":null,\"sepa_debit\":null,\"us_bank_account\":null},\"payment_method_types\":null},\"period_end\":1743072354,\"period_start\":1743072354,\"post_payment_credit_notes_amount\":0,\"pre_payment_credit_notes_amount\":0,\"quote\":null,\"receipt_number\":null,\"rendering\":null,\"shipping_cost\":null,\"shipping_details\":null,\"starting_balance\":0,\"statement_descriptor\":null,\"status\":\"paid\",\"status_transitions\":{\"finalized_at\":1743072354,\"marked_uncollectible_at\":null,\"paid_at\":1743072357,\"voided_at\":null},\"subscription\":\"sub_1R7DwcPWgXkvbq8nJTENuUr7\",\"subscription_details\":{\"metadata\":{}},\"subtotal\":500,\"subtotal_excluding_tax\":500,\"tax\":null,\"test_clock\":null,\"total\":500,\"total_discount_amounts\":[],\"total_excluding_tax\":500,\"total_pretax_credit_amounts\":[],\"total_tax_amounts\":[],\"total_taxes\":[],\"transfer_data\":null,\"webhooks_delivered_at\":null}},\"livemode\":false,\"pending_webhooks\":1,\"request\":{\"id\":null,\"idempotency_key\":\"d043fd6f-1f75-4200-973a-b69618c2a065\"},\"type\":\"invoice.payment_succeeded\"}',NULL,'2025-03-27 10:45:59','2025-03-27 10:45:59'),(10,'{\"id\":\"evt_1R7DwhPWgXkvbq8nTOJ2qr8Q\",\"object\":\"event\",\"api_version\":\"2025-02-24.acacia\",\"created\":1743072358,\"data\":{\"object\":{\"id\":\"in_1R7DwcPWgXkvbq8nvMR4oZXA\",\"object\":\"invoice\",\"account_country\":\"US\",\"account_name\":\"Default sandbox\",\"account_tax_ids\":null,\"amount_due\":500,\"amount_overpaid\":0,\"amount_paid\":500,\"amount_remaining\":0,\"amount_shipping\":0,\"application\":null,\"application_fee_amount\":null,\"attempt_count\":1,\"attempted\":true,\"auto_advance\":false,\"automatic_tax\":{\"disabled_reason\":null,\"enabled\":false,\"liability\":null,\"status\":null},\"automatically_finalizes_at\":null,\"billing_reason\":\"subscription_create\",\"charge\":\"ch_3R7DwdPWgXkvbq8n1FiNMoGk\",\"collection_method\":\"charge_automatically\",\"created\":1743072354,\"currency\":\"usd\",\"custom_fields\":null,\"customer\":\"cus_S1GTtnJ0eXQLfz\",\"customer_address\":{\"city\":null,\"country\":\"US\",\"line1\":null,\"line2\":null,\"postal_code\":\"75000\",\"state\":null},\"customer_email\":\"faaizulhasan@gmail.com\",\"customer_name\":\"Faaiz Ul Hassan\",\"customer_phone\":null,\"customer_shipping\":null,\"customer_tax_exempt\":\"none\",\"customer_tax_ids\":[],\"default_payment_method\":null,\"default_source\":null,\"default_tax_rates\":[],\"description\":null,\"discount\":null,\"discounts\":[],\"due_date\":null,\"effective_at\":1743072354,\"ending_balance\":0,\"footer\":null,\"from_invoice\":null,\"hosted_invoice_url\":\"https://invoice.stripe.com/i/acct_1R6baSPWgXkvbq8n/test_YWNjdF8xUjZiYVNQV2dYa3ZicThuLF9TMUdUZlhPTnFPQTJ6cDVUdTFzbGp4eG1OVFJOZEppLDEzMzYxMzE1OQ0200Hq13qSiH?s=ap\",\"invoice_pdf\":\"https://pay.stripe.com/invoice/acct_1R6baSPWgXkvbq8n/test_YWNjdF8xUjZiYVNQV2dYa3ZicThuLF9TMUdUZlhPTnFPQTJ6cDVUdTFzbGp4eG1OVFJOZEppLDEzMzYxMzE1OQ0200Hq13qSiH/pdf?s=ap\",\"issuer\":{\"type\":\"self\"},\"last_finalization_error\":null,\"latest_revision\":null,\"lines\":{\"object\":\"list\",\"data\":[{\"id\":\"il_1R7DwcPWgXkvbq8n1HZNzkF7\",\"object\":\"line_item\",\"amount\":500,\"amount_excluding_tax\":500,\"currency\":\"usd\",\"description\":\"1 × Member (at $5.00 / month)\",\"discount_amounts\":[],\"discountable\":true,\"discounts\":[],\"invoice\":\"in_1R7DwcPWgXkvbq8nvMR4oZXA\",\"livemode\":false,\"metadata\":{},\"parent\":{\"invoice_item_details\":null,\"subscription_item_details\":{\"invoice_item\":null,\"proration\":false,\"proration_details\":{\"credited_items\":null},\"subscription\":\"sub_1R7DwcPWgXkvbq8nJTENuUr7\",\"subscription_item\":\"si_S1GTawbjc9LnBv\"},\"type\":\"subscription_item_details\"},\"period\":{\"end\":1745750754,\"start\":1743072354},\"plan\":{\"id\":\"price_1R6bdrPWgXkvbq8n1jYpsAnb\",\"object\":\"plan\",\"active\":true,\"aggregate_usage\":null,\"amount\":500,\"amount_decimal\":\"500\",\"billing_scheme\":\"per_unit\",\"created\":1742925119,\"currency\":\"usd\",\"interval\":\"month\",\"interval_count\":1,\"livemode\":false,\"metadata\":{},\"meter\":null,\"nickname\":null,\"product\":\"prod_S0ctvBPx23j7OE\",\"tiers_mode\":null,\"transform_usage\":null,\"trial_period_days\":null,\"usage_type\":\"licensed\"},\"pretax_credit_amounts\":[],\"price\":{\"id\":\"price_1R6bdrPWgXkvbq8n1jYpsAnb\",\"object\":\"price\",\"active\":true,\"billing_scheme\":\"per_unit\",\"created\":1742925119,\"currency\":\"usd\",\"custom_unit_amount\":null,\"livemode\":false,\"lookup_key\":null,\"metadata\":{},\"nickname\":null,\"product\":\"prod_S0ctvBPx23j7OE\",\"recurring\":{\"aggregate_usage\":null,\"interval\":\"month\",\"interval_count\":1,\"meter\":null,\"trial_period_days\":null,\"usage_type\":\"licensed\"},\"tax_behavior\":\"unspecified\",\"tiers_mode\":null,\"transform_quantity\":null,\"type\":\"recurring\",\"unit_amount\":500,\"unit_amount_decimal\":\"500\"},\"pricing\":{\"price_details\":{\"price\":\"price_1R6bdrPWgXkvbq8n1jYpsAnb\",\"product\":\"prod_S0ctvBPx23j7OE\"},\"type\":\"price_details\",\"unit_amount_decimal\":\"500\"},\"proration\":false,\"proration_details\":{\"credited_items\":null},\"quantity\":1,\"subscription\":\"sub_1R7DwcPWgXkvbq8nJTENuUr7\",\"subscription_item\":\"si_S1GTawbjc9LnBv\",\"tax_amounts\":[],\"tax_rates\":[],\"taxes\":[],\"type\":\"subscription\",\"unit_amount_excluding_tax\":\"500\"}],\"has_more\":false,\"total_count\":1,\"url\":\"/v1/invoices/in_1R7DwcPWgXkvbq8nvMR4oZXA/lines\"},\"livemode\":false,\"metadata\":{},\"next_payment_attempt\":null,\"number\":\"FFAC313B-0001\",\"on_behalf_of\":null,\"paid\":true,\"paid_out_of_band\":false,\"parent\":{\"quote_details\":null,\"subscription_details\":{\"metadata\":{},\"subscription\":\"sub_1R7DwcPWgXkvbq8nJTENuUr7\"},\"type\":\"subscription_details\"},\"payment_intent\":\"pi_3R7DwdPWgXkvbq8n170VYtl5\",\"payment_settings\":{\"default_mandate\":null,\"payment_method_options\":{\"acss_debit\":null,\"bancontact\":null,\"card\":{\"request_three_d_secure\":\"automatic\"},\"customer_balance\":null,\"konbini\":null,\"sepa_debit\":null,\"us_bank_account\":null},\"payment_method_types\":null},\"period_end\":1743072354,\"period_start\":1743072354,\"post_payment_credit_notes_amount\":0,\"pre_payment_credit_notes_amount\":0,\"quote\":null,\"receipt_number\":null,\"rendering\":null,\"shipping_cost\":null,\"shipping_details\":null,\"starting_balance\":0,\"statement_descriptor\":null,\"status\":\"paid\",\"status_transitions\":{\"finalized_at\":1743072354,\"marked_uncollectible_at\":null,\"paid_at\":1743072357,\"voided_at\":null},\"subscription\":\"sub_1R7DwcPWgXkvbq8nJTENuUr7\",\"subscription_details\":{\"metadata\":{}},\"subtotal\":500,\"subtotal_excluding_tax\":500,\"tax\":null,\"test_clock\":null,\"total\":500,\"total_discount_amounts\":[],\"total_excluding_tax\":500,\"total_pretax_credit_amounts\":[],\"total_tax_amounts\":[],\"total_taxes\":[],\"transfer_data\":null,\"webhooks_delivered_at\":null}},\"livemode\":false,\"pending_webhooks\":1,\"request\":{\"id\":null,\"idempotency_key\":\"d043fd6f-1f75-4200-973a-b69618c2a065\"},\"type\":\"invoice.payment_succeeded\"}',NULL,'2025-03-27 10:46:16','2025-03-27 10:46:16'),(11,'{\"id\":\"evt_1R7DwhPWgXkvbq8nTOJ2qr8Q\",\"object\":\"event\",\"api_version\":\"2025-02-24.acacia\",\"created\":1743072358,\"data\":{\"object\":{\"id\":\"in_1R7DwcPWgXkvbq8nvMR4oZXA\",\"object\":\"invoice\",\"account_country\":\"US\",\"account_name\":\"Default sandbox\",\"account_tax_ids\":null,\"amount_due\":500,\"amount_overpaid\":0,\"amount_paid\":500,\"amount_remaining\":0,\"amount_shipping\":0,\"application\":null,\"application_fee_amount\":null,\"attempt_count\":1,\"attempted\":true,\"auto_advance\":false,\"automatic_tax\":{\"disabled_reason\":null,\"enabled\":false,\"liability\":null,\"status\":null},\"automatically_finalizes_at\":null,\"billing_reason\":\"subscription_create\",\"charge\":\"ch_3R7DwdPWgXkvbq8n1FiNMoGk\",\"collection_method\":\"charge_automatically\",\"created\":1743072354,\"currency\":\"usd\",\"custom_fields\":null,\"customer\":\"cus_S1GTtnJ0eXQLfz\",\"customer_address\":{\"city\":null,\"country\":\"US\",\"line1\":null,\"line2\":null,\"postal_code\":\"75000\",\"state\":null},\"customer_email\":\"faaizulhasan@gmail.com\",\"customer_name\":\"Faaiz Ul Hassan\",\"customer_phone\":null,\"customer_shipping\":null,\"customer_tax_exempt\":\"none\",\"customer_tax_ids\":[],\"default_payment_method\":null,\"default_source\":null,\"default_tax_rates\":[],\"description\":null,\"discount\":null,\"discounts\":[],\"due_date\":null,\"effective_at\":1743072354,\"ending_balance\":0,\"footer\":null,\"from_invoice\":null,\"hosted_invoice_url\":\"https://invoice.stripe.com/i/acct_1R6baSPWgXkvbq8n/test_YWNjdF8xUjZiYVNQV2dYa3ZicThuLF9TMUdUZlhPTnFPQTJ6cDVUdTFzbGp4eG1OVFJOZEppLDEzMzYxMzE1OQ0200Hq13qSiH?s=ap\",\"invoice_pdf\":\"https://pay.stripe.com/invoice/acct_1R6baSPWgXkvbq8n/test_YWNjdF8xUjZiYVNQV2dYa3ZicThuLF9TMUdUZlhPTnFPQTJ6cDVUdTFzbGp4eG1OVFJOZEppLDEzMzYxMzE1OQ0200Hq13qSiH/pdf?s=ap\",\"issuer\":{\"type\":\"self\"},\"last_finalization_error\":null,\"latest_revision\":null,\"lines\":{\"object\":\"list\",\"data\":[{\"id\":\"il_1R7DwcPWgXkvbq8n1HZNzkF7\",\"object\":\"line_item\",\"amount\":500,\"amount_excluding_tax\":500,\"currency\":\"usd\",\"description\":\"1 × Member (at $5.00 / month)\",\"discount_amounts\":[],\"discountable\":true,\"discounts\":[],\"invoice\":\"in_1R7DwcPWgXkvbq8nvMR4oZXA\",\"livemode\":false,\"metadata\":{},\"parent\":{\"invoice_item_details\":null,\"subscription_item_details\":{\"invoice_item\":null,\"proration\":false,\"proration_details\":{\"credited_items\":null},\"subscription\":\"sub_1R7DwcPWgXkvbq8nJTENuUr7\",\"subscription_item\":\"si_S1GTawbjc9LnBv\"},\"type\":\"subscription_item_details\"},\"period\":{\"end\":1745750754,\"start\":1743072354},\"plan\":{\"id\":\"price_1R6bdrPWgXkvbq8n1jYpsAnb\",\"object\":\"plan\",\"active\":true,\"aggregate_usage\":null,\"amount\":500,\"amount_decimal\":\"500\",\"billing_scheme\":\"per_unit\",\"created\":1742925119,\"currency\":\"usd\",\"interval\":\"month\",\"interval_count\":1,\"livemode\":false,\"metadata\":{},\"meter\":null,\"nickname\":null,\"product\":\"prod_S0ctvBPx23j7OE\",\"tiers_mode\":null,\"transform_usage\":null,\"trial_period_days\":null,\"usage_type\":\"licensed\"},\"pretax_credit_amounts\":[],\"price\":{\"id\":\"price_1R6bdrPWgXkvbq8n1jYpsAnb\",\"object\":\"price\",\"active\":true,\"billing_scheme\":\"per_unit\",\"created\":1742925119,\"currency\":\"usd\",\"custom_unit_amount\":null,\"livemode\":false,\"lookup_key\":null,\"metadata\":{},\"nickname\":null,\"product\":\"prod_S0ctvBPx23j7OE\",\"recurring\":{\"aggregate_usage\":null,\"interval\":\"month\",\"interval_count\":1,\"meter\":null,\"trial_period_days\":null,\"usage_type\":\"licensed\"},\"tax_behavior\":\"unspecified\",\"tiers_mode\":null,\"transform_quantity\":null,\"type\":\"recurring\",\"unit_amount\":500,\"unit_amount_decimal\":\"500\"},\"pricing\":{\"price_details\":{\"price\":\"price_1R6bdrPWgXkvbq8n1jYpsAnb\",\"product\":\"prod_S0ctvBPx23j7OE\"},\"type\":\"price_details\",\"unit_amount_decimal\":\"500\"},\"proration\":false,\"proration_details\":{\"credited_items\":null},\"quantity\":1,\"subscription\":\"sub_1R7DwcPWgXkvbq8nJTENuUr7\",\"subscription_item\":\"si_S1GTawbjc9LnBv\",\"tax_amounts\":[],\"tax_rates\":[],\"taxes\":[],\"type\":\"subscription\",\"unit_amount_excluding_tax\":\"500\"}],\"has_more\":false,\"total_count\":1,\"url\":\"/v1/invoices/in_1R7DwcPWgXkvbq8nvMR4oZXA/lines\"},\"livemode\":false,\"metadata\":{},\"next_payment_attempt\":null,\"number\":\"FFAC313B-0001\",\"on_behalf_of\":null,\"paid\":true,\"paid_out_of_band\":false,\"parent\":{\"quote_details\":null,\"subscription_details\":{\"metadata\":{},\"subscription\":\"sub_1R7DwcPWgXkvbq8nJTENuUr7\"},\"type\":\"subscription_details\"},\"payment_intent\":\"pi_3R7DwdPWgXkvbq8n170VYtl5\",\"payment_settings\":{\"default_mandate\":null,\"payment_method_options\":{\"acss_debit\":null,\"bancontact\":null,\"card\":{\"request_three_d_secure\":\"automatic\"},\"customer_balance\":null,\"konbini\":null,\"sepa_debit\":null,\"us_bank_account\":null},\"payment_method_types\":null},\"period_end\":1743072354,\"period_start\":1743072354,\"post_payment_credit_notes_amount\":0,\"pre_payment_credit_notes_amount\":0,\"quote\":null,\"receipt_number\":null,\"rendering\":null,\"shipping_cost\":null,\"shipping_details\":null,\"starting_balance\":0,\"statement_descriptor\":null,\"status\":\"paid\",\"status_transitions\":{\"finalized_at\":1743072354,\"marked_uncollectible_at\":null,\"paid_at\":1743072357,\"voided_at\":null},\"subscription\":\"sub_1R7DwcPWgXkvbq8nJTENuUr7\",\"subscription_details\":{\"metadata\":{}},\"subtotal\":500,\"subtotal_excluding_tax\":500,\"tax\":null,\"test_clock\":null,\"total\":500,\"total_discount_amounts\":[],\"total_excluding_tax\":500,\"total_pretax_credit_amounts\":[],\"total_tax_amounts\":[],\"total_taxes\":[],\"transfer_data\":null,\"webhooks_delivered_at\":null}},\"livemode\":false,\"pending_webhooks\":1,\"request\":{\"id\":null,\"idempotency_key\":\"d043fd6f-1f75-4200-973a-b69618c2a065\"},\"type\":\"invoice.payment_succeeded\"}',NULL,'2025-03-27 11:46:26','2025-03-27 11:46:26'),(12,'{\"id\":\"evt_1R7WTSPWgXkvbq8nDs6iD8Ge\",\"object\":\"event\",\"api_version\":\"2025-02-24.acacia\",\"created\":1743143579,\"data\":{\"object\":{\"id\":\"cus_S1ZcD00vphb8rI\",\"object\":\"customer\",\"address\":{\"city\":null,\"country\":\"PK\",\"line1\":null,\"line2\":null,\"postal_code\":null,\"state\":null},\"balance\":0,\"created\":1743143578,\"currency\":\"usd\",\"default_source\":null,\"delinquent\":false,\"description\":null,\"discount\":null,\"email\":\"test@yopmail.com\",\"invoice_prefix\":\"80E54A64\",\"invoice_settings\":{\"custom_fields\":null,\"default_payment_method\":null,\"footer\":null,\"rendering_options\":null},\"livemode\":false,\"metadata\":{},\"name\":\"Syed Shaheer\",\"next_invoice_sequence\":2,\"phone\":null,\"preferred_locales\":[\"en-US\"],\"shipping\":null,\"tax_exempt\":\"none\",\"test_clock\":null},\"previous_attributes\":{\"currency\":null}},\"livemode\":false,\"pending_webhooks\":1,\"request\":{\"id\":null,\"idempotency_key\":\"1b475f81-0150-4c35-8d10-29907d20d4a8\"},\"type\":\"customer.updated\"}',NULL,'2025-03-28 06:33:02','2025-03-28 06:33:02'),(13,'{\"id\":\"evt_1R7WTSPWgXkvbq8nUfbAsjvL\",\"object\":\"event\",\"api_version\":\"2025-02-24.acacia\",\"created\":1743143581,\"data\":{\"object\":{\"id\":\"sub_1R7WTOPWgXkvbq8ndd4COnkA\",\"object\":\"subscription\",\"application\":null,\"application_fee_percent\":null,\"automatic_tax\":{\"disabled_reason\":null,\"enabled\":false,\"liability\":null},\"billing_cycle_anchor\":1743143578,\"billing_cycle_anchor_config\":null,\"billing_thresholds\":null,\"cancel_at\":null,\"cancel_at_period_end\":false,\"canceled_at\":null,\"cancellation_details\":{\"comment\":null,\"feedback\":null,\"reason\":null},\"collection_method\":\"charge_automatically\",\"created\":1743143578,\"currency\":\"usd\",\"current_period_end\":1745821978,\"current_period_start\":1743143578,\"customer\":\"cus_S1ZcD00vphb8rI\",\"days_until_due\":null,\"default_payment_method\":\"pm_1R7WTNPWgXkvbq8nCr68JnRC\",\"default_source\":null,\"default_tax_rates\":[],\"description\":null,\"discount\":null,\"discounts\":[],\"ended_at\":null,\"invoice_settings\":{\"account_tax_ids\":null,\"issuer\":{\"type\":\"self\"}},\"items\":{\"object\":\"list\",\"data\":[{\"id\":\"si_S1ZcSavAXGPZNK\",\"object\":\"subscription_item\",\"billing_thresholds\":null,\"created\":1743143579,\"current_period_end\":1745821978,\"current_period_start\":1743143578,\"discounts\":[],\"metadata\":{},\"plan\":{\"id\":\"price_1R6bdrPWgXkvbq8n1jYpsAnb\",\"object\":\"plan\",\"active\":true,\"aggregate_usage\":null,\"amount\":500,\"amount_decimal\":\"500\",\"billing_scheme\":\"per_unit\",\"created\":1742925119,\"currency\":\"usd\",\"interval\":\"month\",\"interval_count\":1,\"livemode\":false,\"metadata\":{},\"meter\":null,\"nickname\":null,\"product\":\"prod_S0ctvBPx23j7OE\",\"tiers_mode\":null,\"transform_usage\":null,\"trial_period_days\":null,\"usage_type\":\"licensed\"},\"price\":{\"id\":\"price_1R6bdrPWgXkvbq8n1jYpsAnb\",\"object\":\"price\",\"active\":true,\"billing_scheme\":\"per_unit\",\"created\":1742925119,\"currency\":\"usd\",\"custom_unit_amount\":null,\"livemode\":false,\"lookup_key\":null,\"metadata\":{},\"nickname\":null,\"product\":\"prod_S0ctvBPx23j7OE\",\"recurring\":{\"aggregate_usage\":null,\"interval\":\"month\",\"interval_count\":1,\"meter\":null,\"trial_period_days\":null,\"usage_type\":\"licensed\"},\"tax_behavior\":\"unspecified\",\"tiers_mode\":null,\"transform_quantity\":null,\"type\":\"recurring\",\"unit_amount\":500,\"unit_amount_decimal\":\"500\"},\"quantity\":1,\"subscription\":\"sub_1R7WTOPWgXkvbq8ndd4COnkA\",\"tax_rates\":[]}],\"has_more\":false,\"total_count\":1,\"url\":\"/v1/subscription_items?subscription=sub_1R7WTOPWgXkvbq8ndd4COnkA\"},\"latest_invoice\":\"in_1R7WTOPWgXkvbq8nkxLmlf0N\",\"livemode\":false,\"metadata\":{},\"next_pending_invoice_item_invoice\":null,\"on_behalf_of\":null,\"pause_collection\":null,\"payment_settings\":{\"payment_method_options\":{\"acss_debit\":null,\"bancontact\":null,\"card\":{\"network\":null,\"request_three_d_secure\":\"automatic\"},\"customer_balance\":null,\"konbini\":null,\"sepa_debit\":null,\"us_bank_account\":null},\"payment_method_types\":null,\"save_default_payment_method\":\"off\"},\"pending_invoice_item_interval\":null,\"pending_setup_intent\":null,\"pending_update\":null,\"plan\":{\"id\":\"price_1R6bdrPWgXkvbq8n1jYpsAnb\",\"object\":\"plan\",\"active\":true,\"aggregate_usage\":null,\"amount\":500,\"amount_decimal\":\"500\",\"billing_scheme\":\"per_unit\",\"created\":1742925119,\"currency\":\"usd\",\"interval\":\"month\",\"interval_count\":1,\"livemode\":false,\"metadata\":{},\"meter\":null,\"nickname\":null,\"product\":\"prod_S0ctvBPx23j7OE\",\"tiers_mode\":null,\"transform_usage\":null,\"trial_period_days\":null,\"usage_type\":\"licensed\"},\"quantity\":1,\"schedule\":null,\"start_date\":1743143578,\"status\":\"active\",\"test_clock\":null,\"transfer_data\":null,\"trial_end\":null,\"trial_settings\":{\"end_behavior\":{\"missing_payment_method\":\"create_invoice\"}},\"trial_start\":null},\"previous_attributes\":{\"default_payment_method\":null,\"status\":\"incomplete\"}},\"livemode\":false,\"pending_webhooks\":1,\"request\":{\"id\":null,\"idempotency_key\":\"1b475f81-0150-4c35-8d10-29907d20d4a8\"},\"type\":\"customer.subscription.updated\"}',NULL,'2025-03-28 06:33:02','2025-03-28 06:33:02'),(14,'{\"id\":\"evt_1R7WTSPWgXkvbq8nVSedaXgY\",\"object\":\"event\",\"api_version\":\"2025-02-24.acacia\",\"created\":1743143579,\"data\":{\"object\":{\"id\":\"sub_1R7WTOPWgXkvbq8ndd4COnkA\",\"object\":\"subscription\",\"application\":null,\"application_fee_percent\":null,\"automatic_tax\":{\"disabled_reason\":null,\"enabled\":false,\"liability\":null},\"billing_cycle_anchor\":1743143578,\"billing_cycle_anchor_config\":null,\"billing_thresholds\":null,\"cancel_at\":null,\"cancel_at_period_end\":false,\"canceled_at\":null,\"cancellation_details\":{\"comment\":null,\"feedback\":null,\"reason\":null},\"collection_method\":\"charge_automatically\",\"created\":1743143578,\"currency\":\"usd\",\"current_period_end\":1745821978,\"current_period_start\":1743143578,\"customer\":\"cus_S1ZcD00vphb8rI\",\"days_until_due\":null,\"default_payment_method\":null,\"default_source\":null,\"default_tax_rates\":[],\"description\":null,\"discount\":null,\"discounts\":[],\"ended_at\":null,\"invoice_settings\":{\"account_tax_ids\":null,\"issuer\":{\"type\":\"self\"}},\"items\":{\"object\":\"list\",\"data\":[{\"id\":\"si_S1ZcSavAXGPZNK\",\"object\":\"subscription_item\",\"billing_thresholds\":null,\"created\":1743143579,\"current_period_end\":1745821978,\"current_period_start\":1743143578,\"discounts\":[],\"metadata\":{},\"plan\":{\"id\":\"price_1R6bdrPWgXkvbq8n1jYpsAnb\",\"object\":\"plan\",\"active\":true,\"aggregate_usage\":null,\"amount\":500,\"amount_decimal\":\"500\",\"billing_scheme\":\"per_unit\",\"created\":1742925119,\"currency\":\"usd\",\"interval\":\"month\",\"interval_count\":1,\"livemode\":false,\"metadata\":{},\"meter\":null,\"nickname\":null,\"product\":\"prod_S0ctvBPx23j7OE\",\"tiers_mode\":null,\"transform_usage\":null,\"trial_period_days\":null,\"usage_type\":\"licensed\"},\"price\":{\"id\":\"price_1R6bdrPWgXkvbq8n1jYpsAnb\",\"object\":\"price\",\"active\":true,\"billing_scheme\":\"per_unit\",\"created\":1742925119,\"currency\":\"usd\",\"custom_unit_amount\":null,\"livemode\":false,\"lookup_key\":null,\"metadata\":{},\"nickname\":null,\"product\":\"prod_S0ctvBPx23j7OE\",\"recurring\":{\"aggregate_usage\":null,\"interval\":\"month\",\"interval_count\":1,\"meter\":null,\"trial_period_days\":null,\"usage_type\":\"licensed\"},\"tax_behavior\":\"unspecified\",\"tiers_mode\":null,\"transform_quantity\":null,\"type\":\"recurring\",\"unit_amount\":500,\"unit_amount_decimal\":\"500\"},\"quantity\":1,\"subscription\":\"sub_1R7WTOPWgXkvbq8ndd4COnkA\",\"tax_rates\":[]}],\"has_more\":false,\"total_count\":1,\"url\":\"/v1/subscription_items?subscription=sub_1R7WTOPWgXkvbq8ndd4COnkA\"},\"latest_invoice\":\"in_1R7WTOPWgXkvbq8nkxLmlf0N\",\"livemode\":false,\"metadata\":{},\"next_pending_invoice_item_invoice\":null,\"on_behalf_of\":null,\"pause_collection\":null,\"payment_settings\":{\"payment_method_options\":{\"acss_debit\":null,\"bancontact\":null,\"card\":{\"network\":null,\"request_three_d_secure\":\"automatic\"},\"customer_balance\":null,\"konbini\":null,\"sepa_debit\":null,\"us_bank_account\":null},\"payment_method_types\":null,\"save_default_payment_method\":\"off\"},\"pending_invoice_item_interval\":null,\"pending_setup_intent\":null,\"pending_update\":null,\"plan\":{\"id\":\"price_1R6bdrPWgXkvbq8n1jYpsAnb\",\"object\":\"plan\",\"active\":true,\"aggregate_usage\":null,\"amount\":500,\"amount_decimal\":\"500\",\"billing_scheme\":\"per_unit\",\"created\":1742925119,\"currency\":\"usd\",\"interval\":\"month\",\"interval_count\":1,\"livemode\":false,\"metadata\":{},\"meter\":null,\"nickname\":null,\"product\":\"prod_S0ctvBPx23j7OE\",\"tiers_mode\":null,\"transform_usage\":null,\"trial_period_days\":null,\"usage_type\":\"licensed\"},\"quantity\":1,\"schedule\":null,\"start_date\":1743143578,\"status\":\"incomplete\",\"test_clock\":null,\"transfer_data\":null,\"trial_end\":null,\"trial_settings\":{\"end_behavior\":{\"missing_payment_method\":\"create_invoice\"}},\"trial_start\":null}},\"livemode\":false,\"pending_webhooks\":1,\"request\":{\"id\":null,\"idempotency_key\":\"1b475f81-0150-4c35-8d10-29907d20d4a8\"},\"type\":\"customer.subscription.created\"}',NULL,'2025-03-28 06:33:02','2025-03-28 06:33:02'),(15,'{\"id\":\"evt_3R7WTPPWgXkvbq8n3AfRmQTH\",\"object\":\"event\",\"api_version\":\"2025-02-24.acacia\",\"created\":1743143580,\"data\":{\"object\":{\"id\":\"pi_3R7WTPPWgXkvbq8n3zygkSGE\",\"object\":\"payment_intent\",\"amount\":500,\"amount_capturable\":0,\"amount_details\":{\"tip\":{}},\"amount_received\":500,\"application\":null,\"application_fee_amount\":null,\"automatic_payment_methods\":null,\"canceled_at\":null,\"cancellation_reason\":null,\"capture_method\":\"automatic\",\"client_secret\":\"pi_3R7WTPPWgXkvbq8n3zygkSGE_secret_2AKt8lQQ2EGQYtxMVueIPZiTL\",\"confirmation_method\":\"automatic\",\"created\":1743143579,\"currency\":\"usd\",\"customer\":\"cus_S1ZcD00vphb8rI\",\"description\":\"Subscription creation\",\"invoice\":\"in_1R7WTOPWgXkvbq8nkxLmlf0N\",\"last_payment_error\":null,\"latest_charge\":\"ch_3R7WTPPWgXkvbq8n3tRPu3ju\",\"livemode\":false,\"metadata\":{},\"next_action\":null,\"on_behalf_of\":null,\"payment_method\":\"pm_1R7WTNPWgXkvbq8nCr68JnRC\",\"payment_method_configuration_details\":null,\"payment_method_options\":{\"amazon_pay\":{\"express_checkout_element_session_id\":null},\"card\":{\"installments\":null,\"mandate_options\":null,\"network\":null,\"request_three_d_secure\":\"automatic\",\"setup_future_usage\":\"off_session\"},\"cashapp\":{},\"link\":{\"persistent_token\":null}},\"payment_method_types\":[\"amazon_pay\",\"card\",\"cashapp\",\"link\"],\"processing\":null,\"receipt_email\":null,\"review\":null,\"setup_future_usage\":\"off_session\",\"shipping\":null,\"source\":null,\"statement_descriptor\":null,\"statement_descriptor_suffix\":null,\"status\":\"succeeded\",\"transfer_data\":null,\"transfer_group\":null}},\"livemode\":false,\"pending_webhooks\":1,\"request\":{\"id\":null,\"idempotency_key\":\"1b475f81-0150-4c35-8d10-29907d20d4a8\"},\"type\":\"payment_intent.succeeded\"}',NULL,'2025-03-28 06:33:02','2025-03-28 06:33:02'),(16,'{\"id\":\"evt_1R7WTSPWgXkvbq8nWBPuFsZa\",\"object\":\"event\",\"api_version\":\"2025-02-24.acacia\",\"created\":1743143579,\"data\":{\"object\":{\"id\":\"in_1R7WTOPWgXkvbq8nkxLmlf0N\",\"object\":\"invoice\",\"account_country\":\"US\",\"account_name\":\"Default sandbox\",\"account_tax_ids\":null,\"amount_due\":500,\"amount_overpaid\":0,\"amount_paid\":0,\"amount_remaining\":500,\"amount_shipping\":0,\"application\":null,\"application_fee_amount\":null,\"attempt_count\":0,\"attempted\":false,\"auto_advance\":false,\"automatic_tax\":{\"disabled_reason\":null,\"enabled\":false,\"liability\":null,\"status\":null},\"automatically_finalizes_at\":null,\"billing_reason\":\"subscription_create\",\"charge\":null,\"collection_method\":\"charge_automatically\",\"created\":1743143578,\"currency\":\"usd\",\"custom_fields\":null,\"customer\":\"cus_S1ZcD00vphb8rI\",\"customer_address\":{\"city\":null,\"country\":\"PK\",\"line1\":null,\"line2\":null,\"postal_code\":null,\"state\":null},\"customer_email\":\"test@yopmail.com\",\"customer_name\":\"Syed Shaheer\",\"customer_phone\":null,\"customer_shipping\":null,\"customer_tax_exempt\":\"none\",\"customer_tax_ids\":[],\"default_payment_method\":null,\"default_source\":null,\"default_tax_rates\":[],\"description\":null,\"discount\":null,\"discounts\":[],\"due_date\":null,\"effective_at\":1743143578,\"ending_balance\":0,\"footer\":null,\"from_invoice\":null,\"hosted_invoice_url\":\"https://invoice.stripe.com/i/acct_1R6baSPWgXkvbq8n/test_YWNjdF8xUjZiYVNQV2dYa3ZicThuLF9TMVpjVGZUVnBZU2NSMGFscHpRc0R0eExUWXRPSFJ5LDEzMzY4NDM4Mg0200wd0RuK5s?s=ap\",\"invoice_pdf\":\"https://pay.stripe.com/invoice/acct_1R6baSPWgXkvbq8n/test_YWNjdF8xUjZiYVNQV2dYa3ZicThuLF9TMVpjVGZUVnBZU2NSMGFscHpRc0R0eExUWXRPSFJ5LDEzMzY4NDM4Mg0200wd0RuK5s/pdf?s=ap\",\"issuer\":{\"type\":\"self\"},\"last_finalization_error\":null,\"latest_revision\":null,\"lines\":{\"object\":\"list\",\"data\":[{\"id\":\"il_1R7WTOPWgXkvbq8niHmA5hmm\",\"object\":\"line_item\",\"amount\":500,\"amount_excluding_tax\":500,\"currency\":\"usd\",\"description\":\"1 × Member (at $5.00 / month)\",\"discount_amounts\":[],\"discountable\":true,\"discounts\":[],\"invoice\":\"in_1R7WTOPWgXkvbq8nkxLmlf0N\",\"livemode\":false,\"metadata\":{},\"parent\":{\"invoice_item_details\":null,\"subscription_item_details\":{\"invoice_item\":null,\"proration\":false,\"proration_details\":{\"credited_items\":null},\"subscription\":\"sub_1R7WTOPWgXkvbq8ndd4COnkA\",\"subscription_item\":\"si_S1ZcSavAXGPZNK\"},\"type\":\"subscription_item_details\"},\"period\":{\"end\":1745821978,\"start\":1743143578},\"plan\":{\"id\":\"price_1R6bdrPWgXkvbq8n1jYpsAnb\",\"object\":\"plan\",\"active\":true,\"aggregate_usage\":null,\"amount\":500,\"amount_decimal\":\"500\",\"billing_scheme\":\"per_unit\",\"created\":1742925119,\"currency\":\"usd\",\"interval\":\"month\",\"interval_count\":1,\"livemode\":false,\"metadata\":{},\"meter\":null,\"nickname\":null,\"product\":\"prod_S0ctvBPx23j7OE\",\"tiers_mode\":null,\"transform_usage\":null,\"trial_period_days\":null,\"usage_type\":\"licensed\"},\"pretax_credit_amounts\":[],\"price\":{\"id\":\"price_1R6bdrPWgXkvbq8n1jYpsAnb\",\"object\":\"price\",\"active\":true,\"billing_scheme\":\"per_unit\",\"created\":1742925119,\"currency\":\"usd\",\"custom_unit_amount\":null,\"livemode\":false,\"lookup_key\":null,\"metadata\":{},\"nickname\":null,\"product\":\"prod_S0ctvBPx23j7OE\",\"recurring\":{\"aggregate_usage\":null,\"interval\":\"month\",\"interval_count\":1,\"meter\":null,\"trial_period_days\":null,\"usage_type\":\"licensed\"},\"tax_behavior\":\"unspecified\",\"tiers_mode\":null,\"transform_quantity\":null,\"type\":\"recurring\",\"unit_amount\":500,\"unit_amount_decimal\":\"500\"},\"pricing\":{\"price_details\":{\"price\":\"price_1R6bdrPWgXkvbq8n1jYpsAnb\",\"product\":\"prod_S0ctvBPx23j7OE\"},\"type\":\"price_details\",\"unit_amount_decimal\":\"500\"},\"proration\":false,\"proration_details\":{\"credited_items\":null},\"quantity\":1,\"subscription\":\"sub_1R7WTOPWgXkvbq8ndd4COnkA\",\"subscription_item\":\"si_S1ZcSavAXGPZNK\",\"tax_amounts\":[],\"tax_rates\":[],\"taxes\":[],\"type\":\"subscription\",\"unit_amount_excluding_tax\":\"500\"}],\"has_more\":false,\"total_count\":1,\"url\":\"/v1/invoices/in_1R7WTOPWgXkvbq8nkxLmlf0N/lines\"},\"livemode\":false,\"metadata\":{},\"next_payment_attempt\":null,\"number\":\"80E54A64-0001\",\"on_behalf_of\":null,\"paid\":false,\"paid_out_of_band\":false,\"parent\":{\"quote_details\":null,\"subscription_details\":{\"metadata\":{},\"subscription\":\"sub_1R7WTOPWgXkvbq8ndd4COnkA\"},\"type\":\"subscription_details\"},\"payment_intent\":\"pi_3R7WTPPWgXkvbq8n3zygkSGE\",\"payment_settings\":{\"default_mandate\":null,\"payment_method_options\":{\"acss_debit\":null,\"bancontact\":null,\"card\":{\"request_three_d_secure\":\"automatic\"},\"customer_balance\":null,\"konbini\":null,\"sepa_debit\":null,\"us_bank_account\":null},\"payment_method_types\":null},\"period_end\":1743143578,\"period_start\":1743143578,\"post_payment_credit_notes_amount\":0,\"pre_payment_credit_notes_amount\":0,\"quote\":null,\"receipt_number\":null,\"rendering\":null,\"shipping_cost\":null,\"shipping_details\":null,\"starting_balance\":0,\"statement_descriptor\":null,\"status\":\"open\",\"status_transitions\":{\"finalized_at\":1743143578,\"marked_uncollectible_at\":null,\"paid_at\":null,\"voided_at\":null},\"subscription\":\"sub_1R7WTOPWgXkvbq8ndd4COnkA\",\"subscription_details\":{\"metadata\":{}},\"subtotal\":500,\"subtotal_excluding_tax\":500,\"tax\":null,\"test_clock\":null,\"total\":500,\"total_discount_amounts\":[],\"total_excluding_tax\":500,\"total_pretax_credit_amounts\":[],\"total_tax_amounts\":[],\"total_taxes\":[],\"transfer_data\":null,\"webhooks_delivered_at\":null}},\"livemode\":false,\"pending_webhooks\":1,\"request\":{\"id\":null,\"idempotency_key\":\"1b475f81-0150-4c35-8d10-29907d20d4a8\"},\"type\":\"invoice.created\"}',NULL,'2025-03-28 06:33:02','2025-03-28 06:33:02'),(17,'{\"id\":\"evt_1R7WTSPWgXkvbq8nzql9ggae\",\"object\":\"event\",\"api_version\":\"2025-02-24.acacia\",\"created\":1743143582,\"data\":{\"object\":{\"id\":\"cs_test_a1gL2HTES4ZvW5di8NklPqCcQNQaSwN2hKLzUzN6l4Z4f3ecGlhbnENzKG\",\"object\":\"checkout.session\",\"adaptive_pricing\":null,\"after_expiration\":null,\"allow_promotion_codes\":null,\"amount_subtotal\":500,\"amount_total\":500,\"automatic_tax\":{\"enabled\":false,\"liability\":null,\"status\":null},\"billing_address_collection\":null,\"cancel_url\":\"https://web.mundotango.life/\",\"client_reference_id\":null,\"client_secret\":null,\"collected_information\":{\"shipping_details\":null},\"consent\":null,\"consent_collection\":null,\"created\":1743143549,\"currency\":\"usd\",\"currency_conversion\":null,\"custom_fields\":[],\"custom_text\":{\"after_submit\":null,\"shipping_address\":null,\"submit\":null,\"terms_of_service_acceptance\":null},\"customer\":\"cus_S1ZcD00vphb8rI\",\"customer_creation\":\"always\",\"customer_details\":{\"address\":{\"city\":null,\"country\":\"PK\",\"line1\":null,\"line2\":null,\"postal_code\":null,\"state\":null},\"email\":\"test@yopmail.com\",\"name\":\"Syed Shaheer\",\"phone\":null,\"tax_exempt\":\"none\",\"tax_ids\":[]},\"customer_email\":null,\"discounts\":[],\"expires_at\":1743229949,\"invoice\":\"in_1R7WTOPWgXkvbq8nkxLmlf0N\",\"invoice_creation\":null,\"livemode\":false,\"locale\":null,\"metadata\":{},\"mode\":\"subscription\",\"payment_intent\":null,\"payment_link\":null,\"payment_method_collection\":\"always\",\"payment_method_configuration_details\":null,\"payment_method_options\":{\"card\":{\"request_three_d_secure\":\"automatic\"}},\"payment_method_types\":[\"card\"],\"payment_status\":\"paid\",\"permissions\":null,\"phone_number_collection\":{\"enabled\":false},\"recovered_from\":null,\"saved_payment_method_options\":{\"allow_redisplay_filters\":[\"always\"],\"payment_method_remove\":null,\"payment_method_save\":null},\"setup_intent\":null,\"shipping_address_collection\":null,\"shipping_cost\":null,\"shipping_details\":null,\"shipping_options\":[],\"status\":\"complete\",\"submit_type\":null,\"subscription\":\"sub_1R7WTOPWgXkvbq8ndd4COnkA\",\"success_url\":\"https://web.mundotango.life/\",\"total_details\":{\"amount_discount\":0,\"amount_shipping\":0,\"amount_tax\":0},\"ui_mode\":\"hosted\",\"url\":null}},\"livemode\":false,\"pending_webhooks\":1,\"request\":{\"id\":null,\"idempotency_key\":null},\"type\":\"checkout.session.completed\"}',NULL,'2025-03-28 06:33:02','2025-03-28 06:33:02'),(18,'{\"id\":\"evt_1R7WTSPWgXkvbq8nCIXh5MNd\",\"object\":\"event\",\"api_version\":\"2025-02-24.acacia\",\"created\":1743143579,\"data\":{\"object\":{\"id\":\"in_1R7WTOPWgXkvbq8nkxLmlf0N\",\"object\":\"invoice\",\"account_country\":\"US\",\"account_name\":\"Default sandbox\",\"account_tax_ids\":null,\"amount_due\":500,\"amount_overpaid\":0,\"amount_paid\":0,\"amount_remaining\":500,\"amount_shipping\":0,\"application\":null,\"application_fee_amount\":null,\"attempt_count\":0,\"attempted\":false,\"auto_advance\":false,\"automatic_tax\":{\"disabled_reason\":null,\"enabled\":false,\"liability\":null,\"status\":null},\"automatically_finalizes_at\":null,\"billing_reason\":\"subscription_create\",\"charge\":null,\"collection_method\":\"charge_automatically\",\"created\":1743143578,\"currency\":\"usd\",\"custom_fields\":null,\"customer\":\"cus_S1ZcD00vphb8rI\",\"customer_address\":{\"city\":null,\"country\":\"PK\",\"line1\":null,\"line2\":null,\"postal_code\":null,\"state\":null},\"customer_email\":\"test@yopmail.com\",\"customer_name\":\"Syed Shaheer\",\"customer_phone\":null,\"customer_shipping\":null,\"customer_tax_exempt\":\"none\",\"customer_tax_ids\":[],\"default_payment_method\":null,\"default_source\":null,\"default_tax_rates\":[],\"description\":null,\"discount\":null,\"discounts\":[],\"due_date\":null,\"effective_at\":1743143578,\"ending_balance\":0,\"footer\":null,\"from_invoice\":null,\"hosted_invoice_url\":\"https://invoice.stripe.com/i/acct_1R6baSPWgXkvbq8n/test_YWNjdF8xUjZiYVNQV2dYa3ZicThuLF9TMVpjVGZUVnBZU2NSMGFscHpRc0R0eExUWXRPSFJ5LDEzMzY4NDM4Mg0200wd0RuK5s?s=ap\",\"invoice_pdf\":\"https://pay.stripe.com/invoice/acct_1R6baSPWgXkvbq8n/test_YWNjdF8xUjZiYVNQV2dYa3ZicThuLF9TMVpjVGZUVnBZU2NSMGFscHpRc0R0eExUWXRPSFJ5LDEzMzY4NDM4Mg0200wd0RuK5s/pdf?s=ap\",\"issuer\":{\"type\":\"self\"},\"last_finalization_error\":null,\"latest_revision\":null,\"lines\":{\"object\":\"list\",\"data\":[{\"id\":\"il_1R7WTOPWgXkvbq8niHmA5hmm\",\"object\":\"line_item\",\"amount\":500,\"amount_excluding_tax\":500,\"currency\":\"usd\",\"description\":\"1 × Member (at $5.00 / month)\",\"discount_amounts\":[],\"discountable\":true,\"discounts\":[],\"invoice\":\"in_1R7WTOPWgXkvbq8nkxLmlf0N\",\"livemode\":false,\"metadata\":{},\"parent\":{\"invoice_item_details\":null,\"subscription_item_details\":{\"invoice_item\":null,\"proration\":false,\"proration_details\":{\"credited_items\":null},\"subscription\":\"sub_1R7WTOPWgXkvbq8ndd4COnkA\",\"subscription_item\":\"si_S1ZcSavAXGPZNK\"},\"type\":\"subscription_item_details\"},\"period\":{\"end\":1745821978,\"start\":1743143578},\"plan\":{\"id\":\"price_1R6bdrPWgXkvbq8n1jYpsAnb\",\"object\":\"plan\",\"active\":true,\"aggregate_usage\":null,\"amount\":500,\"amount_decimal\":\"500\",\"billing_scheme\":\"per_unit\",\"created\":1742925119,\"currency\":\"usd\",\"interval\":\"month\",\"interval_count\":1,\"livemode\":false,\"metadata\":{},\"meter\":null,\"nickname\":null,\"product\":\"prod_S0ctvBPx23j7OE\",\"tiers_mode\":null,\"transform_usage\":null,\"trial_period_days\":null,\"usage_type\":\"licensed\"},\"pretax_credit_amounts\":[],\"price\":{\"id\":\"price_1R6bdrPWgXkvbq8n1jYpsAnb\",\"object\":\"price\",\"active\":true,\"billing_scheme\":\"per_unit\",\"created\":1742925119,\"currency\":\"usd\",\"custom_unit_amount\":null,\"livemode\":false,\"lookup_key\":null,\"metadata\":{},\"nickname\":null,\"product\":\"prod_S0ctvBPx23j7OE\",\"recurring\":{\"aggregate_usage\":null,\"interval\":\"month\",\"interval_count\":1,\"meter\":null,\"trial_period_days\":null,\"usage_type\":\"licensed\"},\"tax_behavior\":\"unspecified\",\"tiers_mode\":null,\"transform_quantity\":null,\"type\":\"recurring\",\"unit_amount\":500,\"unit_amount_decimal\":\"500\"},\"pricing\":{\"price_details\":{\"price\":\"price_1R6bdrPWgXkvbq8n1jYpsAnb\",\"product\":\"prod_S0ctvBPx23j7OE\"},\"type\":\"price_details\",\"unit_amount_decimal\":\"500\"},\"proration\":false,\"proration_details\":{\"credited_items\":null},\"quantity\":1,\"subscription\":\"sub_1R7WTOPWgXkvbq8ndd4COnkA\",\"subscription_item\":\"si_S1ZcSavAXGPZNK\",\"tax_amounts\":[],\"tax_rates\":[],\"taxes\":[],\"type\":\"subscription\",\"unit_amount_excluding_tax\":\"500\"}],\"has_more\":false,\"total_count\":1,\"url\":\"/v1/invoices/in_1R7WTOPWgXkvbq8nkxLmlf0N/lines\"},\"livemode\":false,\"metadata\":{},\"next_payment_attempt\":null,\"number\":\"80E54A64-0001\",\"on_behalf_of\":null,\"paid\":false,\"paid_out_of_band\":false,\"parent\":{\"quote_details\":null,\"subscription_details\":{\"metadata\":{},\"subscription\":\"sub_1R7WTOPWgXkvbq8ndd4COnkA\"},\"type\":\"subscription_details\"},\"payment_intent\":\"pi_3R7WTPPWgXkvbq8n3zygkSGE\",\"payment_settings\":{\"default_mandate\":null,\"payment_method_options\":{\"acss_debit\":null,\"bancontact\":null,\"card\":{\"request_three_d_secure\":\"automatic\"},\"customer_balance\":null,\"konbini\":null,\"sepa_debit\":null,\"us_bank_account\":null},\"payment_method_types\":null},\"period_end\":1743143578,\"period_start\":1743143578,\"post_payment_credit_notes_amount\":0,\"pre_payment_credit_notes_amount\":0,\"quote\":null,\"receipt_number\":null,\"rendering\":null,\"shipping_cost\":null,\"shipping_details\":null,\"starting_balance\":0,\"statement_descriptor\":null,\"status\":\"open\",\"status_transitions\":{\"finalized_at\":1743143578,\"marked_uncollectible_at\":null,\"paid_at\":null,\"voided_at\":null},\"subscription\":\"sub_1R7WTOPWgXkvbq8ndd4COnkA\",\"subscription_details\":{\"metadata\":{}},\"subtotal\":500,\"subtotal_excluding_tax\":500,\"tax\":null,\"test_clock\":null,\"total\":500,\"total_discount_amounts\":[],\"total_excluding_tax\":500,\"total_pretax_credit_amounts\":[],\"total_tax_amounts\":[],\"total_taxes\":[],\"transfer_data\":null,\"webhooks_delivered_at\":null}},\"livemode\":false,\"pending_webhooks\":1,\"request\":{\"id\":null,\"idempotency_key\":\"1b475f81-0150-4c35-8d10-29907d20d4a8\"},\"type\":\"invoice.finalized\"}',NULL,'2025-03-28 06:33:03','2025-03-28 06:33:03'),(19,'{\"id\":\"evt_1R7WTSPWgXkvbq8nfXmn7YWL\",\"object\":\"event\",\"api_version\":\"2025-02-24.acacia\",\"created\":1743143581,\"data\":{\"object\":{\"id\":\"in_1R7WTOPWgXkvbq8nkxLmlf0N\",\"object\":\"invoice\",\"account_country\":\"US\",\"account_name\":\"Default sandbox\",\"account_tax_ids\":null,\"amount_due\":500,\"amount_overpaid\":0,\"amount_paid\":500,\"amount_remaining\":0,\"amount_shipping\":0,\"application\":null,\"application_fee_amount\":null,\"attempt_count\":1,\"attempted\":true,\"auto_advance\":false,\"automatic_tax\":{\"disabled_reason\":null,\"enabled\":false,\"liability\":null,\"status\":null},\"automatically_finalizes_at\":null,\"billing_reason\":\"subscription_create\",\"charge\":\"ch_3R7WTPPWgXkvbq8n3tRPu3ju\",\"collection_method\":\"charge_automatically\",\"created\":1743143578,\"currency\":\"usd\",\"custom_fields\":null,\"customer\":\"cus_S1ZcD00vphb8rI\",\"customer_address\":{\"city\":null,\"country\":\"PK\",\"line1\":null,\"line2\":null,\"postal_code\":null,\"state\":null},\"customer_email\":\"test@yopmail.com\",\"customer_name\":\"Syed Shaheer\",\"customer_phone\":null,\"customer_shipping\":null,\"customer_tax_exempt\":\"none\",\"customer_tax_ids\":[],\"default_payment_method\":null,\"default_source\":null,\"default_tax_rates\":[],\"description\":null,\"discount\":null,\"discounts\":[],\"due_date\":null,\"effective_at\":1743143578,\"ending_balance\":0,\"footer\":null,\"from_invoice\":null,\"hosted_invoice_url\":\"https://invoice.stripe.com/i/acct_1R6baSPWgXkvbq8n/test_YWNjdF8xUjZiYVNQV2dYa3ZicThuLF9TMVpjVGZUVnBZU2NSMGFscHpRc0R0eExUWXRPSFJ5LDEzMzY4NDM4Mg0200wd0RuK5s?s=ap\",\"invoice_pdf\":\"https://pay.stripe.com/invoice/acct_1R6baSPWgXkvbq8n/test_YWNjdF8xUjZiYVNQV2dYa3ZicThuLF9TMVpjVGZUVnBZU2NSMGFscHpRc0R0eExUWXRPSFJ5LDEzMzY4NDM4Mg0200wd0RuK5s/pdf?s=ap\",\"issuer\":{\"type\":\"self\"},\"last_finalization_error\":null,\"latest_revision\":null,\"lines\":{\"object\":\"list\",\"data\":[{\"id\":\"il_1R7WTOPWgXkvbq8niHmA5hmm\",\"object\":\"line_item\",\"amount\":500,\"amount_excluding_tax\":500,\"currency\":\"usd\",\"description\":\"1 × Member (at $5.00 / month)\",\"discount_amounts\":[],\"discountable\":true,\"discounts\":[],\"invoice\":\"in_1R7WTOPWgXkvbq8nkxLmlf0N\",\"livemode\":false,\"metadata\":{},\"parent\":{\"invoice_item_details\":null,\"subscription_item_details\":{\"invoice_item\":null,\"proration\":false,\"proration_details\":{\"credited_items\":null},\"subscription\":\"sub_1R7WTOPWgXkvbq8ndd4COnkA\",\"subscription_item\":\"si_S1ZcSavAXGPZNK\"},\"type\":\"subscription_item_details\"},\"period\":{\"end\":1745821978,\"start\":1743143578},\"plan\":{\"id\":\"price_1R6bdrPWgXkvbq8n1jYpsAnb\",\"object\":\"plan\",\"active\":true,\"aggregate_usage\":null,\"amount\":500,\"amount_decimal\":\"500\",\"billing_scheme\":\"per_unit\",\"created\":1742925119,\"currency\":\"usd\",\"interval\":\"month\",\"interval_count\":1,\"livemode\":false,\"metadata\":{},\"meter\":null,\"nickname\":null,\"product\":\"prod_S0ctvBPx23j7OE\",\"tiers_mode\":null,\"transform_usage\":null,\"trial_period_days\":null,\"usage_type\":\"licensed\"},\"pretax_credit_amounts\":[],\"price\":{\"id\":\"price_1R6bdrPWgXkvbq8n1jYpsAnb\",\"object\":\"price\",\"active\":true,\"billing_scheme\":\"per_unit\",\"created\":1742925119,\"currency\":\"usd\",\"custom_unit_amount\":null,\"livemode\":false,\"lookup_key\":null,\"metadata\":{},\"nickname\":null,\"product\":\"prod_S0ctvBPx23j7OE\",\"recurring\":{\"aggregate_usage\":null,\"interval\":\"month\",\"interval_count\":1,\"meter\":null,\"trial_period_days\":null,\"usage_type\":\"licensed\"},\"tax_behavior\":\"unspecified\",\"tiers_mode\":null,\"transform_quantity\":null,\"type\":\"recurring\",\"unit_amount\":500,\"unit_amount_decimal\":\"500\"},\"pricing\":{\"price_details\":{\"price\":\"price_1R6bdrPWgXkvbq8n1jYpsAnb\",\"product\":\"prod_S0ctvBPx23j7OE\"},\"type\":\"price_details\",\"unit_amount_decimal\":\"500\"},\"proration\":false,\"proration_details\":{\"credited_items\":null},\"quantity\":1,\"subscription\":\"sub_1R7WTOPWgXkvbq8ndd4COnkA\",\"subscription_item\":\"si_S1ZcSavAXGPZNK\",\"tax_amounts\":[],\"tax_rates\":[],\"taxes\":[],\"type\":\"subscription\",\"unit_amount_excluding_tax\":\"500\"}],\"has_more\":false,\"total_count\":1,\"url\":\"/v1/invoices/in_1R7WTOPWgXkvbq8nkxLmlf0N/lines\"},\"livemode\":false,\"metadata\":{},\"next_payment_attempt\":null,\"number\":\"80E54A64-0001\",\"on_behalf_of\":null,\"paid\":true,\"paid_out_of_band\":false,\"parent\":{\"quote_details\":null,\"subscription_details\":{\"metadata\":{},\"subscription\":\"sub_1R7WTOPWgXkvbq8ndd4COnkA\"},\"type\":\"subscription_details\"},\"payment_intent\":\"pi_3R7WTPPWgXkvbq8n3zygkSGE\",\"payment_settings\":{\"default_mandate\":null,\"payment_method_options\":{\"acss_debit\":null,\"bancontact\":null,\"card\":{\"request_three_d_secure\":\"automatic\"},\"customer_balance\":null,\"konbini\":null,\"sepa_debit\":null,\"us_bank_account\":null},\"payment_method_types\":null},\"period_end\":1743143578,\"period_start\":1743143578,\"post_payment_credit_notes_amount\":0,\"pre_payment_credit_notes_amount\":0,\"quote\":null,\"receipt_number\":null,\"rendering\":null,\"shipping_cost\":null,\"shipping_details\":null,\"starting_balance\":0,\"statement_descriptor\":null,\"status\":\"paid\",\"status_transitions\":{\"finalized_at\":1743143578,\"marked_uncollectible_at\":null,\"paid_at\":1743143580,\"voided_at\":null},\"subscription\":\"sub_1R7WTOPWgXkvbq8ndd4COnkA\",\"subscription_details\":{\"metadata\":{}},\"subtotal\":500,\"subtotal_excluding_tax\":500,\"tax\":null,\"test_clock\":null,\"total\":500,\"total_discount_amounts\":[],\"total_excluding_tax\":500,\"total_pretax_credit_amounts\":[],\"total_tax_amounts\":[],\"total_taxes\":[],\"transfer_data\":null,\"webhooks_delivered_at\":null}},\"livemode\":false,\"pending_webhooks\":1,\"request\":{\"id\":null,\"idempotency_key\":\"1b475f81-0150-4c35-8d10-29907d20d4a8\"},\"type\":\"invoice.payment_succeeded\"}',NULL,'2025-03-28 06:33:03','2025-03-28 06:33:03'),(20,'{\"id\":\"evt_1R7WTSPWgXkvbq8nfXmn7YWL\",\"object\":\"event\",\"api_version\":\"2025-02-24.acacia\",\"created\":1743143581,\"data\":{\"object\":{\"id\":\"in_1R7WTOPWgXkvbq8nkxLmlf0N\",\"object\":\"invoice\",\"account_country\":\"US\",\"account_name\":\"Default sandbox\",\"account_tax_ids\":null,\"amount_due\":500,\"amount_overpaid\":0,\"amount_paid\":500,\"amount_remaining\":0,\"amount_shipping\":0,\"application\":null,\"application_fee_amount\":null,\"attempt_count\":1,\"attempted\":true,\"auto_advance\":false,\"automatic_tax\":{\"disabled_reason\":null,\"enabled\":false,\"liability\":null,\"status\":null},\"automatically_finalizes_at\":null,\"billing_reason\":\"subscription_create\",\"charge\":\"ch_3R7WTPPWgXkvbq8n3tRPu3ju\",\"collection_method\":\"charge_automatically\",\"created\":1743143578,\"currency\":\"usd\",\"custom_fields\":null,\"customer\":\"cus_S1ZcD00vphb8rI\",\"customer_address\":{\"city\":null,\"country\":\"PK\",\"line1\":null,\"line2\":null,\"postal_code\":null,\"state\":null},\"customer_email\":\"test@yopmail.com\",\"customer_name\":\"Syed Shaheer\",\"customer_phone\":null,\"customer_shipping\":null,\"customer_tax_exempt\":\"none\",\"customer_tax_ids\":[],\"default_payment_method\":null,\"default_source\":null,\"default_tax_rates\":[],\"description\":null,\"discount\":null,\"discounts\":[],\"due_date\":null,\"effective_at\":1743143578,\"ending_balance\":0,\"footer\":null,\"from_invoice\":null,\"hosted_invoice_url\":\"https://invoice.stripe.com/i/acct_1R6baSPWgXkvbq8n/test_YWNjdF8xUjZiYVNQV2dYa3ZicThuLF9TMVpjVGZUVnBZU2NSMGFscHpRc0R0eExUWXRPSFJ5LDEzMzY4NDM4Mg0200wd0RuK5s?s=ap\",\"invoice_pdf\":\"https://pay.stripe.com/invoice/acct_1R6baSPWgXkvbq8n/test_YWNjdF8xUjZiYVNQV2dYa3ZicThuLF9TMVpjVGZUVnBZU2NSMGFscHpRc0R0eExUWXRPSFJ5LDEzMzY4NDM4Mg0200wd0RuK5s/pdf?s=ap\",\"issuer\":{\"type\":\"self\"},\"last_finalization_error\":null,\"latest_revision\":null,\"lines\":{\"object\":\"list\",\"data\":[{\"id\":\"il_1R7WTOPWgXkvbq8niHmA5hmm\",\"object\":\"line_item\",\"amount\":500,\"amount_excluding_tax\":500,\"currency\":\"usd\",\"description\":\"1 × Member (at $5.00 / month)\",\"discount_amounts\":[],\"discountable\":true,\"discounts\":[],\"invoice\":\"in_1R7WTOPWgXkvbq8nkxLmlf0N\",\"livemode\":false,\"metadata\":{},\"parent\":{\"invoice_item_details\":null,\"subscription_item_details\":{\"invoice_item\":null,\"proration\":false,\"proration_details\":{\"credited_items\":null},\"subscription\":\"sub_1R7WTOPWgXkvbq8ndd4COnkA\",\"subscription_item\":\"si_S1ZcSavAXGPZNK\"},\"type\":\"subscription_item_details\"},\"period\":{\"end\":1745821978,\"start\":1743143578},\"plan\":{\"id\":\"price_1R6bdrPWgXkvbq8n1jYpsAnb\",\"object\":\"plan\",\"active\":true,\"aggregate_usage\":null,\"amount\":500,\"amount_decimal\":\"500\",\"billing_scheme\":\"per_unit\",\"created\":1742925119,\"currency\":\"usd\",\"interval\":\"month\",\"interval_count\":1,\"livemode\":false,\"metadata\":{},\"meter\":null,\"nickname\":null,\"product\":\"prod_S0ctvBPx23j7OE\",\"tiers_mode\":null,\"transform_usage\":null,\"trial_period_days\":null,\"usage_type\":\"licensed\"},\"pretax_credit_amounts\":[],\"price\":{\"id\":\"price_1R6bdrPWgXkvbq8n1jYpsAnb\",\"object\":\"price\",\"active\":true,\"billing_scheme\":\"per_unit\",\"created\":1742925119,\"currency\":\"usd\",\"custom_unit_amount\":null,\"livemode\":false,\"lookup_key\":null,\"metadata\":{},\"nickname\":null,\"product\":\"prod_S0ctvBPx23j7OE\",\"recurring\":{\"aggregate_usage\":null,\"interval\":\"month\",\"interval_count\":1,\"meter\":null,\"trial_period_days\":null,\"usage_type\":\"licensed\"},\"tax_behavior\":\"unspecified\",\"tiers_mode\":null,\"transform_quantity\":null,\"type\":\"recurring\",\"unit_amount\":500,\"unit_amount_decimal\":\"500\"},\"pricing\":{\"price_details\":{\"price\":\"price_1R6bdrPWgXkvbq8n1jYpsAnb\",\"product\":\"prod_S0ctvBPx23j7OE\"},\"type\":\"price_details\",\"unit_amount_decimal\":\"500\"},\"proration\":false,\"proration_details\":{\"credited_items\":null},\"quantity\":1,\"subscription\":\"sub_1R7WTOPWgXkvbq8ndd4COnkA\",\"subscription_item\":\"si_S1ZcSavAXGPZNK\",\"tax_amounts\":[],\"tax_rates\":[],\"taxes\":[],\"type\":\"subscription\",\"unit_amount_excluding_tax\":\"500\"}],\"has_more\":false,\"total_count\":1,\"url\":\"/v1/invoices/in_1R7WTOPWgXkvbq8nkxLmlf0N/lines\"},\"livemode\":false,\"metadata\":{},\"next_payment_attempt\":null,\"number\":\"80E54A64-0001\",\"on_behalf_of\":null,\"paid\":true,\"paid_out_of_band\":false,\"parent\":{\"quote_details\":null,\"subscription_details\":{\"metadata\":{},\"subscription\":\"sub_1R7WTOPWgXkvbq8ndd4COnkA\"},\"type\":\"subscription_details\"},\"payment_intent\":\"pi_3R7WTPPWgXkvbq8n3zygkSGE\",\"payment_settings\":{\"default_mandate\":null,\"payment_method_options\":{\"acss_debit\":null,\"bancontact\":null,\"card\":{\"request_three_d_secure\":\"automatic\"},\"customer_balance\":null,\"konbini\":null,\"sepa_debit\":null,\"us_bank_account\":null},\"payment_method_types\":null},\"period_end\":1743143578,\"period_start\":1743143578,\"post_payment_credit_notes_amount\":0,\"pre_payment_credit_notes_amount\":0,\"quote\":null,\"receipt_number\":null,\"rendering\":null,\"shipping_cost\":null,\"shipping_details\":null,\"starting_balance\":0,\"statement_descriptor\":null,\"status\":\"paid\",\"status_transitions\":{\"finalized_at\":1743143578,\"marked_uncollectible_at\":null,\"paid_at\":1743143580,\"voided_at\":null},\"subscription\":\"sub_1R7WTOPWgXkvbq8ndd4COnkA\",\"subscription_details\":{\"metadata\":{}},\"subtotal\":500,\"subtotal_excluding_tax\":500,\"tax\":null,\"test_clock\":null,\"total\":500,\"total_discount_amounts\":[],\"total_excluding_tax\":500,\"total_pretax_credit_amounts\":[],\"total_tax_amounts\":[],\"total_taxes\":[],\"transfer_data\":null,\"webhooks_delivered_at\":null}},\"livemode\":false,\"pending_webhooks\":1,\"request\":{\"id\":null,\"idempotency_key\":\"1b475f81-0150-4c35-8d10-29907d20d4a8\"},\"type\":\"invoice.payment_succeeded\"}',NULL,'2025-03-28 06:33:17','2025-03-28 06:33:17'),(21,'{\"id\":\"evt_1R7WTSPWgXkvbq8nfXmn7YWL\",\"object\":\"event\",\"api_version\":\"2025-02-24.acacia\",\"created\":1743143581,\"data\":{\"object\":{\"id\":\"in_1R7WTOPWgXkvbq8nkxLmlf0N\",\"object\":\"invoice\",\"account_country\":\"US\",\"account_name\":\"Default sandbox\",\"account_tax_ids\":null,\"amount_due\":500,\"amount_overpaid\":0,\"amount_paid\":500,\"amount_remaining\":0,\"amount_shipping\":0,\"application\":null,\"application_fee_amount\":null,\"attempt_count\":1,\"attempted\":true,\"auto_advance\":false,\"automatic_tax\":{\"disabled_reason\":null,\"enabled\":false,\"liability\":null,\"status\":null},\"automatically_finalizes_at\":null,\"billing_reason\":\"subscription_create\",\"charge\":\"ch_3R7WTPPWgXkvbq8n3tRPu3ju\",\"collection_method\":\"charge_automatically\",\"created\":1743143578,\"currency\":\"usd\",\"custom_fields\":null,\"customer\":\"cus_S1ZcD00vphb8rI\",\"customer_address\":{\"city\":null,\"country\":\"PK\",\"line1\":null,\"line2\":null,\"postal_code\":null,\"state\":null},\"customer_email\":\"test@yopmail.com\",\"customer_name\":\"Syed Shaheer\",\"customer_phone\":null,\"customer_shipping\":null,\"customer_tax_exempt\":\"none\",\"customer_tax_ids\":[],\"default_payment_method\":null,\"default_source\":null,\"default_tax_rates\":[],\"description\":null,\"discount\":null,\"discounts\":[],\"due_date\":null,\"effective_at\":1743143578,\"ending_balance\":0,\"footer\":null,\"from_invoice\":null,\"hosted_invoice_url\":\"https://invoice.stripe.com/i/acct_1R6baSPWgXkvbq8n/test_YWNjdF8xUjZiYVNQV2dYa3ZicThuLF9TMVpjVGZUVnBZU2NSMGFscHpRc0R0eExUWXRPSFJ5LDEzMzY4NDM4Mg0200wd0RuK5s?s=ap\",\"invoice_pdf\":\"https://pay.stripe.com/invoice/acct_1R6baSPWgXkvbq8n/test_YWNjdF8xUjZiYVNQV2dYa3ZicThuLF9TMVpjVGZUVnBZU2NSMGFscHpRc0R0eExUWXRPSFJ5LDEzMzY4NDM4Mg0200wd0RuK5s/pdf?s=ap\",\"issuer\":{\"type\":\"self\"},\"last_finalization_error\":null,\"latest_revision\":null,\"lines\":{\"object\":\"list\",\"data\":[{\"id\":\"il_1R7WTOPWgXkvbq8niHmA5hmm\",\"object\":\"line_item\",\"amount\":500,\"amount_excluding_tax\":500,\"currency\":\"usd\",\"description\":\"1 × Member (at $5.00 / month)\",\"discount_amounts\":[],\"discountable\":true,\"discounts\":[],\"invoice\":\"in_1R7WTOPWgXkvbq8nkxLmlf0N\",\"livemode\":false,\"metadata\":{},\"parent\":{\"invoice_item_details\":null,\"subscription_item_details\":{\"invoice_item\":null,\"proration\":false,\"proration_details\":{\"credited_items\":null},\"subscription\":\"sub_1R7WTOPWgXkvbq8ndd4COnkA\",\"subscription_item\":\"si_S1ZcSavAXGPZNK\"},\"type\":\"subscription_item_details\"},\"period\":{\"end\":1745821978,\"start\":1743143578},\"plan\":{\"id\":\"price_1R6bdrPWgXkvbq8n1jYpsAnb\",\"object\":\"plan\",\"active\":true,\"aggregate_usage\":null,\"amount\":500,\"amount_decimal\":\"500\",\"billing_scheme\":\"per_unit\",\"created\":1742925119,\"currency\":\"usd\",\"interval\":\"month\",\"interval_count\":1,\"livemode\":false,\"metadata\":{},\"meter\":null,\"nickname\":null,\"product\":\"prod_S0ctvBPx23j7OE\",\"tiers_mode\":null,\"transform_usage\":null,\"trial_period_days\":null,\"usage_type\":\"licensed\"},\"pretax_credit_amounts\":[],\"price\":{\"id\":\"price_1R6bdrPWgXkvbq8n1jYpsAnb\",\"object\":\"price\",\"active\":true,\"billing_scheme\":\"per_unit\",\"created\":1742925119,\"currency\":\"usd\",\"custom_unit_amount\":null,\"livemode\":false,\"lookup_key\":null,\"metadata\":{},\"nickname\":null,\"product\":\"prod_S0ctvBPx23j7OE\",\"recurring\":{\"aggregate_usage\":null,\"interval\":\"month\",\"interval_count\":1,\"meter\":null,\"trial_period_days\":null,\"usage_type\":\"licensed\"},\"tax_behavior\":\"unspecified\",\"tiers_mode\":null,\"transform_quantity\":null,\"type\":\"recurring\",\"unit_amount\":500,\"unit_amount_decimal\":\"500\"},\"pricing\":{\"price_details\":{\"price\":\"price_1R6bdrPWgXkvbq8n1jYpsAnb\",\"product\":\"prod_S0ctvBPx23j7OE\"},\"type\":\"price_details\",\"unit_amount_decimal\":\"500\"},\"proration\":false,\"proration_details\":{\"credited_items\":null},\"quantity\":1,\"subscription\":\"sub_1R7WTOPWgXkvbq8ndd4COnkA\",\"subscription_item\":\"si_S1ZcSavAXGPZNK\",\"tax_amounts\":[],\"tax_rates\":[],\"taxes\":[],\"type\":\"subscription\",\"unit_amount_excluding_tax\":\"500\"}],\"has_more\":false,\"total_count\":1,\"url\":\"/v1/invoices/in_1R7WTOPWgXkvbq8nkxLmlf0N/lines\"},\"livemode\":false,\"metadata\":{},\"next_payment_attempt\":null,\"number\":\"80E54A64-0001\",\"on_behalf_of\":null,\"paid\":true,\"paid_out_of_band\":false,\"parent\":{\"quote_details\":null,\"subscription_details\":{\"metadata\":{},\"subscription\":\"sub_1R7WTOPWgXkvbq8ndd4COnkA\"},\"type\":\"subscription_details\"},\"payment_intent\":\"pi_3R7WTPPWgXkvbq8n3zygkSGE\",\"payment_settings\":{\"default_mandate\":null,\"payment_method_options\":{\"acss_debit\":null,\"bancontact\":null,\"card\":{\"request_three_d_secure\":\"automatic\"},\"customer_balance\":null,\"konbini\":null,\"sepa_debit\":null,\"us_bank_account\":null},\"payment_method_types\":null},\"period_end\":1743143578,\"period_start\":1743143578,\"post_payment_credit_notes_amount\":0,\"pre_payment_credit_notes_amount\":0,\"quote\":null,\"receipt_number\":null,\"rendering\":null,\"shipping_cost\":null,\"shipping_details\":null,\"starting_balance\":0,\"statement_descriptor\":null,\"status\":\"paid\",\"status_transitions\":{\"finalized_at\":1743143578,\"marked_uncollectible_at\":null,\"paid_at\":1743143580,\"voided_at\":null},\"subscription\":\"sub_1R7WTOPWgXkvbq8ndd4COnkA\",\"subscription_details\":{\"metadata\":{}},\"subtotal\":500,\"subtotal_excluding_tax\":500,\"tax\":null,\"test_clock\":null,\"total\":500,\"total_discount_amounts\":[],\"total_excluding_tax\":500,\"total_pretax_credit_amounts\":[],\"total_tax_amounts\":[],\"total_taxes\":[],\"transfer_data\":null,\"webhooks_delivered_at\":null}},\"livemode\":false,\"pending_webhooks\":1,\"request\":{\"id\":null,\"idempotency_key\":\"1b475f81-0150-4c35-8d10-29907d20d4a8\"},\"type\":\"invoice.payment_succeeded\"}',NULL,'2025-03-28 07:32:16','2025-03-28 07:32:16'),(22,'{\"id\":\"evt_1R7bb3PWgXkvbq8naCz2qbt0\",\"object\":\"event\",\"api_version\":\"2025-02-24.acacia\",\"created\":1743163270,\"data\":{\"object\":{\"id\":\"cus_S1eucDHltVY76G\",\"object\":\"customer\",\"address\":{\"city\":null,\"country\":\"PK\",\"line1\":null,\"line2\":null,\"postal_code\":null,\"state\":null},\"balance\":0,\"created\":1743163269,\"currency\":\"usd\",\"default_source\":null,\"delinquent\":false,\"description\":null,\"discount\":null,\"email\":\"test@yopmail.com\",\"invoice_prefix\":\"28D309E1\",\"invoice_settings\":{\"custom_fields\":null,\"default_payment_method\":null,\"footer\":null,\"rendering_options\":null},\"livemode\":false,\"metadata\":{},\"name\":\"test\",\"next_invoice_sequence\":2,\"phone\":null,\"preferred_locales\":[\"en-US\"],\"shipping\":null,\"tax_exempt\":\"none\",\"test_clock\":null},\"previous_attributes\":{\"currency\":null}},\"livemode\":false,\"pending_webhooks\":1,\"request\":{\"id\":null,\"idempotency_key\":\"0b0ca403-4dc8-4d68-8822-4203282b4c59\"},\"type\":\"customer.updated\"}',NULL,'2025-03-28 12:01:14','2025-03-28 12:01:14'),(23,'{\"id\":\"evt_1R7bb3PWgXkvbq8nvpy0sdNg\",\"object\":\"event\",\"api_version\":\"2025-02-24.acacia\",\"created\":1743163271,\"data\":{\"object\":{\"id\":\"sub_1R7bb0PWgXkvbq8nlqLsWuO3\",\"object\":\"subscription\",\"application\":null,\"application_fee_percent\":null,\"automatic_tax\":{\"disabled_reason\":null,\"enabled\":false,\"liability\":null},\"billing_cycle_anchor\":1743163270,\"billing_cycle_anchor_config\":null,\"billing_thresholds\":null,\"cancel_at\":null,\"cancel_at_period_end\":false,\"canceled_at\":null,\"cancellation_details\":{\"comment\":null,\"feedback\":null,\"reason\":null},\"collection_method\":\"charge_automatically\",\"created\":1743163270,\"currency\":\"usd\",\"current_period_end\":1745841670,\"current_period_start\":1743163270,\"customer\":\"cus_S1eucDHltVY76G\",\"days_until_due\":null,\"default_payment_method\":null,\"default_source\":null,\"default_tax_rates\":[],\"description\":null,\"discount\":null,\"discounts\":[],\"ended_at\":null,\"invoice_settings\":{\"account_tax_ids\":null,\"issuer\":{\"type\":\"self\"}},\"items\":{\"object\":\"list\",\"data\":[{\"id\":\"si_S1euUpHveX5JXb\",\"object\":\"subscription_item\",\"billing_thresholds\":null,\"created\":1743163270,\"current_period_end\":1745841670,\"current_period_start\":1743163270,\"discounts\":[],\"metadata\":{},\"plan\":{\"id\":\"price_1R6bdrPWgXkvbq8n1jYpsAnb\",\"object\":\"plan\",\"active\":true,\"aggregate_usage\":null,\"amount\":500,\"amount_decimal\":\"500\",\"billing_scheme\":\"per_unit\",\"created\":1742925119,\"currency\":\"usd\",\"interval\":\"month\",\"interval_count\":1,\"livemode\":false,\"metadata\":{},\"meter\":null,\"nickname\":null,\"product\":\"prod_S0ctvBPx23j7OE\",\"tiers_mode\":null,\"transform_usage\":null,\"trial_period_days\":null,\"usage_type\":\"licensed\"},\"price\":{\"id\":\"price_1R6bdrPWgXkvbq8n1jYpsAnb\",\"object\":\"price\",\"active\":true,\"billing_scheme\":\"per_unit\",\"created\":1742925119,\"currency\":\"usd\",\"custom_unit_amount\":null,\"livemode\":false,\"lookup_key\":null,\"metadata\":{},\"nickname\":null,\"product\":\"prod_S0ctvBPx23j7OE\",\"recurring\":{\"aggregate_usage\":null,\"interval\":\"month\",\"interval_count\":1,\"meter\":null,\"trial_period_days\":null,\"usage_type\":\"licensed\"},\"tax_behavior\":\"unspecified\",\"tiers_mode\":null,\"transform_quantity\":null,\"type\":\"recurring\",\"unit_amount\":500,\"unit_amount_decimal\":\"500\"},\"quantity\":1,\"subscription\":\"sub_1R7bb0PWgXkvbq8nlqLsWuO3\",\"tax_rates\":[]}],\"has_more\":false,\"total_count\":1,\"url\":\"/v1/subscription_items?subscription=sub_1R7bb0PWgXkvbq8nlqLsWuO3\"},\"latest_invoice\":\"in_1R7bb0PWgXkvbq8nzRTbAzlL\",\"livemode\":false,\"metadata\":{},\"next_pending_invoice_item_invoice\":null,\"on_behalf_of\":null,\"pause_collection\":null,\"payment_settings\":{\"payment_method_options\":{\"acss_debit\":null,\"bancontact\":null,\"card\":{\"network\":null,\"request_three_d_secure\":\"automatic\"},\"customer_balance\":null,\"konbini\":null,\"sepa_debit\":null,\"us_bank_account\":null},\"payment_method_types\":null,\"save_default_payment_method\":\"off\"},\"pending_invoice_item_interval\":null,\"pending_setup_intent\":null,\"pending_update\":null,\"plan\":{\"id\":\"price_1R6bdrPWgXkvbq8n1jYpsAnb\",\"object\":\"plan\",\"active\":true,\"aggregate_usage\":null,\"amount\":500,\"amount_decimal\":\"500\",\"billing_scheme\":\"per_unit\",\"created\":1742925119,\"currency\":\"usd\",\"interval\":\"month\",\"interval_count\":1,\"livemode\":false,\"metadata\":{},\"meter\":null,\"nickname\":null,\"product\":\"prod_S0ctvBPx23j7OE\",\"tiers_mode\":null,\"transform_usage\":null,\"trial_period_days\":null,\"usage_type\":\"licensed\"},\"quantity\":1,\"schedule\":null,\"start_date\":1743163270,\"status\":\"incomplete\",\"test_clock\":null,\"transfer_data\":null,\"trial_end\":null,\"trial_settings\":{\"end_behavior\":{\"missing_payment_method\":\"create_invoice\"}},\"trial_start\":null}},\"livemode\":false,\"pending_webhooks\":1,\"request\":{\"id\":null,\"idempotency_key\":\"0b0ca403-4dc8-4d68-8822-4203282b4c59\"},\"type\":\"customer.subscription.created\"}',NULL,'2025-03-28 12:01:14','2025-03-28 12:01:14'),(24,'{\"id\":\"evt_1R7bb3PWgXkvbq8nKjeLvjgH\",\"object\":\"event\",\"api_version\":\"2025-02-24.acacia\",\"created\":1743163273,\"data\":{\"object\":{\"id\":\"sub_1R7bb0PWgXkvbq8nlqLsWuO3\",\"object\":\"subscription\",\"application\":null,\"application_fee_percent\":null,\"automatic_tax\":{\"disabled_reason\":null,\"enabled\":false,\"liability\":null},\"billing_cycle_anchor\":1743163270,\"billing_cycle_anchor_config\":null,\"billing_thresholds\":null,\"cancel_at\":null,\"cancel_at_period_end\":false,\"canceled_at\":null,\"cancellation_details\":{\"comment\":null,\"feedback\":null,\"reason\":null},\"collection_method\":\"charge_automatically\",\"created\":1743163270,\"currency\":\"usd\",\"current_period_end\":1745841670,\"current_period_start\":1743163270,\"customer\":\"cus_S1eucDHltVY76G\",\"days_until_due\":null,\"default_payment_method\":\"pm_1R7bazPWgXkvbq8nb0zxRpri\",\"default_source\":null,\"default_tax_rates\":[],\"description\":null,\"discount\":null,\"discounts\":[],\"ended_at\":null,\"invoice_settings\":{\"account_tax_ids\":null,\"issuer\":{\"type\":\"self\"}},\"items\":{\"object\":\"list\",\"data\":[{\"id\":\"si_S1euUpHveX5JXb\",\"object\":\"subscription_item\",\"billing_thresholds\":null,\"created\":1743163270,\"current_period_end\":1745841670,\"current_period_start\":1743163270,\"discounts\":[],\"metadata\":{},\"plan\":{\"id\":\"price_1R6bdrPWgXkvbq8n1jYpsAnb\",\"object\":\"plan\",\"active\":true,\"aggregate_usage\":null,\"amount\":500,\"amount_decimal\":\"500\",\"billing_scheme\":\"per_unit\",\"created\":1742925119,\"currency\":\"usd\",\"interval\":\"month\",\"interval_count\":1,\"livemode\":false,\"metadata\":{},\"meter\":null,\"nickname\":null,\"product\":\"prod_S0ctvBPx23j7OE\",\"tiers_mode\":null,\"transform_usage\":null,\"trial_period_days\":null,\"usage_type\":\"licensed\"},\"price\":{\"id\":\"price_1R6bdrPWgXkvbq8n1jYpsAnb\",\"object\":\"price\",\"active\":true,\"billing_scheme\":\"per_unit\",\"created\":1742925119,\"currency\":\"usd\",\"custom_unit_amount\":null,\"livemode\":false,\"lookup_key\":null,\"metadata\":{},\"nickname\":null,\"product\":\"prod_S0ctvBPx23j7OE\",\"recurring\":{\"aggregate_usage\":null,\"interval\":\"month\",\"interval_count\":1,\"meter\":null,\"trial_period_days\":null,\"usage_type\":\"licensed\"},\"tax_behavior\":\"unspecified\",\"tiers_mode\":null,\"transform_quantity\":null,\"type\":\"recurring\",\"unit_amount\":500,\"unit_amount_decimal\":\"500\"},\"quantity\":1,\"subscription\":\"sub_1R7bb0PWgXkvbq8nlqLsWuO3\",\"tax_rates\":[]}],\"has_more\":false,\"total_count\":1,\"url\":\"/v1/subscription_items?subscription=sub_1R7bb0PWgXkvbq8nlqLsWuO3\"},\"latest_invoice\":\"in_1R7bb0PWgXkvbq8nzRTbAzlL\",\"livemode\":false,\"metadata\":{},\"next_pending_invoice_item_invoice\":null,\"on_behalf_of\":null,\"pause_collection\":null,\"payment_settings\":{\"payment_method_options\":{\"acss_debit\":null,\"bancontact\":null,\"card\":{\"network\":null,\"request_three_d_secure\":\"automatic\"},\"customer_balance\":null,\"konbini\":null,\"sepa_debit\":null,\"us_bank_account\":null},\"payment_method_types\":null,\"save_default_payment_method\":\"off\"},\"pending_invoice_item_interval\":null,\"pending_setup_intent\":null,\"pending_update\":null,\"plan\":{\"id\":\"price_1R6bdrPWgXkvbq8n1jYpsAnb\",\"object\":\"plan\",\"active\":true,\"aggregate_usage\":null,\"amount\":500,\"amount_decimal\":\"500\",\"billing_scheme\":\"per_unit\",\"created\":1742925119,\"currency\":\"usd\",\"interval\":\"month\",\"interval_count\":1,\"livemode\":false,\"metadata\":{},\"meter\":null,\"nickname\":null,\"product\":\"prod_S0ctvBPx23j7OE\",\"tiers_mode\":null,\"transform_usage\":null,\"trial_period_days\":null,\"usage_type\":\"licensed\"},\"quantity\":1,\"schedule\":null,\"start_date\":1743163270,\"status\":\"active\",\"test_clock\":null,\"transfer_data\":null,\"trial_end\":null,\"trial_settings\":{\"end_behavior\":{\"missing_payment_method\":\"create_invoice\"}},\"trial_start\":null},\"previous_attributes\":{\"default_payment_method\":null,\"status\":\"incomplete\"}},\"livemode\":false,\"pending_webhooks\":1,\"request\":{\"id\":null,\"idempotency_key\":\"0b0ca403-4dc8-4d68-8822-4203282b4c59\"},\"type\":\"customer.subscription.updated\"}',NULL,'2025-03-28 12:01:14','2025-03-28 12:01:14'),(25,'{\"id\":\"evt_3R7bb0PWgXkvbq8n2ciNlGkp\",\"object\":\"event\",\"api_version\":\"2025-02-24.acacia\",\"created\":1743163272,\"data\":{\"object\":{\"id\":\"pi_3R7bb0PWgXkvbq8n2re8OoFp\",\"object\":\"payment_intent\",\"amount\":500,\"amount_capturable\":0,\"amount_details\":{\"tip\":{}},\"amount_received\":500,\"application\":null,\"application_fee_amount\":null,\"automatic_payment_methods\":null,\"canceled_at\":null,\"cancellation_reason\":null,\"capture_method\":\"automatic\",\"client_secret\":\"pi_3R7bb0PWgXkvbq8n2re8OoFp_secret_F9dr2yb9ULXC2VamcmShmrPrX\",\"confirmation_method\":\"automatic\",\"created\":1743163270,\"currency\":\"usd\",\"customer\":\"cus_S1eucDHltVY76G\",\"description\":\"Subscription creation\",\"invoice\":\"in_1R7bb0PWgXkvbq8nzRTbAzlL\",\"last_payment_error\":null,\"latest_charge\":\"ch_3R7bb0PWgXkvbq8n2ymK8aZf\",\"livemode\":false,\"metadata\":{},\"next_action\":null,\"on_behalf_of\":null,\"payment_method\":\"pm_1R7bazPWgXkvbq8nb0zxRpri\",\"payment_method_configuration_details\":null,\"payment_method_options\":{\"amazon_pay\":{\"express_checkout_element_session_id\":null},\"card\":{\"installments\":null,\"mandate_options\":null,\"network\":null,\"request_three_d_secure\":\"automatic\",\"setup_future_usage\":\"off_session\"},\"cashapp\":{},\"link\":{\"persistent_token\":null}},\"payment_method_types\":[\"amazon_pay\",\"card\",\"cashapp\",\"link\"],\"processing\":null,\"receipt_email\":null,\"review\":null,\"setup_future_usage\":\"off_session\",\"shipping\":null,\"source\":null,\"statement_descriptor\":null,\"statement_descriptor_suffix\":null,\"status\":\"succeeded\",\"transfer_data\":null,\"transfer_group\":null}},\"livemode\":false,\"pending_webhooks\":1,\"request\":{\"id\":null,\"idempotency_key\":\"0b0ca403-4dc8-4d68-8822-4203282b4c59\"},\"type\":\"payment_intent.succeeded\"}',NULL,'2025-03-28 12:01:14','2025-03-28 12:01:14'),(26,'{\"id\":\"evt_1R7bb3PWgXkvbq8nRVbgvfi0\",\"object\":\"event\",\"api_version\":\"2025-02-24.acacia\",\"created\":1743163273,\"data\":{\"object\":{\"id\":\"cs_test_a1U1mJHFLHjBLhTcV3Khh7BQZpqDIoiqjSkc2dAFUefaLX3nZ4lZTyN8xO\",\"object\":\"checkout.session\",\"adaptive_pricing\":null,\"after_expiration\":null,\"allow_promotion_codes\":null,\"amount_subtotal\":500,\"amount_total\":500,\"automatic_tax\":{\"enabled\":false,\"liability\":null,\"status\":null},\"billing_address_collection\":null,\"cancel_url\":\"https://api.mundotango.trangotechdevs.com/success\",\"client_reference_id\":null,\"client_secret\":null,\"collected_information\":{\"shipping_details\":null},\"consent\":null,\"consent_collection\":null,\"created\":1743080072,\"currency\":\"usd\",\"currency_conversion\":null,\"custom_fields\":[],\"custom_text\":{\"after_submit\":null,\"shipping_address\":null,\"submit\":null,\"terms_of_service_acceptance\":null},\"customer\":\"cus_S1eucDHltVY76G\",\"customer_creation\":\"always\",\"customer_details\":{\"address\":{\"city\":null,\"country\":\"PK\",\"line1\":null,\"line2\":null,\"postal_code\":null,\"state\":null},\"email\":\"test@yopmail.com\",\"name\":\"test\",\"phone\":null,\"tax_exempt\":\"none\",\"tax_ids\":[]},\"customer_email\":null,\"discounts\":[],\"expires_at\":1743166472,\"invoice\":\"in_1R7bb0PWgXkvbq8nzRTbAzlL\",\"invoice_creation\":null,\"livemode\":false,\"locale\":null,\"metadata\":{},\"mode\":\"subscription\",\"payment_intent\":null,\"payment_link\":null,\"payment_method_collection\":\"always\",\"payment_method_configuration_details\":null,\"payment_method_options\":{\"card\":{\"request_three_d_secure\":\"automatic\"}},\"payment_method_types\":[\"card\"],\"payment_status\":\"paid\",\"permissions\":null,\"phone_number_collection\":{\"enabled\":false},\"recovered_from\":null,\"saved_payment_method_options\":{\"allow_redisplay_filters\":[\"always\"],\"payment_method_remove\":null,\"payment_method_save\":null},\"setup_intent\":null,\"shipping_address_collection\":null,\"shipping_cost\":null,\"shipping_details\":null,\"shipping_options\":[],\"status\":\"complete\",\"submit_type\":null,\"subscription\":\"sub_1R7bb0PWgXkvbq8nlqLsWuO3\",\"success_url\":\"https://api.mundotango.trangotechdevs.com/\",\"total_details\":{\"amount_discount\":0,\"amount_shipping\":0,\"amount_tax\":0},\"ui_mode\":\"hosted\",\"url\":null}},\"livemode\":false,\"pending_webhooks\":1,\"request\":{\"id\":null,\"idempotency_key\":null},\"type\":\"checkout.session.completed\"}',NULL,'2025-03-28 12:01:14','2025-03-28 12:01:14'),(27,'{\"id\":\"evt_1R7bb4PWgXkvbq8nTTnUSF7P\",\"object\":\"event\",\"api_version\":\"2025-02-24.acacia\",\"created\":1743163271,\"data\":{\"object\":{\"id\":\"in_1R7bb0PWgXkvbq8nzRTbAzlL\",\"object\":\"invoice\",\"account_country\":\"US\",\"account_name\":\"Default sandbox\",\"account_tax_ids\":null,\"amount_due\":500,\"amount_overpaid\":0,\"amount_paid\":0,\"amount_remaining\":500,\"amount_shipping\":0,\"application\":null,\"application_fee_amount\":null,\"attempt_count\":0,\"attempted\":false,\"auto_advance\":false,\"automatic_tax\":{\"disabled_reason\":null,\"enabled\":false,\"liability\":null,\"status\":null},\"automatically_finalizes_at\":null,\"billing_reason\":\"subscription_create\",\"charge\":null,\"collection_method\":\"charge_automatically\",\"created\":1743163270,\"currency\":\"usd\",\"custom_fields\":null,\"customer\":\"cus_S1eucDHltVY76G\",\"customer_address\":{\"city\":null,\"country\":\"PK\",\"line1\":null,\"line2\":null,\"postal_code\":null,\"state\":null},\"customer_email\":\"test@yopmail.com\",\"customer_name\":\"test\",\"customer_phone\":null,\"customer_shipping\":null,\"customer_tax_exempt\":\"none\",\"customer_tax_ids\":[],\"default_payment_method\":null,\"default_source\":null,\"default_tax_rates\":[],\"description\":null,\"discount\":null,\"discounts\":[],\"due_date\":null,\"effective_at\":1743163270,\"ending_balance\":0,\"footer\":null,\"from_invoice\":null,\"hosted_invoice_url\":\"https://invoice.stripe.com/i/acct_1R6baSPWgXkvbq8n/test_YWNjdF8xUjZiYVNQV2dYa3ZicThuLF9TMWV1dTM3OVowMWgwRTE4TzhWQzIzWVF5QUx4WllOLDEzMzcwNDA3NA0200pBMtXFk3?s=ap\",\"invoice_pdf\":\"https://pay.stripe.com/invoice/acct_1R6baSPWgXkvbq8n/test_YWNjdF8xUjZiYVNQV2dYa3ZicThuLF9TMWV1dTM3OVowMWgwRTE4TzhWQzIzWVF5QUx4WllOLDEzMzcwNDA3NA0200pBMtXFk3/pdf?s=ap\",\"issuer\":{\"type\":\"self\"},\"last_finalization_error\":null,\"latest_revision\":null,\"lines\":{\"object\":\"list\",\"data\":[{\"id\":\"il_1R7bb0PWgXkvbq8nPMj8TJc6\",\"object\":\"line_item\",\"amount\":500,\"amount_excluding_tax\":500,\"currency\":\"usd\",\"description\":\"1 × Member (at $5.00 / month)\",\"discount_amounts\":[],\"discountable\":true,\"discounts\":[],\"invoice\":\"in_1R7bb0PWgXkvbq8nzRTbAzlL\",\"livemode\":false,\"metadata\":{},\"parent\":{\"invoice_item_details\":null,\"subscription_item_details\":{\"invoice_item\":null,\"proration\":false,\"proration_details\":{\"credited_items\":null},\"subscription\":\"sub_1R7bb0PWgXkvbq8nlqLsWuO3\",\"subscription_item\":\"si_S1euUpHveX5JXb\"},\"type\":\"subscription_item_details\"},\"period\":{\"end\":1745841670,\"start\":1743163270},\"plan\":{\"id\":\"price_1R6bdrPWgXkvbq8n1jYpsAnb\",\"object\":\"plan\",\"active\":true,\"aggregate_usage\":null,\"amount\":500,\"amount_decimal\":\"500\",\"billing_scheme\":\"per_unit\",\"created\":1742925119,\"currency\":\"usd\",\"interval\":\"month\",\"interval_count\":1,\"livemode\":false,\"metadata\":{},\"meter\":null,\"nickname\":null,\"product\":\"prod_S0ctvBPx23j7OE\",\"tiers_mode\":null,\"transform_usage\":null,\"trial_period_days\":null,\"usage_type\":\"licensed\"},\"pretax_credit_amounts\":[],\"price\":{\"id\":\"price_1R6bdrPWgXkvbq8n1jYpsAnb\",\"object\":\"price\",\"active\":true,\"billing_scheme\":\"per_unit\",\"created\":1742925119,\"currency\":\"usd\",\"custom_unit_amount\":null,\"livemode\":false,\"lookup_key\":null,\"metadata\":{},\"nickname\":null,\"product\":\"prod_S0ctvBPx23j7OE\",\"recurring\":{\"aggregate_usage\":null,\"interval\":\"month\",\"interval_count\":1,\"meter\":null,\"trial_period_days\":null,\"usage_type\":\"licensed\"},\"tax_behavior\":\"unspecified\",\"tiers_mode\":null,\"transform_quantity\":null,\"type\":\"recurring\",\"unit_amount\":500,\"unit_amount_decimal\":\"500\"},\"pricing\":{\"price_details\":{\"price\":\"price_1R6bdrPWgXkvbq8n1jYpsAnb\",\"product\":\"prod_S0ctvBPx23j7OE\"},\"type\":\"price_details\",\"unit_amount_decimal\":\"500\"},\"proration\":false,\"proration_details\":{\"credited_items\":null},\"quantity\":1,\"subscription\":\"sub_1R7bb0PWgXkvbq8nlqLsWuO3\",\"subscription_item\":\"si_S1euUpHveX5JXb\",\"tax_amounts\":[],\"tax_rates\":[],\"taxes\":[],\"type\":\"subscription\",\"unit_amount_excluding_tax\":\"500\"}],\"has_more\":false,\"total_count\":1,\"url\":\"/v1/invoices/in_1R7bb0PWgXkvbq8nzRTbAzlL/lines\"},\"livemode\":false,\"metadata\":{},\"next_payment_attempt\":null,\"number\":\"28D309E1-0001\",\"on_behalf_of\":null,\"paid\":false,\"paid_out_of_band\":false,\"parent\":{\"quote_details\":null,\"subscription_details\":{\"metadata\":{},\"subscription\":\"sub_1R7bb0PWgXkvbq8nlqLsWuO3\"},\"type\":\"subscription_details\"},\"payment_intent\":\"pi_3R7bb0PWgXkvbq8n2re8OoFp\",\"payment_settings\":{\"default_mandate\":null,\"payment_method_options\":{\"acss_debit\":null,\"bancontact\":null,\"card\":{\"request_three_d_secure\":\"automatic\"},\"customer_balance\":null,\"konbini\":null,\"sepa_debit\":null,\"us_bank_account\":null},\"payment_method_types\":null},\"period_end\":1743163270,\"period_start\":1743163270,\"post_payment_credit_notes_amount\":0,\"pre_payment_credit_notes_amount\":0,\"quote\":null,\"receipt_number\":null,\"rendering\":null,\"shipping_cost\":null,\"shipping_details\":null,\"starting_balance\":0,\"statement_descriptor\":null,\"status\":\"open\",\"status_transitions\":{\"finalized_at\":1743163270,\"marked_uncollectible_at\":null,\"paid_at\":null,\"voided_at\":null},\"subscription\":\"sub_1R7bb0PWgXkvbq8nlqLsWuO3\",\"subscription_details\":{\"metadata\":{}},\"subtotal\":500,\"subtotal_excluding_tax\":500,\"tax\":null,\"test_clock\":null,\"total\":500,\"total_discount_amounts\":[],\"total_excluding_tax\":500,\"total_pretax_credit_amounts\":[],\"total_tax_amounts\":[],\"total_taxes\":[],\"transfer_data\":null,\"webhooks_delivered_at\":null}},\"livemode\":false,\"pending_webhooks\":1,\"request\":{\"id\":null,\"idempotency_key\":\"0b0ca403-4dc8-4d68-8822-4203282b4c59\"},\"type\":\"invoice.finalized\"}',NULL,'2025-03-28 12:01:14','2025-03-28 12:01:14'),(28,'{\"id\":\"evt_1R7bb4PWgXkvbq8nTfEOrKMg\",\"object\":\"event\",\"api_version\":\"2025-02-24.acacia\",\"created\":1743163271,\"data\":{\"object\":{\"id\":\"in_1R7bb0PWgXkvbq8nzRTbAzlL\",\"object\":\"invoice\",\"account_country\":\"US\",\"account_name\":\"Default sandbox\",\"account_tax_ids\":null,\"amount_due\":500,\"amount_overpaid\":0,\"amount_paid\":0,\"amount_remaining\":500,\"amount_shipping\":0,\"application\":null,\"application_fee_amount\":null,\"attempt_count\":0,\"attempted\":false,\"auto_advance\":false,\"automatic_tax\":{\"disabled_reason\":null,\"enabled\":false,\"liability\":null,\"status\":null},\"automatically_finalizes_at\":null,\"billing_reason\":\"subscription_create\",\"charge\":null,\"collection_method\":\"charge_automatically\",\"created\":1743163270,\"currency\":\"usd\",\"custom_fields\":null,\"customer\":\"cus_S1eucDHltVY76G\",\"customer_address\":{\"city\":null,\"country\":\"PK\",\"line1\":null,\"line2\":null,\"postal_code\":null,\"state\":null},\"customer_email\":\"test@yopmail.com\",\"customer_name\":\"test\",\"customer_phone\":null,\"customer_shipping\":null,\"customer_tax_exempt\":\"none\",\"customer_tax_ids\":[],\"default_payment_method\":null,\"default_source\":null,\"default_tax_rates\":[],\"description\":null,\"discount\":null,\"discounts\":[],\"due_date\":null,\"effective_at\":1743163270,\"ending_balance\":0,\"footer\":null,\"from_invoice\":null,\"hosted_invoice_url\":\"https://invoice.stripe.com/i/acct_1R6baSPWgXkvbq8n/test_YWNjdF8xUjZiYVNQV2dYa3ZicThuLF9TMWV1dTM3OVowMWgwRTE4TzhWQzIzWVF5QUx4WllOLDEzMzcwNDA3NA0200pBMtXFk3?s=ap\",\"invoice_pdf\":\"https://pay.stripe.com/invoice/acct_1R6baSPWgXkvbq8n/test_YWNjdF8xUjZiYVNQV2dYa3ZicThuLF9TMWV1dTM3OVowMWgwRTE4TzhWQzIzWVF5QUx4WllOLDEzMzcwNDA3NA0200pBMtXFk3/pdf?s=ap\",\"issuer\":{\"type\":\"self\"},\"last_finalization_error\":null,\"latest_revision\":null,\"lines\":{\"object\":\"list\",\"data\":[{\"id\":\"il_1R7bb0PWgXkvbq8nPMj8TJc6\",\"object\":\"line_item\",\"amount\":500,\"amount_excluding_tax\":500,\"currency\":\"usd\",\"description\":\"1 × Member (at $5.00 / month)\",\"discount_amounts\":[],\"discountable\":true,\"discounts\":[],\"invoice\":\"in_1R7bb0PWgXkvbq8nzRTbAzlL\",\"livemode\":false,\"metadata\":{},\"parent\":{\"invoice_item_details\":null,\"subscription_item_details\":{\"invoice_item\":null,\"proration\":false,\"proration_details\":{\"credited_items\":null},\"subscription\":\"sub_1R7bb0PWgXkvbq8nlqLsWuO3\",\"subscription_item\":\"si_S1euUpHveX5JXb\"},\"type\":\"subscription_item_details\"},\"period\":{\"end\":1745841670,\"start\":1743163270},\"plan\":{\"id\":\"price_1R6bdrPWgXkvbq8n1jYpsAnb\",\"object\":\"plan\",\"active\":true,\"aggregate_usage\":null,\"amount\":500,\"amount_decimal\":\"500\",\"billing_scheme\":\"per_unit\",\"created\":1742925119,\"currency\":\"usd\",\"interval\":\"month\",\"interval_count\":1,\"livemode\":false,\"metadata\":{},\"meter\":null,\"nickname\":null,\"product\":\"prod_S0ctvBPx23j7OE\",\"tiers_mode\":null,\"transform_usage\":null,\"trial_period_days\":null,\"usage_type\":\"licensed\"},\"pretax_credit_amounts\":[],\"price\":{\"id\":\"price_1R6bdrPWgXkvbq8n1jYpsAnb\",\"object\":\"price\",\"active\":true,\"billing_scheme\":\"per_unit\",\"created\":1742925119,\"currency\":\"usd\",\"custom_unit_amount\":null,\"livemode\":false,\"lookup_key\":null,\"metadata\":{},\"nickname\":null,\"product\":\"prod_S0ctvBPx23j7OE\",\"recurring\":{\"aggregate_usage\":null,\"interval\":\"month\",\"interval_count\":1,\"meter\":null,\"trial_period_days\":null,\"usage_type\":\"licensed\"},\"tax_behavior\":\"unspecified\",\"tiers_mode\":null,\"transform_quantity\":null,\"type\":\"recurring\",\"unit_amount\":500,\"unit_amount_decimal\":\"500\"},\"pricing\":{\"price_details\":{\"price\":\"price_1R6bdrPWgXkvbq8n1jYpsAnb\",\"product\":\"prod_S0ctvBPx23j7OE\"},\"type\":\"price_details\",\"unit_amount_decimal\":\"500\"},\"proration\":false,\"proration_details\":{\"credited_items\":null},\"quantity\":1,\"subscription\":\"sub_1R7bb0PWgXkvbq8nlqLsWuO3\",\"subscription_item\":\"si_S1euUpHveX5JXb\",\"tax_amounts\":[],\"tax_rates\":[],\"taxes\":[],\"type\":\"subscription\",\"unit_amount_excluding_tax\":\"500\"}],\"has_more\":false,\"total_count\":1,\"url\":\"/v1/invoices/in_1R7bb0PWgXkvbq8nzRTbAzlL/lines\"},\"livemode\":false,\"metadata\":{},\"next_payment_attempt\":null,\"number\":\"28D309E1-0001\",\"on_behalf_of\":null,\"paid\":false,\"paid_out_of_band\":false,\"parent\":{\"quote_details\":null,\"subscription_details\":{\"metadata\":{},\"subscription\":\"sub_1R7bb0PWgXkvbq8nlqLsWuO3\"},\"type\":\"subscription_details\"},\"payment_intent\":\"pi_3R7bb0PWgXkvbq8n2re8OoFp\",\"payment_settings\":{\"default_mandate\":null,\"payment_method_options\":{\"acss_debit\":null,\"bancontact\":null,\"card\":{\"request_three_d_secure\":\"automatic\"},\"customer_balance\":null,\"konbini\":null,\"sepa_debit\":null,\"us_bank_account\":null},\"payment_method_types\":null},\"period_end\":1743163270,\"period_start\":1743163270,\"post_payment_credit_notes_amount\":0,\"pre_payment_credit_notes_amount\":0,\"quote\":null,\"receipt_number\":null,\"rendering\":null,\"shipping_cost\":null,\"shipping_details\":null,\"starting_balance\":0,\"statement_descriptor\":null,\"status\":\"open\",\"status_transitions\":{\"finalized_at\":1743163270,\"marked_uncollectible_at\":null,\"paid_at\":null,\"voided_at\":null},\"subscription\":\"sub_1R7bb0PWgXkvbq8nlqLsWuO3\",\"subscription_details\":{\"metadata\":{}},\"subtotal\":500,\"subtotal_excluding_tax\":500,\"tax\":null,\"test_clock\":null,\"total\":500,\"total_discount_amounts\":[],\"total_excluding_tax\":500,\"total_pretax_credit_amounts\":[],\"total_tax_amounts\":[],\"total_taxes\":[],\"transfer_data\":null,\"webhooks_delivered_at\":null}},\"livemode\":false,\"pending_webhooks\":1,\"request\":{\"id\":null,\"idempotency_key\":\"0b0ca403-4dc8-4d68-8822-4203282b4c59\"},\"type\":\"invoice.created\"}',NULL,'2025-03-28 12:01:14','2025-03-28 12:01:14'),(29,'{\"id\":\"evt_1R7bb4PWgXkvbq8nT8Qy3R2p\",\"object\":\"event\",\"api_version\":\"2025-02-24.acacia\",\"created\":1743163272,\"data\":{\"object\":{\"id\":\"in_1R7bb0PWgXkvbq8nzRTbAzlL\",\"object\":\"invoice\",\"account_country\":\"US\",\"account_name\":\"Default sandbox\",\"account_tax_ids\":null,\"amount_due\":500,\"amount_overpaid\":0,\"amount_paid\":500,\"amount_remaining\":0,\"amount_shipping\":0,\"application\":null,\"application_fee_amount\":null,\"attempt_count\":1,\"attempted\":true,\"auto_advance\":false,\"automatic_tax\":{\"disabled_reason\":null,\"enabled\":false,\"liability\":null,\"status\":null},\"automatically_finalizes_at\":null,\"billing_reason\":\"subscription_create\",\"charge\":\"ch_3R7bb0PWgXkvbq8n2ymK8aZf\",\"collection_method\":\"charge_automatically\",\"created\":1743163270,\"currency\":\"usd\",\"custom_fields\":null,\"customer\":\"cus_S1eucDHltVY76G\",\"customer_address\":{\"city\":null,\"country\":\"PK\",\"line1\":null,\"line2\":null,\"postal_code\":null,\"state\":null},\"customer_email\":\"test@yopmail.com\",\"customer_name\":\"test\",\"customer_phone\":null,\"customer_shipping\":null,\"customer_tax_exempt\":\"none\",\"customer_tax_ids\":[],\"default_payment_method\":null,\"default_source\":null,\"default_tax_rates\":[],\"description\":null,\"discount\":null,\"discounts\":[],\"due_date\":null,\"effective_at\":1743163270,\"ending_balance\":0,\"footer\":null,\"from_invoice\":null,\"hosted_invoice_url\":\"https://invoice.stripe.com/i/acct_1R6baSPWgXkvbq8n/test_YWNjdF8xUjZiYVNQV2dYa3ZicThuLF9TMWV1dTM3OVowMWgwRTE4TzhWQzIzWVF5QUx4WllOLDEzMzcwNDA3NA0200pBMtXFk3?s=ap\",\"invoice_pdf\":\"https://pay.stripe.com/invoice/acct_1R6baSPWgXkvbq8n/test_YWNjdF8xUjZiYVNQV2dYa3ZicThuLF9TMWV1dTM3OVowMWgwRTE4TzhWQzIzWVF5QUx4WllOLDEzMzcwNDA3NA0200pBMtXFk3/pdf?s=ap\",\"issuer\":{\"type\":\"self\"},\"last_finalization_error\":null,\"latest_revision\":null,\"lines\":{\"object\":\"list\",\"data\":[{\"id\":\"il_1R7bb0PWgXkvbq8nPMj8TJc6\",\"object\":\"line_item\",\"amount\":500,\"amount_excluding_tax\":500,\"currency\":\"usd\",\"description\":\"1 × Member (at $5.00 / month)\",\"discount_amounts\":[],\"discountable\":true,\"discounts\":[],\"invoice\":\"in_1R7bb0PWgXkvbq8nzRTbAzlL\",\"livemode\":false,\"metadata\":{},\"parent\":{\"invoice_item_details\":null,\"subscription_item_details\":{\"invoice_item\":null,\"proration\":false,\"proration_details\":{\"credited_items\":null},\"subscription\":\"sub_1R7bb0PWgXkvbq8nlqLsWuO3\",\"subscription_item\":\"si_S1euUpHveX5JXb\"},\"type\":\"subscription_item_details\"},\"period\":{\"end\":1745841670,\"start\":1743163270},\"plan\":{\"id\":\"price_1R6bdrPWgXkvbq8n1jYpsAnb\",\"object\":\"plan\",\"active\":true,\"aggregate_usage\":null,\"amount\":500,\"amount_decimal\":\"500\",\"billing_scheme\":\"per_unit\",\"created\":1742925119,\"currency\":\"usd\",\"interval\":\"month\",\"interval_count\":1,\"livemode\":false,\"metadata\":{},\"meter\":null,\"nickname\":null,\"product\":\"prod_S0ctvBPx23j7OE\",\"tiers_mode\":null,\"transform_usage\":null,\"trial_period_days\":null,\"usage_type\":\"licensed\"},\"pretax_credit_amounts\":[],\"price\":{\"id\":\"price_1R6bdrPWgXkvbq8n1jYpsAnb\",\"object\":\"price\",\"active\":true,\"billing_scheme\":\"per_unit\",\"created\":1742925119,\"currency\":\"usd\",\"custom_unit_amount\":null,\"livemode\":false,\"lookup_key\":null,\"metadata\":{},\"nickname\":null,\"product\":\"prod_S0ctvBPx23j7OE\",\"recurring\":{\"aggregate_usage\":null,\"interval\":\"month\",\"interval_count\":1,\"meter\":null,\"trial_period_days\":null,\"usage_type\":\"licensed\"},\"tax_behavior\":\"unspecified\",\"tiers_mode\":null,\"transform_quantity\":null,\"type\":\"recurring\",\"unit_amount\":500,\"unit_amount_decimal\":\"500\"},\"pricing\":{\"price_details\":{\"price\":\"price_1R6bdrPWgXkvbq8n1jYpsAnb\",\"product\":\"prod_S0ctvBPx23j7OE\"},\"type\":\"price_details\",\"unit_amount_decimal\":\"500\"},\"proration\":false,\"proration_details\":{\"credited_items\":null},\"quantity\":1,\"subscription\":\"sub_1R7bb0PWgXkvbq8nlqLsWuO3\",\"subscription_item\":\"si_S1euUpHveX5JXb\",\"tax_amounts\":[],\"tax_rates\":[],\"taxes\":[],\"type\":\"subscription\",\"unit_amount_excluding_tax\":\"500\"}],\"has_more\":false,\"total_count\":1,\"url\":\"/v1/invoices/in_1R7bb0PWgXkvbq8nzRTbAzlL/lines\"},\"livemode\":false,\"metadata\":{},\"next_payment_attempt\":null,\"number\":\"28D309E1-0001\",\"on_behalf_of\":null,\"paid\":true,\"paid_out_of_band\":false,\"parent\":{\"quote_details\":null,\"subscription_details\":{\"metadata\":{},\"subscription\":\"sub_1R7bb0PWgXkvbq8nlqLsWuO3\"},\"type\":\"subscription_details\"},\"payment_intent\":\"pi_3R7bb0PWgXkvbq8n2re8OoFp\",\"payment_settings\":{\"default_mandate\":null,\"payment_method_options\":{\"acss_debit\":null,\"bancontact\":null,\"card\":{\"request_three_d_secure\":\"automatic\"},\"customer_balance\":null,\"konbini\":null,\"sepa_debit\":null,\"us_bank_account\":null},\"payment_method_types\":null},\"period_end\":1743163270,\"period_start\":1743163270,\"post_payment_credit_notes_amount\":0,\"pre_payment_credit_notes_amount\":0,\"quote\":null,\"receipt_number\":null,\"rendering\":null,\"shipping_cost\":null,\"shipping_details\":null,\"starting_balance\":0,\"statement_descriptor\":null,\"status\":\"paid\",\"status_transitions\":{\"finalized_at\":1743163270,\"marked_uncollectible_at\":null,\"paid_at\":1743163272,\"voided_at\":null},\"subscription\":\"sub_1R7bb0PWgXkvbq8nlqLsWuO3\",\"subscription_details\":{\"metadata\":{}},\"subtotal\":500,\"subtotal_excluding_tax\":500,\"tax\":null,\"test_clock\":null,\"total\":500,\"total_discount_amounts\":[],\"total_excluding_tax\":500,\"total_pretax_credit_amounts\":[],\"total_tax_amounts\":[],\"total_taxes\":[],\"transfer_data\":null,\"webhooks_delivered_at\":null}},\"livemode\":false,\"pending_webhooks\":1,\"request\":{\"id\":null,\"idempotency_key\":\"0b0ca403-4dc8-4d68-8822-4203282b4c59\"},\"type\":\"invoice.payment_succeeded\"}',NULL,'2025-03-28 12:01:14','2025-03-28 12:01:14'),(30,'{\"id\":\"evt_1R7bb4PWgXkvbq8nT8Qy3R2p\",\"object\":\"event\",\"api_version\":\"2025-02-24.acacia\",\"created\":1743163272,\"data\":{\"object\":{\"id\":\"in_1R7bb0PWgXkvbq8nzRTbAzlL\",\"object\":\"invoice\",\"account_country\":\"US\",\"account_name\":\"Default sandbox\",\"account_tax_ids\":null,\"amount_due\":500,\"amount_overpaid\":0,\"amount_paid\":500,\"amount_remaining\":0,\"amount_shipping\":0,\"application\":null,\"application_fee_amount\":null,\"attempt_count\":1,\"attempted\":true,\"auto_advance\":false,\"automatic_tax\":{\"disabled_reason\":null,\"enabled\":false,\"liability\":null,\"status\":null},\"automatically_finalizes_at\":null,\"billing_reason\":\"subscription_create\",\"charge\":\"ch_3R7bb0PWgXkvbq8n2ymK8aZf\",\"collection_method\":\"charge_automatically\",\"created\":1743163270,\"currency\":\"usd\",\"custom_fields\":null,\"customer\":\"cus_S1eucDHltVY76G\",\"customer_address\":{\"city\":null,\"country\":\"PK\",\"line1\":null,\"line2\":null,\"postal_code\":null,\"state\":null},\"customer_email\":\"test@yopmail.com\",\"customer_name\":\"test\",\"customer_phone\":null,\"customer_shipping\":null,\"customer_tax_exempt\":\"none\",\"customer_tax_ids\":[],\"default_payment_method\":null,\"default_source\":null,\"default_tax_rates\":[],\"description\":null,\"discount\":null,\"discounts\":[],\"due_date\":null,\"effective_at\":1743163270,\"ending_balance\":0,\"footer\":null,\"from_invoice\":null,\"hosted_invoice_url\":\"https://invoice.stripe.com/i/acct_1R6baSPWgXkvbq8n/test_YWNjdF8xUjZiYVNQV2dYa3ZicThuLF9TMWV1dTM3OVowMWgwRTE4TzhWQzIzWVF5QUx4WllOLDEzMzcwNDA3NA0200pBMtXFk3?s=ap\",\"invoice_pdf\":\"https://pay.stripe.com/invoice/acct_1R6baSPWgXkvbq8n/test_YWNjdF8xUjZiYVNQV2dYa3ZicThuLF9TMWV1dTM3OVowMWgwRTE4TzhWQzIzWVF5QUx4WllOLDEzMzcwNDA3NA0200pBMtXFk3/pdf?s=ap\",\"issuer\":{\"type\":\"self\"},\"last_finalization_error\":null,\"latest_revision\":null,\"lines\":{\"object\":\"list\",\"data\":[{\"id\":\"il_1R7bb0PWgXkvbq8nPMj8TJc6\",\"object\":\"line_item\",\"amount\":500,\"amount_excluding_tax\":500,\"currency\":\"usd\",\"description\":\"1 × Member (at $5.00 / month)\",\"discount_amounts\":[],\"discountable\":true,\"discounts\":[],\"invoice\":\"in_1R7bb0PWgXkvbq8nzRTbAzlL\",\"livemode\":false,\"metadata\":{},\"parent\":{\"invoice_item_details\":null,\"subscription_item_details\":{\"invoice_item\":null,\"proration\":false,\"proration_details\":{\"credited_items\":null},\"subscription\":\"sub_1R7bb0PWgXkvbq8nlqLsWuO3\",\"subscription_item\":\"si_S1euUpHveX5JXb\"},\"type\":\"subscription_item_details\"},\"period\":{\"end\":1745841670,\"start\":1743163270},\"plan\":{\"id\":\"price_1R6bdrPWgXkvbq8n1jYpsAnb\",\"object\":\"plan\",\"active\":true,\"aggregate_usage\":null,\"amount\":500,\"amount_decimal\":\"500\",\"billing_scheme\":\"per_unit\",\"created\":1742925119,\"currency\":\"usd\",\"interval\":\"month\",\"interval_count\":1,\"livemode\":false,\"metadata\":{},\"meter\":null,\"nickname\":null,\"product\":\"prod_S0ctvBPx23j7OE\",\"tiers_mode\":null,\"transform_usage\":null,\"trial_period_days\":null,\"usage_type\":\"licensed\"},\"pretax_credit_amounts\":[],\"price\":{\"id\":\"price_1R6bdrPWgXkvbq8n1jYpsAnb\",\"object\":\"price\",\"active\":true,\"billing_scheme\":\"per_unit\",\"created\":1742925119,\"currency\":\"usd\",\"custom_unit_amount\":null,\"livemode\":false,\"lookup_key\":null,\"metadata\":{},\"nickname\":null,\"product\":\"prod_S0ctvBPx23j7OE\",\"recurring\":{\"aggregate_usage\":null,\"interval\":\"month\",\"interval_count\":1,\"meter\":null,\"trial_period_days\":null,\"usage_type\":\"licensed\"},\"tax_behavior\":\"unspecified\",\"tiers_mode\":null,\"transform_quantity\":null,\"type\":\"recurring\",\"unit_amount\":500,\"unit_amount_decimal\":\"500\"},\"pricing\":{\"price_details\":{\"price\":\"price_1R6bdrPWgXkvbq8n1jYpsAnb\",\"product\":\"prod_S0ctvBPx23j7OE\"},\"type\":\"price_details\",\"unit_amount_decimal\":\"500\"},\"proration\":false,\"proration_details\":{\"credited_items\":null},\"quantity\":1,\"subscription\":\"sub_1R7bb0PWgXkvbq8nlqLsWuO3\",\"subscription_item\":\"si_S1euUpHveX5JXb\",\"tax_amounts\":[],\"tax_rates\":[],\"taxes\":[],\"type\":\"subscription\",\"unit_amount_excluding_tax\":\"500\"}],\"has_more\":false,\"total_count\":1,\"url\":\"/v1/invoices/in_1R7bb0PWgXkvbq8nzRTbAzlL/lines\"},\"livemode\":false,\"metadata\":{},\"next_payment_attempt\":null,\"number\":\"28D309E1-0001\",\"on_behalf_of\":null,\"paid\":true,\"paid_out_of_band\":false,\"parent\":{\"quote_details\":null,\"subscription_details\":{\"metadata\":{},\"subscription\":\"sub_1R7bb0PWgXkvbq8nlqLsWuO3\"},\"type\":\"subscription_details\"},\"payment_intent\":\"pi_3R7bb0PWgXkvbq8n2re8OoFp\",\"payment_settings\":{\"default_mandate\":null,\"payment_method_options\":{\"acss_debit\":null,\"bancontact\":null,\"card\":{\"request_three_d_secure\":\"automatic\"},\"customer_balance\":null,\"konbini\":null,\"sepa_debit\":null,\"us_bank_account\":null},\"payment_method_types\":null},\"period_end\":1743163270,\"period_start\":1743163270,\"post_payment_credit_notes_amount\":0,\"pre_payment_credit_notes_amount\":0,\"quote\":null,\"receipt_number\":null,\"rendering\":null,\"shipping_cost\":null,\"shipping_details\":null,\"starting_balance\":0,\"statement_descriptor\":null,\"status\":\"paid\",\"status_transitions\":{\"finalized_at\":1743163270,\"marked_uncollectible_at\":null,\"paid_at\":1743163272,\"voided_at\":null},\"subscription\":\"sub_1R7bb0PWgXkvbq8nlqLsWuO3\",\"subscription_details\":{\"metadata\":{}},\"subtotal\":500,\"subtotal_excluding_tax\":500,\"tax\":null,\"test_clock\":null,\"total\":500,\"total_discount_amounts\":[],\"total_excluding_tax\":500,\"total_pretax_credit_amounts\":[],\"total_tax_amounts\":[],\"total_taxes\":[],\"transfer_data\":null,\"webhooks_delivered_at\":null}},\"livemode\":false,\"pending_webhooks\":1,\"request\":{\"id\":null,\"idempotency_key\":\"0b0ca403-4dc8-4d68-8822-4203282b4c59\"},\"type\":\"invoice.payment_succeeded\"}',NULL,'2025-03-28 12:01:29','2025-03-28 12:01:29'),(31,'{\"id\":\"evt_1R7bb4PWgXkvbq8nT8Qy3R2p\",\"object\":\"event\",\"api_version\":\"2025-02-24.acacia\",\"created\":1743163272,\"data\":{\"object\":{\"id\":\"in_1R7bb0PWgXkvbq8nzRTbAzlL\",\"object\":\"invoice\",\"account_country\":\"US\",\"account_name\":\"Default sandbox\",\"account_tax_ids\":null,\"amount_due\":500,\"amount_overpaid\":0,\"amount_paid\":500,\"amount_remaining\":0,\"amount_shipping\":0,\"application\":null,\"application_fee_amount\":null,\"attempt_count\":1,\"attempted\":true,\"auto_advance\":false,\"automatic_tax\":{\"disabled_reason\":null,\"enabled\":false,\"liability\":null,\"status\":null},\"automatically_finalizes_at\":null,\"billing_reason\":\"subscription_create\",\"charge\":\"ch_3R7bb0PWgXkvbq8n2ymK8aZf\",\"collection_method\":\"charge_automatically\",\"created\":1743163270,\"currency\":\"usd\",\"custom_fields\":null,\"customer\":\"cus_S1eucDHltVY76G\",\"customer_address\":{\"city\":null,\"country\":\"PK\",\"line1\":null,\"line2\":null,\"postal_code\":null,\"state\":null},\"customer_email\":\"test@yopmail.com\",\"customer_name\":\"test\",\"customer_phone\":null,\"customer_shipping\":null,\"customer_tax_exempt\":\"none\",\"customer_tax_ids\":[],\"default_payment_method\":null,\"default_source\":null,\"default_tax_rates\":[],\"description\":null,\"discount\":null,\"discounts\":[],\"due_date\":null,\"effective_at\":1743163270,\"ending_balance\":0,\"footer\":null,\"from_invoice\":null,\"hosted_invoice_url\":\"https://invoice.stripe.com/i/acct_1R6baSPWgXkvbq8n/test_YWNjdF8xUjZiYVNQV2dYa3ZicThuLF9TMWV1dTM3OVowMWgwRTE4TzhWQzIzWVF5QUx4WllOLDEzMzcwNDA3NA0200pBMtXFk3?s=ap\",\"invoice_pdf\":\"https://pay.stripe.com/invoice/acct_1R6baSPWgXkvbq8n/test_YWNjdF8xUjZiYVNQV2dYa3ZicThuLF9TMWV1dTM3OVowMWgwRTE4TzhWQzIzWVF5QUx4WllOLDEzMzcwNDA3NA0200pBMtXFk3/pdf?s=ap\",\"issuer\":{\"type\":\"self\"},\"last_finalization_error\":null,\"latest_revision\":null,\"lines\":{\"object\":\"list\",\"data\":[{\"id\":\"il_1R7bb0PWgXkvbq8nPMj8TJc6\",\"object\":\"line_item\",\"amount\":500,\"amount_excluding_tax\":500,\"currency\":\"usd\",\"description\":\"1 × Member (at $5.00 / month)\",\"discount_amounts\":[],\"discountable\":true,\"discounts\":[],\"invoice\":\"in_1R7bb0PWgXkvbq8nzRTbAzlL\",\"livemode\":false,\"metadata\":{},\"parent\":{\"invoice_item_details\":null,\"subscription_item_details\":{\"invoice_item\":null,\"proration\":false,\"proration_details\":{\"credited_items\":null},\"subscription\":\"sub_1R7bb0PWgXkvbq8nlqLsWuO3\",\"subscription_item\":\"si_S1euUpHveX5JXb\"},\"type\":\"subscription_item_details\"},\"period\":{\"end\":1745841670,\"start\":1743163270},\"plan\":{\"id\":\"price_1R6bdrPWgXkvbq8n1jYpsAnb\",\"object\":\"plan\",\"active\":true,\"aggregate_usage\":null,\"amount\":500,\"amount_decimal\":\"500\",\"billing_scheme\":\"per_unit\",\"created\":1742925119,\"currency\":\"usd\",\"interval\":\"month\",\"interval_count\":1,\"livemode\":false,\"metadata\":{},\"meter\":null,\"nickname\":null,\"product\":\"prod_S0ctvBPx23j7OE\",\"tiers_mode\":null,\"transform_usage\":null,\"trial_period_days\":null,\"usage_type\":\"licensed\"},\"pretax_credit_amounts\":[],\"price\":{\"id\":\"price_1R6bdrPWgXkvbq8n1jYpsAnb\",\"object\":\"price\",\"active\":true,\"billing_scheme\":\"per_unit\",\"created\":1742925119,\"currency\":\"usd\",\"custom_unit_amount\":null,\"livemode\":false,\"lookup_key\":null,\"metadata\":{},\"nickname\":null,\"product\":\"prod_S0ctvBPx23j7OE\",\"recurring\":{\"aggregate_usage\":null,\"interval\":\"month\",\"interval_count\":1,\"meter\":null,\"trial_period_days\":null,\"usage_type\":\"licensed\"},\"tax_behavior\":\"unspecified\",\"tiers_mode\":null,\"transform_quantity\":null,\"type\":\"recurring\",\"unit_amount\":500,\"unit_amount_decimal\":\"500\"},\"pricing\":{\"price_details\":{\"price\":\"price_1R6bdrPWgXkvbq8n1jYpsAnb\",\"product\":\"prod_S0ctvBPx23j7OE\"},\"type\":\"price_details\",\"unit_amount_decimal\":\"500\"},\"proration\":false,\"proration_details\":{\"credited_items\":null},\"quantity\":1,\"subscription\":\"sub_1R7bb0PWgXkvbq8nlqLsWuO3\",\"subscription_item\":\"si_S1euUpHveX5JXb\",\"tax_amounts\":[],\"tax_rates\":[],\"taxes\":[],\"type\":\"subscription\",\"unit_amount_excluding_tax\":\"500\"}],\"has_more\":false,\"total_count\":1,\"url\":\"/v1/invoices/in_1R7bb0PWgXkvbq8nzRTbAzlL/lines\"},\"livemode\":false,\"metadata\":{},\"next_payment_attempt\":null,\"number\":\"28D309E1-0001\",\"on_behalf_of\":null,\"paid\":true,\"paid_out_of_band\":false,\"parent\":{\"quote_details\":null,\"subscription_details\":{\"metadata\":{},\"subscription\":\"sub_1R7bb0PWgXkvbq8nlqLsWuO3\"},\"type\":\"subscription_details\"},\"payment_intent\":\"pi_3R7bb0PWgXkvbq8n2re8OoFp\",\"payment_settings\":{\"default_mandate\":null,\"payment_method_options\":{\"acss_debit\":null,\"bancontact\":null,\"card\":{\"request_three_d_secure\":\"automatic\"},\"customer_balance\":null,\"konbini\":null,\"sepa_debit\":null,\"us_bank_account\":null},\"payment_method_types\":null},\"period_end\":1743163270,\"period_start\":1743163270,\"post_payment_credit_notes_amount\":0,\"pre_payment_credit_notes_amount\":0,\"quote\":null,\"receipt_number\":null,\"rendering\":null,\"shipping_cost\":null,\"shipping_details\":null,\"starting_balance\":0,\"statement_descriptor\":null,\"status\":\"paid\",\"status_transitions\":{\"finalized_at\":1743163270,\"marked_uncollectible_at\":null,\"paid_at\":1743163272,\"voided_at\":null},\"subscription\":\"sub_1R7bb0PWgXkvbq8nlqLsWuO3\",\"subscription_details\":{\"metadata\":{}},\"subtotal\":500,\"subtotal_excluding_tax\":500,\"tax\":null,\"test_clock\":null,\"total\":500,\"total_discount_amounts\":[],\"total_excluding_tax\":500,\"total_pretax_credit_amounts\":[],\"total_tax_amounts\":[],\"total_taxes\":[],\"transfer_data\":null,\"webhooks_delivered_at\":null}},\"livemode\":false,\"pending_webhooks\":1,\"request\":{\"id\":null,\"idempotency_key\":\"0b0ca403-4dc8-4d68-8822-4203282b4c59\"},\"type\":\"invoice.payment_succeeded\"}',NULL,'2025-03-28 13:00:34','2025-03-28 13:00:34');

/*!40101 SET SQL_MODE=@OLD_SQL_MODE */;
/*!40014 SET FOREIGN_KEY_CHECKS=@OLD_FOREIGN_KEY_CHECKS */;
/*!40014 SET UNIQUE_CHECKS=@OLD_UNIQUE_CHECKS */;
/*!40111 SET SQL_NOTES=@OLD_SQL_NOTES */;
